Fitter report for CEL_PROJECT
Tue Feb 25 09:18:10 2025
Quartus Prime Version 21.1.0 Build 842 10/21/2021 SJ Lite Edition


---------------------
; Table of Contents ;
---------------------
  1. Legal Notice
  2. Fitter Summary
  3. Fitter Settings
  4. Parallel Compilation
  5. Incremental Compilation Preservation Summary
  6. Incremental Compilation Partition Settings
  7. Incremental Compilation Placement Preservation
  8. Pin-Out File
  9. Fitter Resource Usage Summary
 10. Fitter Partition Statistics
 11. Input Pins
 12. Output Pins
 13. Bidir Pins
 14. Dual Purpose and Dedicated Pins
 15. I/O Bank Usage
 16. All Package Pins
 17. I/O Assignment Warnings
 18. Fitter Resource Utilization by Entity
 19. Delay Chain Summary
 20. Pad To Core Delay Chain Fanout
 21. Control Signals
 22. Non-Global High Fan-Out Signals
 23. Routing Usage Summary
 24. LAB Logic Elements
 25. LAB-wide Signals
 26. LAB Signals Sourced
 27. LAB Signals Sourced Out
 28. LAB Distinct Inputs
 29. I/O Rules Summary
 30. I/O Rules Details
 31. I/O Rules Matrix
 32. Fitter Device Options
 33. Operating Settings and Conditions
 34. Fitter Messages
 35. Fitter Suppressed Messages



----------------
; Legal Notice ;
----------------
Copyright (C) 2021  Intel Corporation. All rights reserved.
Your use of Intel Corporation's design tools, logic functions 
and other software and tools, and any partner logic 
functions, and any output files from any of the foregoing 
(including device programming or simulation files), and any 
associated documentation or information are expressly subject 
to the terms and conditions of the Intel Program License 
Subscription Agreement, the Intel Quartus Prime License Agreement,
the Intel FPGA IP License Agreement, or other applicable license
agreement, including, without limitation, that your use is for
the sole purpose of programming logic devices manufactured by
Intel and sold by Intel or its authorized distributors.  Please
refer to the applicable agreement for further details, at
https://fpgasoftware.intel.com/eula.



+----------------------------------------------------------------------------------+
; Fitter Summary                                                                   ;
+------------------------------------+---------------------------------------------+
; Fitter Status                      ; Successful - Tue Feb 25 09:18:10 2025       ;
; Quartus Prime Version              ; 21.1.0 Build 842 10/21/2021 SJ Lite Edition ;
; Revision Name                      ; CEL_PROJECT                                 ;
; Top-level Entity Name              ; CEL_PROJECT                                 ;
; Family                             ; MAX 10                                      ;
; Device                             ; 10M50DAF484C7G                              ;
; Timing Models                      ; Final                                       ;
; Total logic elements               ; 7,284 / 49,760 ( 15 % )                     ;
;     Total combinational functions  ; 5,295 / 49,760 ( 11 % )                     ;
;     Dedicated logic registers      ; 5,152 / 49,760 ( 10 % )                     ;
; Total registers                    ; 5152                                        ;
; Total pins                         ; 109 / 360 ( 30 % )                          ;
; Total virtual pins                 ; 0                                           ;
; Total memory bits                  ; 0 / 1,677,312 ( 0 % )                       ;
; Embedded Multiplier 9-bit elements ; 0 / 288 ( 0 % )                             ;
; Total PLLs                         ; 0 / 4 ( 0 % )                               ;
; UFM blocks                         ; 0 / 1 ( 0 % )                               ;
; ADC blocks                         ; 0 / 2 ( 0 % )                               ;
+------------------------------------+---------------------------------------------+


+----------------------------------------------------------------------------------------------------------------------------------------------------+
; Fitter Settings                                                                                                                                    ;
+--------------------------------------------------------------------+---------------------------------------+---------------------------------------+
; Option                                                             ; Setting                               ; Default Value                         ;
+--------------------------------------------------------------------+---------------------------------------+---------------------------------------+
; Device                                                             ; 10M50DAF484C7G                        ;                                       ;
; Minimum Core Junction Temperature                                  ; 0                                     ;                                       ;
; Maximum Core Junction Temperature                                  ; 85                                    ;                                       ;
; Fit Attempts to Skip                                               ; 0                                     ; 0.0                                   ;
; Use smart compilation                                              ; Off                                   ; Off                                   ;
; Enable parallel Assembler and Timing Analyzer during compilation   ; On                                    ; On                                    ;
; Enable compact report table                                        ; Off                                   ; Off                                   ;
; Auto Merge PLLs                                                    ; On                                    ; On                                    ;
; Router Timing Optimization Level                                   ; Normal                                ; Normal                                ;
; Perform Clocking Topology Analysis During Routing                  ; Off                                   ; Off                                   ;
; Placement Effort Multiplier                                        ; 1.0                                   ; 1.0                                   ;
; Router Effort Multiplier                                           ; 1.0                                   ; 1.0                                   ;
; Optimize Hold Timing                                               ; All Paths                             ; All Paths                             ;
; Optimize Multi-Corner Timing                                       ; On                                    ; On                                    ;
; Power Optimization During Fitting                                  ; Normal compilation                    ; Normal compilation                    ;
; SSN Optimization                                                   ; Off                                   ; Off                                   ;
; Optimize Timing                                                    ; Normal compilation                    ; Normal compilation                    ;
; Optimize Timing for ECOs                                           ; Off                                   ; Off                                   ;
; Regenerate Full Fit Report During ECO Compiles                     ; Off                                   ; Off                                   ;
; Optimize IOC Register Placement for Timing                         ; Normal                                ; Normal                                ;
; Final Placement Optimizations                                      ; Automatically                         ; Automatically                         ;
; Fitter Initial Placement Seed                                      ; 1                                     ; 1                                     ;
; Periphery to Core Placement and Routing Optimization               ; Off                                   ; Off                                   ;
; PCI I/O                                                            ; Off                                   ; Off                                   ;
; Weak Pull-Up Resistor                                              ; Off                                   ; Off                                   ;
; Enable Bus-Hold Circuitry                                          ; Off                                   ; Off                                   ;
; Auto Packed Registers                                              ; Auto                                  ; Auto                                  ;
; Auto Delay Chains                                                  ; On                                    ; On                                    ;
; Auto Delay Chains for High Fanout Input Pins                       ; Off                                   ; Off                                   ;
; Allow Single-ended Buffer for Differential-XSTL Input              ; Off                                   ; Off                                   ;
; Treat Bidirectional Pin as Output Pin                              ; Off                                   ; Off                                   ;
; Perform Physical Synthesis for Combinational Logic for Fitting     ; Off                                   ; Off                                   ;
; Perform Physical Synthesis for Combinational Logic for Performance ; Off                                   ; Off                                   ;
; Perform Register Duplication for Performance                       ; Off                                   ; Off                                   ;
; Perform Logic to Memory Mapping for Fitting                        ; Off                                   ; Off                                   ;
; Perform Register Retiming for Performance                          ; Off                                   ; Off                                   ;
; Perform Asynchronous Signal Pipelining                             ; Off                                   ; Off                                   ;
; Fitter Effort                                                      ; Auto Fit                              ; Auto Fit                              ;
; Physical Synthesis Effort Level                                    ; Normal                                ; Normal                                ;
; Logic Cell Insertion - Logic Duplication                           ; Auto                                  ; Auto                                  ;
; Auto Register Duplication                                          ; Auto                                  ; Auto                                  ;
; Auto Global Clock                                                  ; On                                    ; On                                    ;
; Auto Global Register Control Signals                               ; On                                    ; On                                    ;
; Reserve all unused pins                                            ; As input tri-stated with weak pull-up ; As input tri-stated with weak pull-up ;
; Synchronizer Identification                                        ; Auto                                  ; Auto                                  ;
; Enable Beneficial Skew Optimization                                ; On                                    ; On                                    ;
; Optimize Design for Metastability                                  ; On                                    ; On                                    ;
; Force Fitter to Avoid Periphery Placement Warnings                 ; Off                                   ; Off                                   ;
; Enable input tri-state on active configuration pins in user mode   ; Off                                   ; Off                                   ;
+--------------------------------------------------------------------+---------------------------------------+---------------------------------------+


+------------------------------------------+
; Parallel Compilation                     ;
+----------------------------+-------------+
; Processors                 ; Number      ;
+----------------------------+-------------+
; Number detected on machine ; 12          ;
; Maximum allowed            ; 6           ;
;                            ;             ;
; Average used               ; 1.75        ;
; Maximum used               ; 6           ;
;                            ;             ;
; Usage by Processor         ; % Time Used ;
;     Processor 1            ; 100.0%      ;
;     Processor 2            ;  15.1%      ;
;     Processor 3            ;  15.1%      ;
;     Processor 4            ;  15.0%      ;
;     Processor 5            ;  15.0%      ;
;     Processor 6            ;  15.0%      ;
+----------------------------+-------------+


+----------------------------------------------------------------------------------------------------+
; Incremental Compilation Preservation Summary                                                       ;
+---------------------+----------------------+----------------------------+--------------------------+
; Type                ; Total [A + B]        ; From Design Partitions [A] ; From Rapid Recompile [B] ;
+---------------------+----------------------+----------------------------+--------------------------+
; Placement (by node) ;                      ;                            ;                          ;
;     -- Requested    ; 0.00 % ( 0 / 10720 ) ; 0.00 % ( 0 / 10720 )       ; 0.00 % ( 0 / 10720 )     ;
;     -- Achieved     ; 0.00 % ( 0 / 10720 ) ; 0.00 % ( 0 / 10720 )       ; 0.00 % ( 0 / 10720 )     ;
;                     ;                      ;                            ;                          ;
; Routing (by net)    ;                      ;                            ;                          ;
;     -- Requested    ; 0.00 % ( 0 / 0 )     ; 0.00 % ( 0 / 0 )           ; 0.00 % ( 0 / 0 )         ;
;     -- Achieved     ; 0.00 % ( 0 / 0 )     ; 0.00 % ( 0 / 0 )           ; 0.00 % ( 0 / 0 )         ;
+---------------------+----------------------+----------------------------+--------------------------+


+----------------------------------------------------------------------------------------------------------------------------------------------------------------------------------------+
; Incremental Compilation Partition Settings                                                                                                                                             ;
+--------------------------------+----------------+-------------------+-------------------------+------------------------+------------------------------+--------------------------------+
; Partition Name                 ; Partition Type ; Netlist Type Used ; Preservation Level Used ; Netlist Type Requested ; Preservation Level Requested ; Contents                       ;
+--------------------------------+----------------+-------------------+-------------------------+------------------------+------------------------------+--------------------------------+
; Top                            ; User-created   ; Source File       ; N/A                     ; Source File            ; N/A                          ;                                ;
; hard_block:auto_generated_inst ; Auto-generated ; Source File       ; N/A                     ; Source File            ; N/A                          ; hard_block:auto_generated_inst ;
+--------------------------------+----------------+-------------------+-------------------------+------------------------+------------------------------+--------------------------------+


+------------------------------------------------------------------------------------------------------------------------------------+
; Incremental Compilation Placement Preservation                                                                                     ;
+--------------------------------+-----------------------+-------------------------+-------------------+---------------------+-------+
; Partition Name                 ; Preservation Achieved ; Preservation Level Used ; Netlist Type Used ; Preservation Method ; Notes ;
+--------------------------------+-----------------------+-------------------------+-------------------+---------------------+-------+
; Top                            ; 0.00 % ( 0 / 10704 )  ; N/A                     ; Source File       ; N/A                 ;       ;
; hard_block:auto_generated_inst ; 0.00 % ( 0 / 16 )     ; N/A                     ; Source File       ; N/A                 ;       ;
+--------------------------------+-----------------------+-------------------------+-------------------+---------------------+-------+


+--------------+
; Pin-Out File ;
+--------------+
The pin-out file can be found in C:/Users/onur/Desktop/CE_Lab2/CEL_PROJECT/CEL_PROJECT.pin.


+-----------------------------------------------------------------------+
; Fitter Resource Usage Summary                                         ;
+---------------------------------------------+-------------------------+
; Resource                                    ; Usage                   ;
+---------------------------------------------+-------------------------+
; Total logic elements                        ; 7,284 / 49,760 ( 15 % ) ;
;     -- Combinational with no register       ; 2132                    ;
;     -- Register only                        ; 1989                    ;
;     -- Combinational with a register        ; 3163                    ;
;                                             ;                         ;
; Logic element usage by number of LUT inputs ;                         ;
;     -- 4 input functions                    ; 4516                    ;
;     -- 3 input functions                    ; 244                     ;
;     -- <=2 input functions                  ; 535                     ;
;     -- Register only                        ; 1989                    ;
;                                             ;                         ;
; Logic elements by mode                      ;                         ;
;     -- normal mode                          ; 5203                    ;
;     -- arithmetic mode                      ; 92                      ;
;                                             ;                         ;
; Total registers*                            ; 5,152 / 51,509 ( 10 % ) ;
;     -- Dedicated logic registers            ; 5,152 / 49,760 ( 10 % ) ;
;     -- I/O registers                        ; 0 / 1,749 ( 0 % )       ;
;                                             ;                         ;
; Total LABs:  partially or completely used   ; 611 / 3,110 ( 20 % )    ;
; Virtual pins                                ; 0                       ;
; I/O pins                                    ; 109 / 360 ( 30 % )      ;
;     -- Clock pins                           ; 4 / 8 ( 50 % )          ;
;     -- Dedicated input pins                 ; 1 / 1 ( 100 % )         ;
;                                             ;                         ;
; M9Ks                                        ; 0 / 182 ( 0 % )         ;
; UFM blocks                                  ; 0 / 1 ( 0 % )           ;
; ADC blocks                                  ; 0 / 2 ( 0 % )           ;
; Total block memory bits                     ; 0 / 1,677,312 ( 0 % )   ;
; Total block memory implementation bits      ; 0 / 1,677,312 ( 0 % )   ;
; Embedded Multiplier 9-bit elements          ; 0 / 288 ( 0 % )         ;
; PLLs                                        ; 0 / 4 ( 0 % )           ;
; Global signals                              ; 0                       ;
;     -- Global clocks                        ; 0 / 20 ( 0 % )          ;
; JTAGs                                       ; 0 / 1 ( 0 % )           ;
; CRC blocks                                  ; 0 / 1 ( 0 % )           ;
; Remote update blocks                        ; 0 / 1 ( 0 % )           ;
; Oscillator blocks                           ; 0 / 1 ( 0 % )           ;
; Impedance control blocks                    ; 0 / 1 ( 0 % )           ;
; Average interconnect usage (total/H/V)      ; 7.1% / 6.7% / 7.7%      ;
; Peak interconnect usage (total/H/V)         ; 46.7% / 42.9% / 52.1%   ;
; Maximum fan-out                             ; 5152                    ;
; Highest non-global fan-out                  ; 5152                    ;
; Total fan-out                               ; 35640                   ;
; Average fan-out                             ; 3.15                    ;
+---------------------------------------------+-------------------------+
*  Register count does not include registers inside RAM blocks or DSP blocks.



+------------------------------------------------------------------------------------------------------+
; Fitter Partition Statistics                                                                          ;
+---------------------------------------------+-----------------------+--------------------------------+
; Statistic                                   ; Top                   ; hard_block:auto_generated_inst ;
+---------------------------------------------+-----------------------+--------------------------------+
; Difficulty Clustering Region                ; Low                   ; Low                            ;
;                                             ;                       ;                                ;
; Total logic elements                        ; 7284 / 49760 ( 15 % ) ; 0 / 49760 ( 0 % )              ;
;     -- Combinational with no register       ; 2132                  ; 0                              ;
;     -- Register only                        ; 1989                  ; 0                              ;
;     -- Combinational with a register        ; 3163                  ; 0                              ;
;                                             ;                       ;                                ;
; Logic element usage by number of LUT inputs ;                       ;                                ;
;     -- 4 input functions                    ; 4516                  ; 0                              ;
;     -- 3 input functions                    ; 244                   ; 0                              ;
;     -- <=2 input functions                  ; 535                   ; 0                              ;
;     -- Register only                        ; 1989                  ; 0                              ;
;                                             ;                       ;                                ;
; Logic elements by mode                      ;                       ;                                ;
;     -- normal mode                          ; 5203                  ; 0                              ;
;     -- arithmetic mode                      ; 92                    ; 0                              ;
;                                             ;                       ;                                ;
; Total registers                             ; 5152                  ; 0                              ;
;     -- Dedicated logic registers            ; 5152 / 49760 ( 10 % ) ; 0 / 49760 ( 0 % )              ;
;     -- I/O registers                        ; 0                     ; 0                              ;
;                                             ;                       ;                                ;
; Total LABs:  partially or completely used   ; 611 / 3110 ( 20 % )   ; 0 / 3110 ( 0 % )               ;
;                                             ;                       ;                                ;
; Virtual pins                                ; 0                     ; 0                              ;
; I/O pins                                    ; 109                   ; 0                              ;
; Embedded Multiplier 9-bit elements          ; 0 / 288 ( 0 % )       ; 0 / 288 ( 0 % )                ;
; Total memory bits                           ; 0                     ; 0                              ;
; Total RAM block bits                        ; 0                     ; 0                              ;
; User Flash Memory                           ; 1 / 1 ( 100 % )       ; 0 / 1 ( 0 % )                  ;
; Analog-to-Digital Converter                 ; 2 / 2 ( 100 % )       ; 0 / 2 ( 0 % )                  ;
;                                             ;                       ;                                ;
; Connections                                 ;                       ;                                ;
;     -- Input Connections                    ; 36                    ; 0                              ;
;     -- Registered Input Connections         ; 0                     ; 0                              ;
;     -- Output Connections                   ; 36                    ; 0                              ;
;     -- Registered Output Connections        ; 0                     ; 0                              ;
;                                             ;                       ;                                ;
; Internal Connections                        ;                       ;                                ;
;     -- Total Connections                    ; 35646                 ; 8                              ;
;     -- Registered Connections               ; 6327                  ; 0                              ;
;                                             ;                       ;                                ;
; External Connections                        ;                       ;                                ;
;     -- Top                                  ; 72                    ; 0                              ;
;     -- hard_block:auto_generated_inst       ; 0                     ; 0                              ;
;                                             ;                       ;                                ;
; Partition Interface                         ;                       ;                                ;
;     -- Input Ports                          ; 15                    ; 0                              ;
;     -- Output Ports                         ; 58                    ; 0                              ;
;     -- Bidir Ports                          ; 36                    ; 0                              ;
;                                             ;                       ;                                ;
; Registered Ports                            ;                       ;                                ;
;     -- Registered Input Ports               ; 0                     ; 0                              ;
;     -- Registered Output Ports              ; 0                     ; 0                              ;
;                                             ;                       ;                                ;
; Port Connectivity                           ;                       ;                                ;
;     -- Input Ports driven by GND            ; 0                     ; 0                              ;
;     -- Output Ports driven by GND           ; 0                     ; 0                              ;
;     -- Input Ports driven by VCC            ; 0                     ; 0                              ;
;     -- Output Ports driven by VCC           ; 0                     ; 0                              ;
;     -- Input Ports with no Source           ; 0                     ; 0                              ;
;     -- Output Ports with no Source          ; 0                     ; 0                              ;
;     -- Input Ports with no Fanout           ; 0                     ; 0                              ;
;     -- Output Ports with no Fanout          ; 0                     ; 0                              ;
+---------------------------------------------+-----------------------+--------------------------------+


+---------------------------------------------------------------------------------------------------------------------------------------------------------------------------------------------------------------------------------------------------------------------------------------------------------+
; Input Pins                                                                                                                                                                                                                                                                                              ;
+---------------+-------+----------+--------------+--------------+--------------+-----------------------+--------------------+--------+----------------+---------------+-----------------+----------+--------------+-----------------------+---------------------------+----------------------+-----------+
; Name          ; Pin # ; I/O Bank ; X coordinate ; Y coordinate ; Z coordinate ; Combinational Fan-Out ; Registered Fan-Out ; Global ; Input Register ; Power Up High ; PCI I/O Enabled ; Bus Hold ; Weak Pull Up ; I/O Standard          ; Termination Control Block ; Location assigned by ; Slew Rate ;
+---------------+-------+----------+--------------+--------------+--------------+-----------------------+--------------------+--------+----------------+---------------+-----------------+----------+--------------+-----------------------+---------------------------+----------------------+-----------+
; ADC_CLK_10    ; N5    ; 2        ; 0            ; 23           ; 21           ; 0                     ; 0                  ; no     ; no             ; no            ; yes             ; no       ; Off          ; 3.3-V LVTTL           ; --                        ; User                 ; 0         ;
; KEY[0]        ; B8    ; 7        ; 46           ; 54           ; 28           ; 32                    ; 0                  ; no     ; no             ; no            ; yes             ; no       ; Off          ; 3.3 V Schmitt Trigger ; --                        ; User                 ; 0         ;
; KEY[1]        ; A7    ; 7        ; 49           ; 54           ; 28           ; 5152                  ; 0                  ; no     ; no             ; no            ; yes             ; no       ; Off          ; 3.3 V Schmitt Trigger ; --                        ; User                 ; 0         ;
; MAX10_CLK1_50 ; P11   ; 3        ; 34           ; 0            ; 28           ; 0                     ; 0                  ; no     ; no             ; no            ; yes             ; no       ; Off          ; 3.3-V LVTTL           ; --                        ; User                 ; 0         ;
; MAX10_CLK2_50 ; N14   ; 6        ; 78           ; 29           ; 21           ; 0                     ; 0                  ; no     ; no             ; no            ; yes             ; no       ; Off          ; 3.3-V LVTTL           ; --                        ; User                 ; 0         ;
; SW[0]         ; C10   ; 7        ; 51           ; 54           ; 28           ; 0                     ; 0                  ; no     ; no             ; no            ; yes             ; no       ; Off          ; 3.3-V LVTTL           ; --                        ; User                 ; 0         ;
; SW[1]         ; C11   ; 7        ; 51           ; 54           ; 21           ; 0                     ; 0                  ; no     ; no             ; no            ; yes             ; no       ; Off          ; 3.3-V LVTTL           ; --                        ; User                 ; 0         ;
; SW[2]         ; D12   ; 7        ; 51           ; 54           ; 0            ; 109                   ; 0                  ; no     ; no             ; no            ; yes             ; no       ; Off          ; 3.3-V LVTTL           ; --                        ; User                 ; 0         ;
; SW[3]         ; C12   ; 7        ; 54           ; 54           ; 28           ; 110                   ; 0                  ; no     ; no             ; no            ; yes             ; no       ; Off          ; 3.3-V LVTTL           ; --                        ; User                 ; 0         ;
; SW[4]         ; A12   ; 7        ; 54           ; 54           ; 21           ; 105                   ; 0                  ; no     ; no             ; no            ; yes             ; no       ; Off          ; 3.3-V LVTTL           ; --                        ; User                 ; 0         ;
; SW[5]         ; B12   ; 7        ; 49           ; 54           ; 0            ; 105                   ; 0                  ; no     ; no             ; no            ; yes             ; no       ; Off          ; 3.3-V LVTTL           ; --                        ; User                 ; 0         ;
; SW[6]         ; A13   ; 7        ; 54           ; 54           ; 14           ; 100                   ; 0                  ; no     ; no             ; no            ; yes             ; no       ; Off          ; 3.3-V LVTTL           ; --                        ; User                 ; 0         ;
; SW[7]         ; A14   ; 7        ; 58           ; 54           ; 28           ; 101                   ; 0                  ; no     ; no             ; no            ; yes             ; no       ; Off          ; 3.3-V LVTTL           ; --                        ; User                 ; 0         ;
; SW[8]         ; B14   ; 7        ; 56           ; 54           ; 0            ; 0                     ; 0                  ; no     ; no             ; no            ; yes             ; no       ; Off          ; 3.3-V LVTTL           ; --                        ; User                 ; 0         ;
; SW[9]         ; F15   ; 7        ; 69           ; 54           ; 0            ; 10                    ; 0                  ; no     ; no             ; no            ; yes             ; no       ; Off          ; 3.3-V LVTTL           ; --                        ; User                 ; 0         ;
+---------------+-------+----------+--------------+--------------+--------------+-----------------------+--------------------+--------+----------------+---------------+-----------------+----------+--------------+-----------------------+---------------------------+----------------------+-----------+


+------------------------------------------------------------------------------------------------------------------------------------------------------------------------------------------------------------------------------------------------------------------------------------------------------------------------------------------------------------------------------------------------------------------------------------+
; Output Pins                                                                                                                                                                                                                                                                                                                                                                                                                        ;
+---------+-------+----------+--------------+--------------+--------------+-----------------+------------------------+---------------+-----------+-----------------+------------+---------------+----------+--------------+--------------+------------------+-------------+---------------------------+----------------------------+-----------------------------+----------------------+----------------------+---------------------+
; Name    ; Pin # ; I/O Bank ; X coordinate ; Y coordinate ; Z coordinate ; Output Register ; Output Enable Register ; Power Up High ; Slew Rate ; PCI I/O Enabled ; Open Drain ; TRI Primitive ; Bus Hold ; Weak Pull Up ; I/O Standard ; Current Strength ; Termination ; Termination Control Block ; Output Buffer Pre-emphasis ; Voltage Output Differential ; Location assigned by ; Output Enable Source ; Output Enable Group ;
+---------+-------+----------+--------------+--------------+--------------+-----------------+------------------------+---------------+-----------+-----------------+------------+---------------+----------+--------------+--------------+------------------+-------------+---------------------------+----------------------------+-----------------------------+----------------------+----------------------+---------------------+
; HEX0[0] ; C14   ; 7        ; 58           ; 54           ; 14           ; no              ; no                     ; no            ; 2         ; no              ; no         ; no            ; no       ; Off          ; 3.3-V LVTTL  ; 8mA              ; Off         ; --                        ; no                         ; no                          ; User                 ; -                    ; -                   ;
; HEX0[1] ; E15   ; 7        ; 74           ; 54           ; 7            ; no              ; no                     ; no            ; 2         ; no              ; no         ; no            ; no       ; Off          ; 3.3-V LVTTL  ; 8mA              ; Off         ; --                        ; no                         ; no                          ; User                 ; -                    ; -                   ;
; HEX0[2] ; C15   ; 7        ; 60           ; 54           ; 0            ; no              ; no                     ; no            ; 2         ; no              ; no         ; no            ; no       ; Off          ; 3.3-V LVTTL  ; 8mA              ; Off         ; --                        ; no                         ; no                          ; User                 ; -                    ; -                   ;
; HEX0[3] ; C16   ; 7        ; 62           ; 54           ; 28           ; no              ; no                     ; no            ; 2         ; no              ; no         ; no            ; no       ; Off          ; 3.3-V LVTTL  ; 8mA              ; Off         ; --                        ; no                         ; no                          ; User                 ; -                    ; -                   ;
; HEX0[4] ; E16   ; 7        ; 74           ; 54           ; 0            ; no              ; no                     ; no            ; 2         ; no              ; no         ; no            ; no       ; Off          ; 3.3-V LVTTL  ; 8mA              ; Off         ; --                        ; no                         ; no                          ; User                 ; -                    ; -                   ;
; HEX0[5] ; D17   ; 7        ; 74           ; 54           ; 14           ; no              ; no                     ; no            ; 2         ; no              ; no         ; no            ; no       ; Off          ; 3.3-V LVTTL  ; 8mA              ; Off         ; --                        ; no                         ; no                          ; User                 ; -                    ; -                   ;
; HEX0[6] ; C17   ; 7        ; 74           ; 54           ; 21           ; no              ; no                     ; no            ; 2         ; no              ; no         ; no            ; no       ; Off          ; 3.3-V LVTTL  ; 8mA              ; Off         ; --                        ; no                         ; no                          ; User                 ; -                    ; -                   ;
; HEX0[7] ; D15   ; 7        ; 66           ; 54           ; 14           ; no              ; no                     ; no            ; 2         ; no              ; no         ; no            ; no       ; Off          ; 3.3-V LVTTL  ; 8mA              ; Off         ; --                        ; no                         ; no                          ; User                 ; -                    ; -                   ;
; HEX1[0] ; C18   ; 7        ; 69           ; 54           ; 21           ; no              ; no                     ; no            ; 2         ; no              ; no         ; no            ; no       ; Off          ; 3.3-V LVTTL  ; 8mA              ; Off         ; --                        ; no                         ; no                          ; User                 ; -                    ; -                   ;
; HEX1[1] ; D18   ; 6        ; 78           ; 49           ; 7            ; no              ; no                     ; no            ; 2         ; no              ; no         ; no            ; no       ; Off          ; 3.3-V LVTTL  ; 8mA              ; Off         ; --                        ; no                         ; no                          ; User                 ; -                    ; -                   ;
; HEX1[2] ; E18   ; 6        ; 78           ; 49           ; 0            ; no              ; no                     ; no            ; 2         ; no              ; no         ; no            ; no       ; Off          ; 3.3-V LVTTL  ; 8mA              ; Off         ; --                        ; no                         ; no                          ; User                 ; -                    ; -                   ;
; HEX1[3] ; B16   ; 7        ; 60           ; 54           ; 7            ; no              ; no                     ; no            ; 2         ; no              ; no         ; no            ; no       ; Off          ; 3.3-V LVTTL  ; 8mA              ; Off         ; --                        ; no                         ; no                          ; User                 ; -                    ; -                   ;
; HEX1[4] ; A17   ; 7        ; 64           ; 54           ; 0            ; no              ; no                     ; no            ; 2         ; no              ; no         ; no            ; no       ; Off          ; 3.3-V LVTTL  ; 8mA              ; Off         ; --                        ; no                         ; no                          ; User                 ; -                    ; -                   ;
; HEX1[5] ; A18   ; 7        ; 66           ; 54           ; 28           ; no              ; no                     ; no            ; 2         ; no              ; no         ; no            ; no       ; Off          ; 3.3-V LVTTL  ; 8mA              ; Off         ; --                        ; no                         ; no                          ; User                 ; -                    ; -                   ;
; HEX1[6] ; B17   ; 7        ; 69           ; 54           ; 28           ; no              ; no                     ; no            ; 2         ; no              ; no         ; no            ; no       ; Off          ; 3.3-V LVTTL  ; 8mA              ; Off         ; --                        ; no                         ; no                          ; User                 ; -                    ; -                   ;
; HEX1[7] ; A16   ; 7        ; 60           ; 54           ; 14           ; no              ; no                     ; no            ; 2         ; no              ; no         ; no            ; no       ; Off          ; 3.3-V LVTTL  ; 8mA              ; Off         ; --                        ; no                         ; no                          ; User                 ; -                    ; -                   ;
; HEX2[0] ; B20   ; 6        ; 78           ; 44           ; 7            ; no              ; no                     ; no            ; 2         ; no              ; no         ; no            ; no       ; Off          ; 3.3-V LVTTL  ; 8mA              ; Off         ; --                        ; no                         ; no                          ; User                 ; -                    ; -                   ;
; HEX2[1] ; A20   ; 7        ; 66           ; 54           ; 0            ; no              ; no                     ; no            ; 2         ; no              ; no         ; no            ; no       ; Off          ; 3.3-V LVTTL  ; 8mA              ; Off         ; --                        ; no                         ; no                          ; User                 ; -                    ; -                   ;
; HEX2[2] ; B19   ; 7        ; 69           ; 54           ; 14           ; no              ; no                     ; no            ; 2         ; no              ; no         ; no            ; no       ; Off          ; 3.3-V LVTTL  ; 8mA              ; Off         ; --                        ; no                         ; no                          ; User                 ; -                    ; -                   ;
; HEX2[3] ; A21   ; 6        ; 78           ; 44           ; 0            ; no              ; no                     ; no            ; 2         ; no              ; no         ; no            ; no       ; Off          ; 3.3-V LVTTL  ; 8mA              ; Off         ; --                        ; no                         ; no                          ; User                 ; -                    ; -                   ;
; HEX2[4] ; B21   ; 6        ; 78           ; 43           ; 0            ; no              ; no                     ; no            ; 2         ; no              ; no         ; no            ; no       ; Off          ; 3.3-V LVTTL  ; 8mA              ; Off         ; --                        ; no                         ; no                          ; User                 ; -                    ; -                   ;
; HEX2[5] ; C22   ; 6        ; 78           ; 35           ; 0            ; no              ; no                     ; no            ; 2         ; no              ; no         ; no            ; no       ; Off          ; 3.3-V LVTTL  ; 8mA              ; Off         ; --                        ; no                         ; no                          ; User                 ; -                    ; -                   ;
; HEX2[6] ; B22   ; 6        ; 78           ; 43           ; 7            ; no              ; no                     ; no            ; 2         ; no              ; no         ; no            ; no       ; Off          ; 3.3-V LVTTL  ; 8mA              ; Off         ; --                        ; no                         ; no                          ; User                 ; -                    ; -                   ;
; HEX2[7] ; A19   ; 7        ; 66           ; 54           ; 7            ; no              ; no                     ; no            ; 2         ; no              ; no         ; no            ; no       ; Off          ; 3.3-V LVTTL  ; 8mA              ; Off         ; --                        ; no                         ; no                          ; User                 ; -                    ; -                   ;
; HEX3[0] ; F21   ; 6        ; 78           ; 35           ; 21           ; no              ; no                     ; no            ; 2         ; no              ; no         ; no            ; no       ; Off          ; 3.3-V LVTTL  ; 8mA              ; Off         ; --                        ; no                         ; no                          ; User                 ; -                    ; -                   ;
; HEX3[1] ; E22   ; 6        ; 78           ; 33           ; 7            ; no              ; no                     ; no            ; 2         ; no              ; no         ; no            ; no       ; Off          ; 3.3-V LVTTL  ; 8mA              ; Off         ; --                        ; no                         ; no                          ; User                 ; -                    ; -                   ;
; HEX3[2] ; E21   ; 6        ; 78           ; 33           ; 0            ; no              ; no                     ; no            ; 2         ; no              ; no         ; no            ; no       ; Off          ; 3.3-V LVTTL  ; 8mA              ; Off         ; --                        ; no                         ; no                          ; User                 ; -                    ; -                   ;
; HEX3[3] ; C19   ; 7        ; 69           ; 54           ; 7            ; no              ; no                     ; no            ; 2         ; no              ; no         ; no            ; no       ; Off          ; 3.3-V LVTTL  ; 8mA              ; Off         ; --                        ; no                         ; no                          ; User                 ; -                    ; -                   ;
; HEX3[4] ; C20   ; 6        ; 78           ; 41           ; 7            ; no              ; no                     ; no            ; 2         ; no              ; no         ; no            ; no       ; Off          ; 3.3-V LVTTL  ; 8mA              ; Off         ; --                        ; no                         ; no                          ; User                 ; -                    ; -                   ;
; HEX3[5] ; D19   ; 6        ; 78           ; 41           ; 0            ; no              ; no                     ; no            ; 2         ; no              ; no         ; no            ; no       ; Off          ; 3.3-V LVTTL  ; 8mA              ; Off         ; --                        ; no                         ; no                          ; User                 ; -                    ; -                   ;
; HEX3[6] ; E17   ; 6        ; 78           ; 43           ; 14           ; no              ; no                     ; no            ; 2         ; no              ; no         ; no            ; no       ; Off          ; 3.3-V LVTTL  ; 8mA              ; Off         ; --                        ; no                         ; no                          ; User                 ; -                    ; -                   ;
; HEX3[7] ; D22   ; 6        ; 78           ; 35           ; 7            ; no              ; no                     ; no            ; 2         ; no              ; no         ; no            ; no       ; Off          ; 3.3-V LVTTL  ; 8mA              ; Off         ; --                        ; no                         ; no                          ; User                 ; -                    ; -                   ;
; HEX4[0] ; F18   ; 6        ; 78           ; 40           ; 14           ; no              ; no                     ; no            ; 2         ; no              ; no         ; no            ; no       ; Off          ; 3.3-V LVTTL  ; 8mA              ; Off         ; --                        ; no                         ; no                          ; User                 ; -                    ; -                   ;
; HEX4[1] ; E20   ; 6        ; 78           ; 40           ; 0            ; no              ; no                     ; no            ; 2         ; no              ; no         ; no            ; no       ; Off          ; 3.3-V LVTTL  ; 8mA              ; Off         ; --                        ; no                         ; no                          ; User                 ; -                    ; -                   ;
; HEX4[2] ; E19   ; 6        ; 78           ; 40           ; 21           ; no              ; no                     ; no            ; 2         ; no              ; no         ; no            ; no       ; Off          ; 3.3-V LVTTL  ; 8mA              ; Off         ; --                        ; no                         ; no                          ; User                 ; -                    ; -                   ;
; HEX4[3] ; J18   ; 6        ; 78           ; 42           ; 14           ; no              ; no                     ; no            ; 2         ; no              ; no         ; no            ; no       ; Off          ; 3.3-V LVTTL  ; 8mA              ; Off         ; --                        ; no                         ; no                          ; User                 ; -                    ; -                   ;
; HEX4[4] ; H19   ; 6        ; 78           ; 45           ; 21           ; no              ; no                     ; no            ; 2         ; no              ; no         ; no            ; no       ; Off          ; 3.3-V LVTTL  ; 8mA              ; Off         ; --                        ; no                         ; no                          ; User                 ; -                    ; -                   ;
; HEX4[5] ; F19   ; 6        ; 78           ; 40           ; 7            ; no              ; no                     ; no            ; 2         ; no              ; no         ; no            ; no       ; Off          ; 3.3-V LVTTL  ; 8mA              ; Off         ; --                        ; no                         ; no                          ; User                 ; -                    ; -                   ;
; HEX4[6] ; F20   ; 6        ; 78           ; 35           ; 14           ; no              ; no                     ; no            ; 2         ; no              ; no         ; no            ; no       ; Off          ; 3.3-V LVTTL  ; 8mA              ; Off         ; --                        ; no                         ; no                          ; User                 ; -                    ; -                   ;
; HEX4[7] ; F17   ; 6        ; 78           ; 43           ; 21           ; no              ; no                     ; no            ; 2         ; no              ; no         ; no            ; no       ; Off          ; 3.3-V LVTTL  ; 8mA              ; Off         ; --                        ; no                         ; no                          ; User                 ; -                    ; -                   ;
; HEX5[0] ; J20   ; 6        ; 78           ; 45           ; 7            ; no              ; no                     ; no            ; 2         ; no              ; no         ; no            ; no       ; Off          ; 3.3-V LVTTL  ; 8mA              ; Off         ; --                        ; no                         ; no                          ; User                 ; -                    ; -                   ;
; HEX5[1] ; K20   ; 6        ; 78           ; 42           ; 0            ; no              ; no                     ; no            ; 2         ; no              ; no         ; no            ; no       ; Off          ; 3.3-V LVTTL  ; 8mA              ; Off         ; --                        ; no                         ; no                          ; User                 ; -                    ; -                   ;
; HEX5[2] ; L18   ; 6        ; 78           ; 37           ; 14           ; no              ; no                     ; no            ; 2         ; no              ; no         ; no            ; no       ; Off          ; 3.3-V LVTTL  ; 8mA              ; Off         ; --                        ; no                         ; no                          ; User                 ; -                    ; -                   ;
; HEX5[3] ; N18   ; 6        ; 78           ; 34           ; 22           ; no              ; no                     ; no            ; 2         ; no              ; no         ; no            ; no       ; Off          ; 3.3-V LVTTL  ; 8mA              ; Off         ; --                        ; no                         ; no                          ; User                 ; -                    ; -                   ;
; HEX5[4] ; M20   ; 6        ; 78           ; 34           ; 7            ; no              ; no                     ; no            ; 2         ; no              ; no         ; no            ; no       ; Off          ; 3.3-V LVTTL  ; 8mA              ; Off         ; --                        ; no                         ; no                          ; User                 ; -                    ; -                   ;
; HEX5[5] ; N19   ; 6        ; 78           ; 34           ; 14           ; no              ; no                     ; no            ; 2         ; no              ; no         ; no            ; no       ; Off          ; 3.3-V LVTTL  ; 8mA              ; Off         ; --                        ; no                         ; no                          ; User                 ; -                    ; -                   ;
; HEX5[6] ; N20   ; 6        ; 78           ; 34           ; 0            ; no              ; no                     ; no            ; 2         ; no              ; no         ; no            ; no       ; Off          ; 3.3-V LVTTL  ; 8mA              ; Off         ; --                        ; no                         ; no                          ; User                 ; -                    ; -                   ;
; HEX5[7] ; L19   ; 6        ; 78           ; 37           ; 7            ; no              ; no                     ; no            ; 2         ; no              ; no         ; no            ; no       ; Off          ; 3.3-V LVTTL  ; 8mA              ; Off         ; --                        ; no                         ; no                          ; User                 ; -                    ; -                   ;
; LEDR[0] ; A8    ; 7        ; 46           ; 54           ; 0            ; no              ; no                     ; no            ; 2         ; no              ; no         ; no            ; no       ; Off          ; 3.3-V LVTTL  ; 8mA              ; Off         ; --                        ; no                         ; no                          ; User                 ; -                    ; -                   ;
; LEDR[1] ; A9    ; 7        ; 46           ; 54           ; 21           ; no              ; no                     ; no            ; 2         ; no              ; no         ; no            ; no       ; Off          ; 3.3-V LVTTL  ; 8mA              ; Off         ; --                        ; no                         ; no                          ; User                 ; -                    ; -                   ;
; LEDR[2] ; A10   ; 7        ; 51           ; 54           ; 14           ; no              ; no                     ; no            ; 2         ; no              ; no         ; no            ; no       ; Off          ; 3.3-V LVTTL  ; 8mA              ; Off         ; --                        ; no                         ; no                          ; User                 ; -                    ; -                   ;
; LEDR[3] ; B10   ; 7        ; 46           ; 54           ; 7            ; no              ; no                     ; no            ; 2         ; no              ; no         ; no            ; no       ; Off          ; 3.3-V LVTTL  ; 8mA              ; Off         ; --                        ; no                         ; no                          ; User                 ; -                    ; -                   ;
; LEDR[4] ; D13   ; 7        ; 56           ; 54           ; 28           ; no              ; no                     ; no            ; 2         ; no              ; no         ; no            ; no       ; Off          ; 3.3-V LVTTL  ; 8mA              ; Off         ; --                        ; no                         ; no                          ; User                 ; -                    ; -                   ;
; LEDR[5] ; C13   ; 7        ; 58           ; 54           ; 21           ; no              ; no                     ; no            ; 2         ; no              ; no         ; no            ; no       ; Off          ; 3.3-V LVTTL  ; 8mA              ; Off         ; --                        ; no                         ; no                          ; User                 ; -                    ; -                   ;
; LEDR[6] ; E14   ; 7        ; 66           ; 54           ; 21           ; no              ; no                     ; no            ; 2         ; no              ; no         ; no            ; no       ; Off          ; 3.3-V LVTTL  ; 8mA              ; Off         ; --                        ; no                         ; no                          ; User                 ; -                    ; -                   ;
; LEDR[7] ; D14   ; 7        ; 56           ; 54           ; 7            ; no              ; no                     ; no            ; 2         ; no              ; no         ; no            ; no       ; Off          ; 3.3-V LVTTL  ; 8mA              ; Off         ; --                        ; no                         ; no                          ; User                 ; -                    ; -                   ;
; LEDR[8] ; A11   ; 7        ; 51           ; 54           ; 7            ; no              ; no                     ; no            ; 2         ; no              ; no         ; no            ; no       ; Off          ; 3.3-V LVTTL  ; 8mA              ; Off         ; --                        ; no                         ; no                          ; User                 ; -                    ; -                   ;
; LEDR[9] ; B11   ; 7        ; 49           ; 54           ; 7            ; no              ; no                     ; no            ; 2         ; no              ; no         ; no            ; no       ; Off          ; 3.3-V LVTTL  ; 8mA              ; Off         ; --                        ; no                         ; no                          ; User                 ; -                    ; -                   ;
+---------+-------+----------+--------------+--------------+--------------+-----------------+------------------------+---------------+-----------+-----------------+------------+---------------+----------+--------------+--------------+------------------+-------------+---------------------------+----------------------------+-----------------------------+----------------------+----------------------+---------------------+


+---------------------------------------------------------------------------------------------------------------------------------------------------------------------------------------------------------------------------------------------------------------------------------------------------------------------------------------------------------------------------------------------------------------------------------------------------------------------+
; Bidir Pins                                                                                                                                                                                                                                                                                                                                                                                                                                                          ;
+----------+-------+----------+--------------+--------------+--------------+-----------------------+--------------------+--------+----------------+-----------------+------------------------+---------------+-----------+-----------------+------------+----------+--------------+--------------+------------------+--------------------+---------------------------+----------------------------+----------------------+----------------------+---------------------+
; Name     ; Pin # ; I/O Bank ; X coordinate ; Y coordinate ; Z coordinate ; Combinational Fan-Out ; Registered Fan-Out ; Global ; Input Register ; Output Register ; Output Enable Register ; Power Up High ; Slew Rate ; PCI I/O Enabled ; Open Drain ; Bus Hold ; Weak Pull Up ; I/O Standard ; Current Strength ; Output Termination ; Termination Control Block ; Output Buffer Pre-emphasis ; Location assigned by ; Output Enable Source ; Output Enable Group ;
+----------+-------+----------+--------------+--------------+--------------+-----------------------+--------------------+--------+----------------+-----------------+------------------------+---------------+-----------+-----------------+------------+----------+--------------+--------------+------------------+--------------------+---------------------------+----------------------------+----------------------+----------------------+---------------------+
; GPIO[0]  ; V10   ; 3        ; 31           ; 0            ; 21           ; 0                     ; 0                  ; no     ; no             ; no              ; no                     ; no            ; 2         ; yes             ; yes        ; no       ; Off          ; 3.3-V LVTTL  ; 8mA              ; Off                ; --                        ; no                         ; User                 ; 0 pF                 ; -                   ;
; GPIO[10] ; W5    ; 3        ; 14           ; 0            ; 0            ; 0                     ; 0                  ; no     ; no             ; no              ; no                     ; no            ; 2         ; yes             ; yes        ; no       ; Off          ; 3.3-V LVTTL  ; 8mA              ; Off                ; --                        ; no                         ; User                 ; 0 pF                 ; -                   ;
; GPIO[11] ; AA15  ; 4        ; 54           ; 0            ; 28           ; 0                     ; 0                  ; no     ; no             ; no              ; no                     ; no            ; 2         ; yes             ; yes        ; no       ; Off          ; 3.3-V LVTTL  ; 8mA              ; Off                ; --                        ; no                         ; User                 ; 0 pF                 ; -                   ;
; GPIO[12] ; AA14  ; 4        ; 51           ; 0            ; 21           ; 0                     ; 0                  ; no     ; no             ; no              ; no                     ; no            ; 2         ; yes             ; yes        ; no       ; Off          ; 3.3-V LVTTL  ; 8mA              ; Off                ; --                        ; no                         ; User                 ; 0 pF                 ; -                   ;
; GPIO[13] ; W13   ; 4        ; 46           ; 0            ; 0            ; 0                     ; 0                  ; no     ; no             ; no              ; no                     ; no            ; 2         ; yes             ; yes        ; no       ; Off          ; 3.3-V LVTTL  ; 8mA              ; Off                ; --                        ; no                         ; User                 ; 0 pF                 ; -                   ;
; GPIO[14] ; W12   ; 4        ; 46           ; 0            ; 7            ; 0                     ; 0                  ; no     ; no             ; no              ; no                     ; no            ; 2         ; yes             ; yes        ; no       ; Off          ; 3.3-V LVTTL  ; 8mA              ; Off                ; --                        ; no                         ; User                 ; 0 pF                 ; -                   ;
; GPIO[15] ; AB13  ; 4        ; 40           ; 0            ; 14           ; 0                     ; 0                  ; no     ; no             ; no              ; no                     ; no            ; 2         ; yes             ; yes        ; no       ; Off          ; 3.3-V LVTTL  ; 8mA              ; Off                ; --                        ; no                         ; User                 ; 0 pF                 ; -                   ;
; GPIO[16] ; AB12  ; 4        ; 40           ; 0            ; 21           ; 0                     ; 0                  ; no     ; no             ; no              ; no                     ; no            ; 2         ; yes             ; yes        ; no       ; Off          ; 3.3-V LVTTL  ; 8mA              ; Off                ; --                        ; no                         ; User                 ; 0 pF                 ; -                   ;
; GPIO[17] ; Y11   ; 4        ; 36           ; 0            ; 0            ; 0                     ; 0                  ; no     ; no             ; no              ; no                     ; no            ; 2         ; yes             ; yes        ; no       ; Off          ; 3.3-V LVTTL  ; 8mA              ; Off                ; --                        ; no                         ; User                 ; 0 pF                 ; -                   ;
; GPIO[18] ; AB11  ; 4        ; 38           ; 0            ; 7            ; 0                     ; 0                  ; no     ; no             ; no              ; no                     ; no            ; 2         ; yes             ; yes        ; no       ; Off          ; 3.3-V LVTTL  ; 8mA              ; Off                ; --                        ; no                         ; User                 ; 0 pF                 ; -                   ;
; GPIO[19] ; W11   ; 4        ; 36           ; 0            ; 7            ; 0                     ; 0                  ; no     ; no             ; no              ; no                     ; no            ; 2         ; yes             ; yes        ; no       ; Off          ; 3.3-V LVTTL  ; 8mA              ; Off                ; --                        ; no                         ; User                 ; 0 pF                 ; -                   ;
; GPIO[1]  ; W10   ; 3        ; 24           ; 0            ; 28           ; 0                     ; 0                  ; no     ; no             ; no              ; no                     ; no            ; 2         ; yes             ; yes        ; no       ; Off          ; 3.3-V LVTTL  ; 8mA              ; Off                ; --                        ; no                         ; User                 ; 0 pF                 ; -                   ;
; GPIO[20] ; AB10  ; 4        ; 38           ; 0            ; 14           ; 0                     ; 0                  ; no     ; no             ; no              ; no                     ; no            ; 2         ; yes             ; yes        ; no       ; Off          ; 3.3-V LVTTL  ; 8mA              ; Off                ; --                        ; no                         ; User                 ; 0 pF                 ; -                   ;
; GPIO[21] ; AA10  ; 3        ; 34           ; 0            ; 0            ; 0                     ; 0                  ; no     ; no             ; no              ; no                     ; no            ; 2         ; yes             ; yes        ; no       ; Off          ; 3.3-V LVTTL  ; 8mA              ; Off                ; --                        ; no                         ; User                 ; 0 pF                 ; -                   ;
; GPIO[22] ; AA9   ; 3        ; 34           ; 0            ; 21           ; 0                     ; 0                  ; no     ; no             ; no              ; no                     ; no            ; 2         ; yes             ; yes        ; no       ; Off          ; 3.3-V LVTTL  ; 8mA              ; Off                ; --                        ; no                         ; User                 ; 0 pF                 ; -                   ;
; GPIO[23] ; Y8    ; 3        ; 20           ; 0            ; 0            ; 0                     ; 0                  ; no     ; no             ; no              ; no                     ; no            ; 2         ; yes             ; yes        ; no       ; Off          ; 3.3-V LVTTL  ; 8mA              ; Off                ; --                        ; no                         ; User                 ; 0 pF                 ; -                   ;
; GPIO[24] ; AA8   ; 3        ; 31           ; 0            ; 14           ; 0                     ; 0                  ; no     ; no             ; no              ; no                     ; no            ; 2         ; yes             ; yes        ; no       ; Off          ; 3.3-V LVTTL  ; 8mA              ; Off                ; --                        ; no                         ; User                 ; 0 pF                 ; -                   ;
; GPIO[25] ; Y7    ; 3        ; 20           ; 0            ; 7            ; 0                     ; 0                  ; no     ; no             ; no              ; no                     ; no            ; 2         ; yes             ; yes        ; no       ; Off          ; 3.3-V LVTTL  ; 8mA              ; Off                ; --                        ; no                         ; User                 ; 0 pF                 ; -                   ;
; GPIO[26] ; AA7   ; 3        ; 29           ; 0            ; 14           ; 0                     ; 0                  ; no     ; no             ; no              ; no                     ; no            ; 2         ; yes             ; yes        ; no       ; Off          ; 3.3-V LVTTL  ; 8mA              ; Off                ; --                        ; no                         ; User                 ; 0 pF                 ; -                   ;
; GPIO[27] ; Y6    ; 3        ; 20           ; 0            ; 28           ; 0                     ; 0                  ; no     ; no             ; no              ; no                     ; no            ; 2         ; yes             ; yes        ; no       ; Off          ; 3.3-V LVTTL  ; 8mA              ; Off                ; --                        ; no                         ; User                 ; 0 pF                 ; -                   ;
; GPIO[28] ; AA6   ; 3        ; 29           ; 0            ; 21           ; 0                     ; 0                  ; no     ; no             ; no              ; no                     ; no            ; 2         ; yes             ; yes        ; no       ; Off          ; 3.3-V LVTTL  ; 8mA              ; Off                ; --                        ; no                         ; User                 ; 0 pF                 ; -                   ;
; GPIO[29] ; Y5    ; 3        ; 18           ; 0            ; 0            ; 0                     ; 0                  ; no     ; no             ; no              ; no                     ; no            ; 2         ; yes             ; yes        ; no       ; Off          ; 3.3-V LVTTL  ; 8mA              ; Off                ; --                        ; no                         ; User                 ; 0 pF                 ; -                   ;
; GPIO[2]  ; V9    ; 3        ; 31           ; 0            ; 28           ; 0                     ; 0                  ; no     ; no             ; no              ; no                     ; no            ; 2         ; yes             ; yes        ; no       ; Off          ; 3.3-V LVTTL  ; 8mA              ; Off                ; --                        ; no                         ; User                 ; 0 pF                 ; -                   ;
; GPIO[30] ; AA5   ; 3        ; 26           ; 0            ; 0            ; 0                     ; 0                  ; no     ; no             ; no              ; no                     ; no            ; 2         ; yes             ; yes        ; no       ; Off          ; 3.3-V LVTTL  ; 8mA              ; Off                ; --                        ; no                         ; User                 ; 0 pF                 ; -                   ;
; GPIO[31] ; Y4    ; 3        ; 24           ; 0            ; 14           ; 0                     ; 0                  ; no     ; no             ; no              ; no                     ; no            ; 2         ; yes             ; yes        ; no       ; Off          ; 3.3-V LVTTL  ; 8mA              ; Off                ; --                        ; no                         ; User                 ; 0 pF                 ; -                   ;
; GPIO[32] ; AB3   ; 3        ; 22           ; 0            ; 7            ; 0                     ; 0                  ; no     ; no             ; no              ; no                     ; no            ; 2         ; yes             ; yes        ; no       ; Off          ; 3.3-V LVTTL  ; 8mA              ; Off                ; --                        ; no                         ; User                 ; 0 pF                 ; -                   ;
; GPIO[33] ; Y3    ; 3        ; 24           ; 0            ; 21           ; 0                     ; 0                  ; no     ; no             ; no              ; no                     ; no            ; 2         ; yes             ; yes        ; no       ; Off          ; 3.3-V LVTTL  ; 8mA              ; Off                ; --                        ; no                         ; User                 ; 0 pF                 ; -                   ;
; GPIO[34] ; AB2   ; 3        ; 22           ; 0            ; 14           ; 0                     ; 0                  ; no     ; no             ; no              ; no                     ; no            ; 2         ; yes             ; yes        ; no       ; Off          ; 3.3-V LVTTL  ; 8mA              ; Off                ; --                        ; no                         ; User                 ; 0 pF                 ; -                   ;
; GPIO[35] ; AA2   ; 3        ; 18           ; 0            ; 21           ; 0                     ; 0                  ; no     ; no             ; no              ; no                     ; no            ; 2         ; yes             ; yes        ; no       ; Off          ; 3.3-V LVTTL  ; 8mA              ; Off                ; --                        ; no                         ; User                 ; 0 pF                 ; -                   ;
; GPIO[3]  ; W9    ; 3        ; 22           ; 0            ; 0            ; 0                     ; 0                  ; no     ; no             ; no              ; no                     ; no            ; 2         ; yes             ; yes        ; no       ; Off          ; 3.3-V LVTTL  ; 8mA              ; Off                ; --                        ; no                         ; User                 ; 0 pF                 ; -                   ;
; GPIO[4]  ; V8    ; 3        ; 20           ; 0            ; 14           ; 0                     ; 0                  ; no     ; no             ; no              ; no                     ; no            ; 2         ; yes             ; yes        ; no       ; Off          ; 3.3-V LVTTL  ; 8mA              ; Off                ; --                        ; no                         ; User                 ; 0 pF                 ; -                   ;
; GPIO[5]  ; W8    ; 3        ; 24           ; 0            ; 0            ; 0                     ; 0                  ; no     ; no             ; no              ; no                     ; no            ; 2         ; yes             ; yes        ; no       ; Off          ; 3.3-V LVTTL  ; 8mA              ; Off                ; --                        ; no                         ; User                 ; 0 pF                 ; -                   ;
; GPIO[6]  ; V7    ; 3        ; 20           ; 0            ; 21           ; 0                     ; 0                  ; no     ; no             ; no              ; no                     ; no            ; 2         ; yes             ; yes        ; no       ; Off          ; 3.3-V LVTTL  ; 8mA              ; Off                ; --                        ; no                         ; User                 ; 0 pF                 ; -                   ;
; GPIO[7]  ; W7    ; 3        ; 24           ; 0            ; 7            ; 0                     ; 0                  ; no     ; no             ; no              ; no                     ; no            ; 2         ; yes             ; yes        ; no       ; Off          ; 3.3-V LVTTL  ; 8mA              ; Off                ; --                        ; no                         ; User                 ; 0 pF                 ; -                   ;
; GPIO[8]  ; W6    ; 3        ; 16           ; 0            ; 28           ; 0                     ; 0                  ; no     ; no             ; no              ; no                     ; no            ; 2         ; yes             ; yes        ; no       ; Off          ; 3.3-V LVTTL  ; 8mA              ; Off                ; --                        ; no                         ; User                 ; 0 pF                 ; -                   ;
; GPIO[9]  ; V5    ; 3        ; 14           ; 0            ; 7            ; 0                     ; 0                  ; no     ; no             ; no              ; no                     ; no            ; 2         ; yes             ; yes        ; no       ; Off          ; 3.3-V LVTTL  ; 8mA              ; Off                ; --                        ; no                         ; User                 ; 0 pF                 ; -                   ;
+----------+-------+----------+--------------+--------------+--------------+-----------------------+--------------------+--------+----------------+-----------------+------------------------+---------------+-----------+-----------------+------------+----------+--------------+--------------+------------------+--------------------+---------------------------+----------------------------+----------------------+----------------------+---------------------+


+-----------------------------------------------------------------------------------------------------------------------------------------+
; Dual Purpose and Dedicated Pins                                                                                                         ;
+----------+----------------------------------------------------+--------------------------------+---------------------+------------------+
; Location ; Pin Name                                           ; Reserved As                    ; User Signal Name    ; Pin Type         ;
+----------+----------------------------------------------------+--------------------------------+---------------------+------------------+
; H2       ; DIFFIO_RX_L17n, DIFFOUT_L17n, TMS, Low_Speed       ; Reserved as secondary function ; ~ALTERA_TMS~        ; Dual Purpose Pin ;
; G2       ; DIFFIO_RX_L17p, DIFFOUT_L17p, TCK, Low_Speed       ; Reserved as secondary function ; ~ALTERA_TCK~        ; Dual Purpose Pin ;
; L4       ; DIFFIO_RX_L18n, DIFFOUT_L18n, TDI, Low_Speed       ; Reserved as secondary function ; ~ALTERA_TDI~        ; Dual Purpose Pin ;
; M5       ; DIFFIO_RX_L18p, DIFFOUT_L18p, TDO, Low_Speed       ; Reserved as secondary function ; ~ALTERA_TDO~        ; Dual Purpose Pin ;
; H10      ; CONFIG_SEL, Low_Speed                              ; Reserved as secondary function ; ~ALTERA_CONFIG_SEL~ ; Dual Purpose Pin ;
; H9       ; nCONFIG, Low_Speed                                 ; Reserved as secondary function ; ~ALTERA_nCONFIG~    ; Dual Purpose Pin ;
; G9       ; DIFFIO_RX_T50p, DIFFOUT_T50p, nSTATUS, Low_Speed   ; Reserved as secondary function ; ~ALTERA_nSTATUS~    ; Dual Purpose Pin ;
; F8       ; DIFFIO_RX_T50n, DIFFOUT_T50n, CONF_DONE, Low_Speed ; Reserved as secondary function ; ~ALTERA_CONF_DONE~  ; Dual Purpose Pin ;
+----------+----------------------------------------------------+--------------------------------+---------------------+------------------+


+------------------------------------------------------------+
; I/O Bank Usage                                             ;
+----------+------------------+---------------+--------------+
; I/O Bank ; Usage            ; VCCIO Voltage ; VREF Voltage ;
+----------+------------------+---------------+--------------+
; 1A       ; 0 / 16 ( 0 % )   ; 2.5V          ; --           ;
; 1B       ; 4 / 24 ( 17 % )  ; 2.5V          ; --           ;
; 2        ; 1 / 36 ( 3 % )   ; 3.3V          ; --           ;
; 3        ; 27 / 48 ( 56 % ) ; 3.3V          ; --           ;
; 4        ; 10 / 48 ( 21 % ) ; 3.3V          ; --           ;
; 5        ; 0 / 40 ( 0 % )   ; 2.5V          ; --           ;
; 6        ; 31 / 60 ( 52 % ) ; 3.3V          ; --           ;
; 7        ; 40 / 52 ( 77 % ) ; 3.3V          ; --           ;
; 8        ; 4 / 36 ( 11 % )  ; 2.5V          ; --           ;
+----------+------------------+---------------+--------------+


+---------------------------------------------------------------------------------------------------------------------------------------------------------------------------------------+
; All Package Pins                                                                                                                                                                      ;
+----------+------------+----------+------------------------------------------------+--------+-----------------------+---------+------------+-----------------+----------+--------------+
; Location ; Pad Number ; I/O Bank ; Pin Name/Usage                                 ; Dir.   ; I/O Standard          ; Voltage ; I/O Type   ; User Assignment ; Bus Hold ; Weak Pull Up ;
+----------+------------+----------+------------------------------------------------+--------+-----------------------+---------+------------+-----------------+----------+--------------+
; A1       ;            ;          ; GND                                            ; gnd    ;                       ;         ; --         ;                 ; --       ; --           ;
; A2       ; 481        ; 8        ; RESERVED_INPUT_WITH_WEAK_PULLUP                ;        ;                       ;         ; Column I/O ;                 ; no       ; On           ;
; A3       ; 483        ; 8        ; RESERVED_INPUT_WITH_WEAK_PULLUP                ;        ;                       ;         ; Column I/O ;                 ; no       ; On           ;
; A4       ; 475        ; 8        ; RESERVED_INPUT_WITH_WEAK_PULLUP                ;        ;                       ;         ; Column I/O ;                 ; no       ; On           ;
; A5       ; 473        ; 8        ; RESERVED_INPUT_WITH_WEAK_PULLUP                ;        ;                       ;         ; Column I/O ;                 ; no       ; On           ;
; A6       ; 471        ; 8        ; RESERVED_INPUT_WITH_WEAK_PULLUP                ;        ;                       ;         ; Column I/O ;                 ; no       ; On           ;
; A7       ; 445        ; 7        ; KEY[1]                                         ; input  ; 3.3 V Schmitt Trigger ;         ; Column I/O ; Y               ; no       ; Off          ;
; A8       ; 447        ; 7        ; LEDR[0]                                        ; output ; 3.3-V LVTTL           ;         ; Column I/O ; Y               ; no       ; Off          ;
; A9       ; 449        ; 7        ; LEDR[1]                                        ; output ; 3.3-V LVTTL           ;         ; Column I/O ; Y               ; no       ; Off          ;
; A10      ; 439        ; 7        ; LEDR[2]                                        ; output ; 3.3-V LVTTL           ;         ; Column I/O ; Y               ; no       ; Off          ;
; A11      ; 437        ; 7        ; LEDR[8]                                        ; output ; 3.3-V LVTTL           ;         ; Column I/O ; Y               ; no       ; Off          ;
; A12      ; 435        ; 7        ; SW[4]                                          ; input  ; 3.3-V LVTTL           ;         ; Column I/O ; Y               ; no       ; Off          ;
; A13      ; 433        ; 7        ; SW[6]                                          ; input  ; 3.3-V LVTTL           ;         ; Column I/O ; Y               ; no       ; Off          ;
; A14      ; 425        ; 7        ; SW[7]                                          ; input  ; 3.3-V LVTTL           ;         ; Column I/O ; Y               ; no       ; Off          ;
; A15      ; 421        ; 7        ; RESERVED_INPUT_WITH_WEAK_PULLUP                ;        ;                       ;         ; Column I/O ;                 ; no       ; On           ;
; A16      ; 419        ; 7        ; HEX1[7]                                        ; output ; 3.3-V LVTTL           ;         ; Column I/O ; Y               ; no       ; Off          ;
; A17      ; 407        ; 7        ; HEX1[4]                                        ; output ; 3.3-V LVTTL           ;         ; Column I/O ; Y               ; no       ; Off          ;
; A18      ; 405        ; 7        ; HEX1[5]                                        ; output ; 3.3-V LVTTL           ;         ; Column I/O ; Y               ; no       ; Off          ;
; A19      ; 403        ; 7        ; HEX2[7]                                        ; output ; 3.3-V LVTTL           ;         ; Column I/O ; Y               ; no       ; Off          ;
; A20      ; 401        ; 7        ; HEX2[1]                                        ; output ; 3.3-V LVTTL           ;         ; Column I/O ; Y               ; no       ; Off          ;
; A21      ; 371        ; 6        ; HEX2[3]                                        ; output ; 3.3-V LVTTL           ;         ; Row I/O    ; Y               ; no       ; Off          ;
; A22      ;            ;          ; GND                                            ; gnd    ;                       ;         ; --         ;                 ; --       ; --           ;
; AA1      ; 133        ; 3        ; RESERVED_INPUT_WITH_WEAK_PULLUP                ;        ;                       ;         ; Column I/O ;                 ; no       ; On           ;
; AA2      ; 135        ; 3        ; GPIO[35]                                       ; bidir  ; 3.3-V LVTTL           ;         ; Column I/O ; Y               ; no       ; Off          ;
; AA3      ; 153        ; 3        ; RESERVED_INPUT_WITH_WEAK_PULLUP                ;        ;                       ;         ; Column I/O ;                 ; --       ; --           ;
; AA4      ;            ;          ; GND                                            ; gnd    ;                       ;         ; --         ;                 ; --       ; --           ;
; AA5      ; 157        ; 3        ; GPIO[30]                                       ; bidir  ; 3.3-V LVTTL           ;         ; Column I/O ; Y               ; no       ; Off          ;
; AA6      ; 156        ; 3        ; GPIO[28]                                       ; bidir  ; 3.3-V LVTTL           ;         ; Column I/O ; Y               ; no       ; Off          ;
; AA7      ; 158        ; 3        ; GPIO[26]                                       ; bidir  ; 3.3-V LVTTL           ;         ; Column I/O ; Y               ; no       ; Off          ;
; AA8      ; 165        ; 3        ; GPIO[24]                                       ; bidir  ; 3.3-V LVTTL           ;         ; Column I/O ; Y               ; no       ; Off          ;
; AA9      ; 169        ; 3        ; GPIO[22]                                       ; bidir  ; 3.3-V LVTTL           ;         ; Column I/O ; Y               ; no       ; Off          ;
; AA10     ; 170        ; 3        ; GPIO[21]                                       ; bidir  ; 3.3-V LVTTL           ;         ; Column I/O ; Y               ; no       ; Off          ;
; AA11     ; 180        ; 4        ; RESERVED_INPUT_WITH_WEAK_PULLUP                ;        ;                       ;         ; Column I/O ;                 ; no       ; On           ;
; AA12     ; 182        ; 4        ; RESERVED_INPUT_WITH_WEAK_PULLUP                ;        ;                       ;         ; Column I/O ;                 ; no       ; On           ;
; AA13     ; 197        ; 4        ; RESERVED_INPUT_WITH_WEAK_PULLUP                ;        ;                       ;         ; Column I/O ;                 ; --       ; --           ;
; AA14     ; 201        ; 4        ; GPIO[12]                                       ; bidir  ; 3.3-V LVTTL           ;         ; Column I/O ; Y               ; no       ; Off          ;
; AA15     ; 205        ; 4        ; GPIO[11]                                       ; bidir  ; 3.3-V LVTTL           ;         ; Column I/O ; Y               ; no       ; Off          ;
; AA16     ; 211        ; 4        ; RESERVED_INPUT_WITH_WEAK_PULLUP                ;        ;                       ;         ; Column I/O ;                 ; no       ; On           ;
; AA17     ; 212        ; 4        ; RESERVED_INPUT_WITH_WEAK_PULLUP                ;        ;                       ;         ; Column I/O ;                 ; no       ; On           ;
; AA18     ;            ;          ; GND                                            ; gnd    ;                       ;         ; --         ;                 ; --       ; --           ;
; AA19     ; 217        ; 4        ; RESERVED_INPUT_WITH_WEAK_PULLUP                ;        ;                       ;         ; Column I/O ;                 ; no       ; On           ;
; AA20     ; 227        ; 4        ; RESERVED_INPUT_WITH_WEAK_PULLUP                ;        ;                       ;         ; Column I/O ;                 ; no       ; On           ;
; AA21     ; 245        ; 5        ; RESERVED_INPUT_WITH_WEAK_PULLUP                ;        ;                       ;         ; Row I/O    ;                 ; no       ; On           ;
; AA22     ; 247        ; 5        ; RESERVED_INPUT_WITH_WEAK_PULLUP                ;        ;                       ;         ; Row I/O    ;                 ; no       ; On           ;
; AB1      ;            ;          ; GND                                            ; gnd    ;                       ;         ; --         ;                 ; --       ; --           ;
; AB2      ; 145        ; 3        ; GPIO[34]                                       ; bidir  ; 3.3-V LVTTL           ;         ; Column I/O ; Y               ; no       ; Off          ;
; AB3      ; 147        ; 3        ; GPIO[32]                                       ; bidir  ; 3.3-V LVTTL           ;         ; Column I/O ; Y               ; no       ; Off          ;
; AB4      ; 155        ; 3        ; RESERVED_INPUT_WITH_WEAK_PULLUP                ;        ;                       ;         ; Column I/O ;                 ; no       ; On           ;
; AB5      ; 159        ; 3        ; RESERVED_INPUT_WITH_WEAK_PULLUP                ;        ;                       ;         ; Column I/O ;                 ; no       ; On           ;
; AB6      ; 161        ; 3        ; RESERVED_INPUT_WITH_WEAK_PULLUP                ;        ;                       ;         ; Column I/O ;                 ; no       ; On           ;
; AB7      ; 163        ; 3        ; RESERVED_INPUT_WITH_WEAK_PULLUP                ;        ;                       ;         ; Column I/O ;                 ; no       ; On           ;
; AB8      ; 167        ; 3        ; RESERVED_INPUT_WITH_WEAK_PULLUP                ;        ;                       ;         ; Column I/O ;                 ; no       ; On           ;
; AB9      ; 171        ; 3        ; RESERVED_INPUT_WITH_WEAK_PULLUP                ;        ;                       ;         ; Column I/O ;                 ; no       ; On           ;
; AB10     ; 177        ; 4        ; GPIO[20]                                       ; bidir  ; 3.3-V LVTTL           ;         ; Column I/O ; Y               ; no       ; Off          ;
; AB11     ; 179        ; 4        ; GPIO[18]                                       ; bidir  ; 3.3-V LVTTL           ;         ; Column I/O ; Y               ; no       ; Off          ;
; AB12     ; 181        ; 4        ; GPIO[16]                                       ; bidir  ; 3.3-V LVTTL           ;         ; Column I/O ; Y               ; no       ; Off          ;
; AB13     ; 183        ; 4        ; GPIO[15]                                       ; bidir  ; 3.3-V LVTTL           ;         ; Column I/O ; Y               ; no       ; Off          ;
; AB14     ; 199        ; 4        ; RESERVED_INPUT_WITH_WEAK_PULLUP                ;        ;                       ;         ; Column I/O ;                 ; no       ; On           ;
; AB15     ; 203        ; 4        ; RESERVED_INPUT_WITH_WEAK_PULLUP                ;        ;                       ;         ; Column I/O ;                 ; no       ; On           ;
; AB16     ; 209        ; 4        ; RESERVED_INPUT_WITH_WEAK_PULLUP                ;        ;                       ;         ; Column I/O ;                 ; no       ; On           ;
; AB17     ; 241        ; 4        ; RESERVED_INPUT_WITH_WEAK_PULLUP                ;        ;                       ;         ; Column I/O ;                 ; no       ; On           ;
; AB18     ; 243        ; 4        ; RESERVED_INPUT_WITH_WEAK_PULLUP                ;        ;                       ;         ; Column I/O ;                 ; no       ; On           ;
; AB19     ; 213        ; 4        ; RESERVED_INPUT_WITH_WEAK_PULLUP                ;        ;                       ;         ; Column I/O ;                 ; no       ; On           ;
; AB20     ; 215        ; 4        ; RESERVED_INPUT_WITH_WEAK_PULLUP                ;        ;                       ;         ; Column I/O ;                 ; no       ; On           ;
; AB21     ; 225        ; 4        ; RESERVED_INPUT_WITH_WEAK_PULLUP                ;        ;                       ;         ; Column I/O ;                 ; no       ; On           ;
; AB22     ;            ;          ; GND                                            ; gnd    ;                       ;         ; --         ;                 ; --       ; --           ;
; B1       ; 495        ; 8        ; RESERVED_INPUT_WITH_WEAK_PULLUP                ;        ;                       ;         ; Column I/O ;                 ; no       ; On           ;
; B2       ; 493        ; 8        ; RESERVED_INPUT_WITH_WEAK_PULLUP                ;        ;                       ;         ; Column I/O ;                 ; no       ; On           ;
; B3       ; 484        ; 8        ; RESERVED_INPUT_WITH_WEAK_PULLUP                ;        ;                       ;         ; Column I/O ;                 ; no       ; On           ;
; B4       ; 486        ; 8        ; RESERVED_INPUT_WITH_WEAK_PULLUP                ;        ;                       ;         ; Column I/O ;                 ; no       ; On           ;
; B5       ; 485        ; 8        ; RESERVED_INPUT_WITH_WEAK_PULLUP                ;        ;                       ;         ; Column I/O ;                 ; no       ; On           ;
; B6       ;            ;          ; GND                                            ; gnd    ;                       ;         ; --         ;                 ; --       ; --           ;
; B7       ; 469        ; 8        ; RESERVED_INPUT_WITH_WEAK_PULLUP                ;        ;                       ;         ; Column I/O ;                 ; no       ; On           ;
; B8       ; 451        ; 7        ; KEY[0]                                         ; input  ; 3.3 V Schmitt Trigger ;         ; Column I/O ; Y               ; no       ; Off          ;
; B9       ;            ;          ; GND                                            ; gnd    ;                       ;         ; --         ;                 ; --       ; --           ;
; B10      ; 448        ; 7        ; LEDR[3]                                        ; output ; 3.3-V LVTTL           ;         ; Column I/O ; Y               ; no       ; Off          ;
; B11      ; 443        ; 7        ; LEDR[9]                                        ; output ; 3.3-V LVTTL           ;         ; Column I/O ; Y               ; no       ; Off          ;
; B12      ; 441        ; 7        ; SW[5]                                          ; input  ; 3.3-V LVTTL           ;         ; Column I/O ; Y               ; no       ; Off          ;
; B13      ;            ;          ; GND                                            ; gnd    ;                       ;         ; --         ;                 ; --       ; --           ;
; B14      ; 427        ; 7        ; SW[8]                                          ; input  ; 3.3-V LVTTL           ;         ; Column I/O ; Y               ; no       ; Off          ;
; B15      ; 423        ; 7        ; RESERVED_INPUT_WITH_WEAK_PULLUP                ;        ;                       ;         ; Column I/O ;                 ; --       ; --           ;
; B16      ; 417        ; 7        ; HEX1[3]                                        ; output ; 3.3-V LVTTL           ;         ; Column I/O ; Y               ; no       ; Off          ;
; B17      ; 402        ; 7        ; HEX1[6]                                        ; output ; 3.3-V LVTTL           ;         ; Column I/O ; Y               ; no       ; Off          ;
; B18      ;            ;          ; GND                                            ; gnd    ;                       ;         ; --         ;                 ; --       ; --           ;
; B19      ; 399        ; 7        ; HEX2[2]                                        ; output ; 3.3-V LVTTL           ;         ; Column I/O ; Y               ; no       ; Off          ;
; B20      ; 369        ; 6        ; HEX2[0]                                        ; output ; 3.3-V LVTTL           ;         ; Row I/O    ; Y               ; no       ; Off          ;
; B21      ; 367        ; 6        ; HEX2[4]                                        ; output ; 3.3-V LVTTL           ;         ; Row I/O    ; Y               ; no       ; Off          ;
; B22      ; 365        ; 6        ; HEX2[6]                                        ; output ; 3.3-V LVTTL           ;         ; Row I/O    ; Y               ; no       ; Off          ;
; C1       ; 33         ; 1B       ; RESERVED_INPUT_WITH_WEAK_PULLUP                ;        ;                       ;         ; Row I/O    ;                 ; --       ; --           ;
; C2       ; 499        ; 8        ; RESERVED_INPUT_WITH_WEAK_PULLUP                ;        ;                       ;         ; Column I/O ;                 ; no       ; On           ;
; C3       ; 497        ; 8        ; RESERVED_INPUT_WITH_WEAK_PULLUP                ;        ;                       ;         ; Column I/O ;                 ; no       ; On           ;
; C4       ; 487        ; 8        ; RESERVED_INPUT_WITH_WEAK_PULLUP                ;        ;                       ;         ; Column I/O ;                 ; no       ; On           ;
; C5       ; 489        ; 8        ; RESERVED_INPUT_WITH_WEAK_PULLUP                ;        ;                       ;         ; Column I/O ;                 ; no       ; On           ;
; C6       ; 477        ; 8        ; RESERVED_INPUT_WITH_WEAK_PULLUP                ;        ;                       ;         ; Column I/O ;                 ; no       ; On           ;
; C7       ; 467        ; 8        ; RESERVED_INPUT_WITH_WEAK_PULLUP                ;        ;                       ;         ; Column I/O ;                 ; no       ; On           ;
; C8       ; 465        ; 8        ; RESERVED_INPUT_WITH_WEAK_PULLUP                ;        ;                       ;         ; Column I/O ;                 ; no       ; On           ;
; C9       ; 450        ; 7        ; RESERVED_INPUT_WITH_WEAK_PULLUP                ;        ;                       ;         ; Column I/O ;                 ; no       ; On           ;
; C10      ; 442        ; 7        ; SW[0]                                          ; input  ; 3.3-V LVTTL           ;         ; Column I/O ; Y               ; no       ; Off          ;
; C11      ; 440        ; 7        ; SW[1]                                          ; input  ; 3.3-V LVTTL           ;         ; Column I/O ; Y               ; no       ; Off          ;
; C12      ; 436        ; 7        ; SW[3]                                          ; input  ; 3.3-V LVTTL           ;         ; Column I/O ; Y               ; no       ; Off          ;
; C13      ; 426        ; 7        ; LEDR[5]                                        ; output ; 3.3-V LVTTL           ;         ; Column I/O ; Y               ; no       ; Off          ;
; C14      ; 424        ; 7        ; HEX0[0]                                        ; output ; 3.3-V LVTTL           ;         ; Column I/O ; Y               ; no       ; Off          ;
; C15      ; 418        ; 7        ; HEX0[2]                                        ; output ; 3.3-V LVTTL           ;         ; Column I/O ; Y               ; no       ; Off          ;
; C16      ; 416        ; 7        ; HEX0[3]                                        ; output ; 3.3-V LVTTL           ;         ; Column I/O ; Y               ; no       ; Off          ;
; C17      ; 391        ; 7        ; HEX0[6]                                        ; output ; 3.3-V LVTTL           ;         ; Column I/O ; Y               ; no       ; Off          ;
; C18      ; 400        ; 7        ; HEX1[0]                                        ; output ; 3.3-V LVTTL           ;         ; Column I/O ; Y               ; no       ; Off          ;
; C19      ; 397        ; 7        ; HEX3[3]                                        ; output ; 3.3-V LVTTL           ;         ; Column I/O ; Y               ; no       ; Off          ;
; C20      ; 357        ; 6        ; HEX3[4]                                        ; output ; 3.3-V LVTTL           ;         ; Row I/O    ; Y               ; no       ; Off          ;
; C21      ; 347        ; 6        ; RESERVED_INPUT_WITH_WEAK_PULLUP                ;        ;                       ;         ; Row I/O    ;                 ; no       ; On           ;
; C22      ; 343        ; 6        ; HEX2[5]                                        ; output ; 3.3-V LVTTL           ;         ; Row I/O    ; Y               ; no       ; Off          ;
; D1       ; 35         ; 1B       ; RESERVED_INPUT_WITH_WEAK_PULLUP                ;        ;                       ;         ; Row I/O    ;                 ; no       ; On           ;
; D2       ; 31         ; 1B       ; RESERVED_INPUT_WITH_WEAK_PULLUP                ;        ;                       ;         ; Row I/O    ;                 ; no       ; On           ;
; D3       ; 29         ; 1B       ; RESERVED_INPUT_WITH_WEAK_PULLUP                ;        ;                       ;         ; Row I/O    ;                 ; no       ; On           ;
; D4       ;            ;          ; GND                                            ; gnd    ;                       ;         ; --         ;                 ; --       ; --           ;
; D5       ; 491        ; 8        ; RESERVED_INPUT_WITH_WEAK_PULLUP                ;        ;                       ;         ; Column I/O ;                 ; no       ; On           ;
; D6       ; 496        ; 8        ; RESERVED_INPUT_WITH_WEAK_PULLUP                ;        ;                       ;         ; Column I/O ;                 ; no       ; On           ;
; D7       ; 479        ; 8        ; RESERVED_INPUT_WITH_WEAK_PULLUP                ;        ;                       ;         ; Column I/O ;                 ; --       ; --           ;
; D8       ; 472        ; 8        ; RESERVED_INPUT_WITH_WEAK_PULLUP                ;        ;                       ;         ; Column I/O ;                 ; no       ; On           ;
; D9       ; 474        ; 8        ; RESERVED_INPUT_WITH_WEAK_PULLUP                ;        ;                       ;         ; Column I/O ;                 ; no       ; On           ;
; D10      ; 476        ; 8        ; RESERVED_INPUT_WITH_WEAK_PULLUP                ;        ;                       ;         ; Column I/O ;                 ; no       ; On           ;
; D11      ;            ;          ; GND                                            ; gnd    ;                       ;         ; --         ;                 ; --       ; --           ;
; D12      ; 438        ; 7        ; SW[2]                                          ; input  ; 3.3-V LVTTL           ;         ; Column I/O ; Y               ; no       ; Off          ;
; D13      ; 431        ; 7        ; LEDR[4]                                        ; output ; 3.3-V LVTTL           ;         ; Column I/O ; Y               ; no       ; Off          ;
; D14      ; 428        ; 7        ; LEDR[7]                                        ; output ; 3.3-V LVTTL           ;         ; Column I/O ; Y               ; no       ; Off          ;
; D15      ; 404        ; 7        ; HEX0[7]                                        ; output ; 3.3-V LVTTL           ;         ; Column I/O ; Y               ; no       ; Off          ;
; D16      ;            ;          ; GND                                            ; gnd    ;                       ;         ; --         ;                 ; --       ; --           ;
; D17      ; 389        ; 7        ; HEX0[5]                                        ; output ; 3.3-V LVTTL           ;         ; Column I/O ; Y               ; no       ; Off          ;
; D18      ; 385        ; 6        ; HEX1[1]                                        ; output ; 3.3-V LVTTL           ;         ; Row I/O    ; Y               ; no       ; Off          ;
; D19      ; 359        ; 6        ; HEX3[5]                                        ; output ; 3.3-V LVTTL           ;         ; Row I/O    ; Y               ; no       ; Off          ;
; D20      ;            ;          ; GND                                            ; gnd    ;                       ;         ; --         ;                 ; --       ; --           ;
; D21      ; 345        ; 6        ; RESERVED_INPUT_WITH_WEAK_PULLUP                ;        ;                       ;         ; Row I/O    ;                 ; --       ; --           ;
; D22      ; 341        ; 6        ; HEX3[7]                                        ; output ; 3.3-V LVTTL           ;         ; Row I/O    ; Y               ; no       ; Off          ;
; E1       ; 41         ; 1B       ; RESERVED_INPUT_WITH_WEAK_PULLUP                ;        ;                       ;         ; Row I/O    ;                 ; no       ; On           ;
; E2       ;            ;          ; GND                                            ; gnd    ;                       ;         ; --         ;                 ; --       ; --           ;
; E3       ; 3          ; 1A       ; RESERVED_INPUT_WITH_WEAK_PULLUP                ;        ;                       ;         ; Row I/O    ;                 ; no       ; On           ;
; E4       ; 1          ; 1A       ; RESERVED_INPUT_WITH_WEAK_PULLUP                ;        ;                       ;         ; Row I/O    ;                 ; no       ; On           ;
; E5       ;            ;          ; NC                                             ;        ;                       ;         ; --         ;                 ; --       ; --           ;
; E6       ; 498        ; 8        ; RESERVED_INPUT_WITH_WEAK_PULLUP                ;        ;                       ;         ; Column I/O ;                 ; no       ; On           ;
; E7       ;            ;          ; GND                                            ; gnd    ;                       ;         ; --         ;                 ; --       ; --           ;
; E8       ; 488        ; 8        ; RESERVED_INPUT_WITH_WEAK_PULLUP                ;        ;                       ;         ; Column I/O ;                 ; no       ; On           ;
; E9       ; 478        ; 8        ; RESERVED_INPUT_WITH_WEAK_PULLUP                ;        ;                       ;         ; Column I/O ;                 ; no       ; On           ;
; E10      ; 466        ; 8        ; RESERVED_INPUT_WITH_WEAK_PULLUP                ;        ;                       ;         ; Column I/O ;                 ; no       ; On           ;
; E11      ; 464        ; 8        ; RESERVED_INPUT_WITH_WEAK_PULLUP                ;        ;                       ;         ; Column I/O ;                 ; no       ; On           ;
; E12      ; 429        ; 7        ; RESERVED_INPUT_WITH_WEAK_PULLUP                ;        ;                       ;         ; Column I/O ;                 ; no       ; On           ;
; E13      ; 430        ; 7        ; RESERVED_INPUT_WITH_WEAK_PULLUP                ;        ;                       ;         ; Column I/O ;                 ; no       ; On           ;
; E14      ; 406        ; 7        ; LEDR[6]                                        ; output ; 3.3-V LVTTL           ;         ; Column I/O ; Y               ; no       ; Off          ;
; E15      ; 390        ; 7        ; HEX0[1]                                        ; output ; 3.3-V LVTTL           ;         ; Column I/O ; Y               ; no       ; Off          ;
; E16      ; 388        ; 7        ; HEX0[4]                                        ; output ; 3.3-V LVTTL           ;         ; Column I/O ; Y               ; no       ; Off          ;
; E17      ; 366        ; 6        ; HEX3[6]                                        ; output ; 3.3-V LVTTL           ;         ; Row I/O    ; Y               ; no       ; Off          ;
; E18      ; 387        ; 6        ; HEX1[2]                                        ; output ; 3.3-V LVTTL           ;         ; Row I/O    ; Y               ; no       ; Off          ;
; E19      ; 352        ; 6        ; HEX4[2]                                        ; output ; 3.3-V LVTTL           ;         ; Row I/O    ; Y               ; no       ; Off          ;
; E20      ; 355        ; 6        ; HEX4[1]                                        ; output ; 3.3-V LVTTL           ;         ; Row I/O    ; Y               ; no       ; Off          ;
; E21      ; 335        ; 6        ; HEX3[2]                                        ; output ; 3.3-V LVTTL           ;         ; Row I/O    ; Y               ; no       ; Off          ;
; E22      ; 333        ; 6        ; HEX3[1]                                        ; output ; 3.3-V LVTTL           ;         ; Row I/O    ; Y               ; no       ; Off          ;
; F1       ; 47         ; 1B       ; RESERVED_INPUT_WITH_WEAK_PULLUP                ;        ;                       ;         ; Row I/O    ;                 ; no       ; On           ;
; F2       ; 43         ; 1B       ; RESERVED_INPUT_WITH_WEAK_PULLUP                ;        ;                       ;         ; Row I/O    ;                 ; no       ; On           ;
; F3       ; 7          ; 1A       ; RESERVED_INPUT_WITH_WEAK_PULLUP                ;        ;                       ;         ; Row I/O    ;                 ; no       ; On           ;
; F4       ; 2          ; 1A       ; RESERVED_INPUT_WITH_WEAK_PULLUP                ;        ;                       ;         ; Row I/O    ;                 ; no       ; On           ;
; F5       ; 0          ; 1A       ; RESERVED_INPUT_WITH_WEAK_PULLUP                ;        ;                       ;         ; Row I/O    ;                 ; no       ; On           ;
; F6       ;            ;          ; NC                                             ;        ;                       ;         ; --         ;                 ; --       ; --           ;
; F7       ; 490        ; 8        ; RESERVED_INPUT_WITH_WEAK_PULLUP                ;        ;                       ;         ; Column I/O ;                 ; no       ; On           ;
; F8       ; 494        ; 8        ; ~ALTERA_CONF_DONE~ / RESERVED_INPUT            ; input  ; 2.5 V Schmitt Trigger ;         ; Column I/O ; N               ; no       ; Off          ;
; F9       ;            ; 8        ; VCCIO8                                         ; power  ;                       ; 2.5V    ; --         ;                 ; --       ; --           ;
; F10      ;            ;          ; GND                                            ; gnd    ;                       ;         ; --         ;                 ; --       ; --           ;
; F11      ;            ; 8        ; VCCIO8                                         ; power  ;                       ; 2.5V    ; --         ;                 ; --       ; --           ;
; F12      ;            ; 7        ; VCCIO7                                         ; power  ;                       ; 3.3V    ; --         ;                 ; --       ; --           ;
; F13      ;            ;          ; GND                                            ; gnd    ;                       ;         ; --         ;                 ; --       ; --           ;
; F14      ;            ; 7        ; VCCIO7                                         ; power  ;                       ; 3.3V    ; --         ;                 ; --       ; --           ;
; F15      ; 398        ; 7        ; SW[9]                                          ; input  ; 3.3-V LVTTL           ;         ; Column I/O ; Y               ; no       ; Off          ;
; F16      ; 396        ; 7        ; RESERVED_INPUT_WITH_WEAK_PULLUP                ;        ;                       ;         ; Column I/O ;                 ; no       ; On           ;
; F17      ; 364        ; 6        ; HEX4[7]                                        ; output ; 3.3-V LVTTL           ;         ; Row I/O    ; Y               ; no       ; Off          ;
; F18      ; 354        ; 6        ; HEX4[0]                                        ; output ; 3.3-V LVTTL           ;         ; Row I/O    ; Y               ; no       ; Off          ;
; F19      ; 353        ; 6        ; HEX4[5]                                        ; output ; 3.3-V LVTTL           ;         ; Row I/O    ; Y               ; no       ; Off          ;
; F20      ; 342        ; 6        ; HEX4[6]                                        ; output ; 3.3-V LVTTL           ;         ; Row I/O    ; Y               ; no       ; Off          ;
; F21      ; 340        ; 6        ; HEX3[0]                                        ; output ; 3.3-V LVTTL           ;         ; Row I/O    ; Y               ; no       ; Off          ;
; F22      ; 331        ; 6        ; RESERVED_INPUT_WITH_WEAK_PULLUP                ;        ;                       ;         ; Row I/O    ;                 ; no       ; On           ;
; G1       ; 45         ; 1B       ; RESERVED_INPUT_WITH_WEAK_PULLUP                ;        ;                       ;         ; Row I/O    ;                 ; no       ; On           ;
; G2       ; 34         ; 1B       ; ~ALTERA_TCK~ / RESERVED_INPUT                  ; input  ; 2.5 V Schmitt Trigger ;         ; Row I/O    ; N               ; no       ; Off          ;
; G3       ; 11         ; 1A       ; RESERVED_INPUT_WITH_WEAK_PULLUP                ;        ;                       ;         ; Row I/O    ;                 ; no       ; On           ;
; G4       ; 5          ; 1A       ; RESERVED_INPUT_WITH_WEAK_PULLUP                ;        ;                       ;         ; Row I/O    ;                 ; no       ; On           ;
; G5       ;            ;          ; ANAIN1                                         ;        ;                       ;         ; --         ;                 ; --       ; --           ;
; G6       ;            ;          ; GND                                            ; gnd    ;                       ;         ; --         ;                 ; --       ; --           ;
; G7       ;            ;          ; VCCD_PLL3                                      ; power  ;                       ; 1.2V    ; --         ;                 ; --       ; --           ;
; G8       ;            ;          ; GND                                            ; gnd    ;                       ;         ; --         ;                 ; --       ; --           ;
; G9       ; 492        ; 8        ; ~ALTERA_nSTATUS~ / RESERVED_INPUT              ; input  ; 2.5 V Schmitt Trigger ;         ; Column I/O ; N               ; no       ; Off          ;
; G10      ;            ; 8        ; VCCIO8                                         ; power  ;                       ; 2.5V    ; --         ;                 ; --       ; --           ;
; G11      ;            ; 8        ; VCCIO8                                         ; power  ;                       ; 2.5V    ; --         ;                 ; --       ; --           ;
; G12      ;            ; 7        ; VCCIO7                                         ; power  ;                       ; 3.3V    ; --         ;                 ; --       ; --           ;
; G13      ;            ; 7        ; VCCIO7                                         ; power  ;                       ; 3.3V    ; --         ;                 ; --       ; --           ;
; G14      ;            ; 7        ; VCCIO7                                         ; power  ;                       ; 3.3V    ; --         ;                 ; --       ; --           ;
; G15      ;            ;          ; GND                                            ; gnd    ;                       ;         ; --         ;                 ; --       ; --           ;
; G16      ;            ;          ; VCCD_PLL2                                      ; power  ;                       ; 1.2V    ; --         ;                 ; --       ; --           ;
; G17      ; 386        ; 6        ; RESERVED_INPUT_WITH_WEAK_PULLUP                ;        ;                       ;         ; Row I/O    ;                 ; no       ; On           ;
; G18      ;            ;          ; GND                                            ; gnd    ;                       ;         ; --         ;                 ; --       ; --           ;
; G19      ; 330        ; 6        ; RESERVED_INPUT_WITH_WEAK_PULLUP                ;        ;                       ;         ; Row I/O    ;                 ; no       ; On           ;
; G20      ; 328        ; 6        ; RESERVED_INPUT_WITH_WEAK_PULLUP                ;        ;                       ;         ; Row I/O    ;                 ; no       ; On           ;
; G21      ;            ;          ; GND                                            ; gnd    ;                       ;         ; --         ;                 ; --       ; --           ;
; G22      ; 329        ; 6        ; RESERVED_INPUT_WITH_WEAK_PULLUP                ;        ;                       ;         ; Row I/O    ;                 ; no       ; On           ;
; H1       ; 44         ; 1B       ; RESERVED_INPUT_WITH_WEAK_PULLUP                ;        ;                       ;         ; Row I/O    ;                 ; no       ; On           ;
; H2       ; 32         ; 1B       ; ~ALTERA_TMS~ / RESERVED_INPUT_WITH_WEAK_PULLUP ; input  ; 2.5 V Schmitt Trigger ;         ; Row I/O    ; N               ; no       ; On           ;
; H3       ; 10         ; 1A       ; RESERVED_INPUT_WITH_WEAK_PULLUP                ;        ;                       ;         ; Row I/O    ;                 ; no       ; On           ;
; H4       ; 9          ; 1A       ; RESERVED_INPUT_WITH_WEAK_PULLUP                ;        ;                       ;         ; Row I/O    ;                 ; no       ; On           ;
; H5       ;            ;          ; REFGND                                         ;        ;                       ;         ; --         ;                 ; --       ; --           ;
; H6       ;            ;          ; ADC_VREF                                       ;        ;                       ;         ; --         ;                 ; --       ; --           ;
; H7       ;            ; --       ; VCCA_ADC                                       ; power  ;                       ; 2.5V    ; --         ;                 ; --       ; --           ;
; H8       ;            ; --       ; VCCA3                                          ; power  ;                       ; 2.5V    ; --         ;                 ; --       ; --           ;
; H9       ; 482        ; 8        ; ~ALTERA_nCONFIG~ / RESERVED_INPUT              ; input  ; 2.5 V Schmitt Trigger ;         ; Column I/O ; N               ; no       ; Off          ;
; H10      ; 480        ; 8        ; ~ALTERA_CONFIG_SEL~ / RESERVED_INPUT           ; input  ; 2.5 V                 ;         ; Column I/O ; N               ; no       ; Off          ;
; H11      ; 470        ; 8        ; RESERVED_INPUT_WITH_WEAK_PULLUP                ;        ;                       ;         ; Column I/O ;                 ; no       ; On           ;
; H12      ; 444        ; 7        ; RESERVED_INPUT_WITH_WEAK_PULLUP                ;        ;                       ;         ; Column I/O ;                 ; no       ; On           ;
; H13      ; 432        ; 7        ; RESERVED_INPUT_WITH_WEAK_PULLUP                ;        ;                       ;         ; Column I/O ;                 ; no       ; On           ;
; H14      ; 420        ; 7        ; RESERVED_INPUT_WITH_WEAK_PULLUP                ;        ;                       ;         ; Column I/O ;                 ; no       ; On           ;
; H15      ;            ; --       ; VCCA2                                          ; power  ;                       ; 2.5V    ; --         ;                 ; --       ; --           ;
; H16      ;            ; 6        ; VCCIO6                                         ; power  ;                       ; 3.3V    ; --         ;                 ; --       ; --           ;
; H17      ; 384        ; 6        ; RESERVED_INPUT_WITH_WEAK_PULLUP                ;        ;                       ;         ; Row I/O    ;                 ; no       ; On           ;
; H18      ; 374        ; 6        ; RESERVED_INPUT_WITH_WEAK_PULLUP                ;        ;                       ;         ; Row I/O    ;                 ; no       ; On           ;
; H19      ; 372        ; 6        ; HEX4[4]                                        ; output ; 3.3-V LVTTL           ;         ; Row I/O    ; Y               ; no       ; Off          ;
; H20      ; 375        ; 6        ; RESERVED_INPUT_WITH_WEAK_PULLUP                ;        ;                       ;         ; Row I/O    ;                 ; no       ; On           ;
; H21      ; 323        ; 6        ; RESERVED_INPUT_WITH_WEAK_PULLUP                ;        ;                       ;         ; Row I/O    ;                 ; no       ; On           ;
; H22      ; 321        ; 6        ; RESERVED_INPUT_WITH_WEAK_PULLUP                ;        ;                       ;         ; Row I/O    ;                 ; no       ; On           ;
; J1       ; 46         ; 1B       ; RESERVED_INPUT_WITH_WEAK_PULLUP                ;        ;                       ;         ; Row I/O    ;                 ; no       ; On           ;
; J2       ;            ;          ; GND                                            ; gnd    ;                       ;         ; --         ;                 ; --       ; --           ;
; J3       ; 15         ; 1A       ; RESERVED_INPUT_WITH_WEAK_PULLUP                ;        ;                       ;         ; Row I/O    ;                 ; no       ; On           ;
; J4       ; 8          ; 1A       ; RESERVED_INPUT_WITH_WEAK_PULLUP                ;        ;                       ;         ; Row I/O    ;                 ; no       ; On           ;
; J5       ;            ;          ; ANAIN2                                         ;        ;                       ;         ; --         ;                 ; --       ; --           ;
; J6       ;            ;          ; GND                                            ; gnd    ;                       ;         ; --         ;                 ; --       ; --           ;
; J7       ;            ;          ; VCCINT                                         ; power  ;                       ; 1.2V    ; --         ;                 ; --       ; --           ;
; J8       ; 4          ; 1A       ; RESERVED_INPUT_WITH_WEAK_PULLUP                ;        ;                       ;         ; Row I/O    ;                 ; no       ; On           ;
; J9       ; 6          ; 1A       ; RESERVED_INPUT_WITH_WEAK_PULLUP                ;        ;                       ;         ; Row I/O    ;                 ; no       ; On           ;
; J10      ; 468        ; 8        ; RESERVED_INPUT_WITH_WEAK_PULLUP                ;        ;                       ;         ; Column I/O ;                 ; no       ; On           ;
; J11      ; 446        ; 7        ; RESERVED_INPUT_WITH_WEAK_PULLUP                ;        ;                       ;         ; Column I/O ;                 ; no       ; On           ;
; J12      ; 434        ; 7        ; RESERVED_INPUT_WITH_WEAK_PULLUP                ;        ;                       ;         ; Column I/O ;                 ; no       ; On           ;
; J13      ; 422        ; 7        ; RESERVED_INPUT_WITH_WEAK_PULLUP                ;        ;                       ;         ; Column I/O ;                 ; no       ; On           ;
; J14      ; 368        ; 6        ; RESERVED_INPUT_WITH_WEAK_PULLUP                ;        ;                       ;         ; Row I/O    ;                 ; no       ; On           ;
; J15      ; 370        ; 6        ; RESERVED_INPUT_WITH_WEAK_PULLUP                ;        ;                       ;         ; Row I/O    ;                 ; no       ; On           ;
; J16      ;            ;          ; GND                                            ; gnd    ;                       ;         ; --         ;                 ; --       ; --           ;
; J17      ;            ; 6        ; VCCIO6                                         ; power  ;                       ; 3.3V    ; --         ;                 ; --       ; --           ;
; J18      ; 362        ; 6        ; HEX4[3]                                        ; output ; 3.3-V LVTTL           ;         ; Row I/O    ; Y               ; no       ; Off          ;
; J19      ;            ;          ; GND                                            ; gnd    ;                       ;         ; --         ;                 ; --       ; --           ;
; J20      ; 373        ; 6        ; HEX5[0]                                        ; output ; 3.3-V LVTTL           ;         ; Row I/O    ; Y               ; no       ; Off          ;
; J21      ; 327        ; 6        ; RESERVED_INPUT_WITH_WEAK_PULLUP                ;        ;                       ;         ; Row I/O    ;                 ; no       ; On           ;
; J22      ; 325        ; 6        ; RESERVED_INPUT_WITH_WEAK_PULLUP                ;        ;                       ;         ; Row I/O    ;                 ; no       ; On           ;
; K1       ; 49         ; 1B       ; RESERVED_INPUT_WITH_WEAK_PULLUP                ;        ;                       ;         ; Row I/O    ;                 ; no       ; On           ;
; K2       ; 37         ; 1B       ; RESERVED_INPUT_WITH_WEAK_PULLUP                ;        ;                       ;         ; Row I/O    ;                 ; no       ; On           ;
; K3       ;            ;          ; GND                                            ; gnd    ;                       ;         ; --         ;                 ; --       ; --           ;
; K4       ; 13         ; 1A       ; RESERVED_INPUT_WITH_WEAK_PULLUP                ;        ;                       ;         ; Row I/O    ;                 ; no       ; On           ;
; K5       ; 12         ; 1A       ; RESERVED_INPUT_WITH_WEAK_PULLUP                ;        ;                       ;         ; Row I/O    ;                 ; no       ; On           ;
; K6       ; 14         ; 1A       ; RESERVED_INPUT_WITH_WEAK_PULLUP                ;        ;                       ;         ; Row I/O    ;                 ; no       ; On           ;
; K7       ;            ; 1A       ; VCCIO1A                                        ; power  ;                       ; 2.5V    ; --         ;                 ; --       ; --           ;
; K8       ; 28         ; 1B       ; RESERVED_INPUT_WITH_WEAK_PULLUP                ;        ;                       ;         ; Row I/O    ;                 ; no       ; On           ;
; K9       ; 30         ; 1B       ; RESERVED_INPUT_WITH_WEAK_PULLUP                ;        ;                       ;         ; Row I/O    ;                 ; no       ; On           ;
; K10      ;            ;          ; GND                                            ; gnd    ;                       ;         ; --         ;                 ; --       ; --           ;
; K11      ;            ; --       ; VCC                                            ; power  ;                       ; 1.2V    ; --         ;                 ; --       ; --           ;
; K12      ;            ;          ; GND                                            ; gnd    ;                       ;         ; --         ;                 ; --       ; --           ;
; K13      ;            ; --       ; VCC                                            ; power  ;                       ; 1.2V    ; --         ;                 ; --       ; --           ;
; K14      ; 356        ; 6        ; RESERVED_INPUT_WITH_WEAK_PULLUP                ;        ;                       ;         ; Row I/O    ;                 ; no       ; On           ;
; K15      ; 358        ; 6        ; RESERVED_INPUT_WITH_WEAK_PULLUP                ;        ;                       ;         ; Row I/O    ;                 ; no       ; On           ;
; K16      ;            ; 6        ; VCCIO6                                         ; power  ;                       ; 3.3V    ; --         ;                 ; --       ; --           ;
; K17      ;            ; 6        ; VCCIO6                                         ; power  ;                       ; 3.3V    ; --         ;                 ; --       ; --           ;
; K18      ; 360        ; 6        ; RESERVED_INPUT_WITH_WEAK_PULLUP                ;        ;                       ;         ; Row I/O    ;                 ; no       ; On           ;
; K19      ; 361        ; 6        ; RESERVED_INPUT_WITH_WEAK_PULLUP                ;        ;                       ;         ; Row I/O    ;                 ; no       ; On           ;
; K20      ; 363        ; 6        ; HEX5[1]                                        ; output ; 3.3-V LVTTL           ;         ; Row I/O    ; Y               ; no       ; Off          ;
; K21      ; 326        ; 6        ; RESERVED_INPUT_WITH_WEAK_PULLUP                ;        ;                       ;         ; Row I/O    ;                 ; no       ; On           ;
; K22      ; 324        ; 6        ; RESERVED_INPUT_WITH_WEAK_PULLUP                ;        ;                       ;         ; Row I/O    ;                 ; no       ; On           ;
; L1       ; 51         ; 1B       ; RESERVED_INPUT_WITH_WEAK_PULLUP                ;        ;                       ;         ; Row I/O    ;                 ; no       ; On           ;
; L2       ; 39         ; 1B       ; RESERVED_INPUT_WITH_WEAK_PULLUP                ;        ;                       ;         ; Row I/O    ;                 ; no       ; On           ;
; L3       ;            ;          ; DNU                                            ;        ;                       ;         ; --         ;                 ; --       ; --           ;
; L4       ; 36         ; 1B       ; ~ALTERA_TDI~ / RESERVED_INPUT_WITH_WEAK_PULLUP ; input  ; 2.5 V Schmitt Trigger ;         ; Row I/O    ; N               ; no       ; On           ;
; L5       ;            ;          ; GND                                            ; gnd    ;                       ;         ; --         ;                 ; --       ; --           ;
; L6       ;            ; 1A       ; VCCIO1A                                        ; power  ;                       ; 2.5V    ; --         ;                 ; --       ; --           ;
; L7       ;            ; 1B       ; VCCIO1B                                        ; power  ;                       ; 2.5V    ; --         ;                 ; --       ; --           ;
; L8       ; 40         ; 1B       ; RESERVED_INPUT_WITH_WEAK_PULLUP                ;        ;                       ;         ; Row I/O    ;                 ; no       ; On           ;
; L9       ; 42         ; 1B       ; RESERVED_INPUT_WITH_WEAK_PULLUP                ;        ;                       ;         ; Row I/O    ;                 ; no       ; On           ;
; L10      ;            ; --       ; VCC                                            ; power  ;                       ; 1.2V    ; --         ;                 ; --       ; --           ;
; L11      ;            ; --       ; VCC                                            ; power  ;                       ; 1.2V    ; --         ;                 ; --       ; --           ;
; L12      ;            ; --       ; VCC                                            ; power  ;                       ; 1.2V    ; --         ;                 ; --       ; --           ;
; L13      ;            ;          ; GND                                            ; gnd    ;                       ;         ; --         ;                 ; --       ; --           ;
; L14      ; 344        ; 6        ; RESERVED_INPUT_WITH_WEAK_PULLUP                ;        ;                       ;         ; Row I/O    ;                 ; no       ; On           ;
; L15      ; 346        ; 6        ; RESERVED_INPUT_WITH_WEAK_PULLUP                ;        ;                       ;         ; Row I/O    ;                 ; no       ; On           ;
; L16      ;            ; 6        ; VCCIO6                                         ; power  ;                       ; 3.3V    ; --         ;                 ; --       ; --           ;
; L17      ;            ;          ; GND                                            ; gnd    ;                       ;         ; --         ;                 ; --       ; --           ;
; L18      ; 350        ; 6        ; HEX5[2]                                        ; output ; 3.3-V LVTTL           ;         ; Row I/O    ; Y               ; no       ; Off          ;
; L19      ; 349        ; 6        ; HEX5[7]                                        ; output ; 3.3-V LVTTL           ;         ; Row I/O    ; Y               ; no       ; Off          ;
; L20      ; 351        ; 6        ; RESERVED_INPUT_WITH_WEAK_PULLUP                ;        ;                       ;         ; Row I/O    ;                 ; no       ; On           ;
; L21      ;            ;          ; GND                                            ; gnd    ;                       ;         ; --         ;                 ; --       ; --           ;
; L22      ; 314        ; 5        ; RESERVED_INPUT_WITH_WEAK_PULLUP                ;        ;                       ;         ; Row I/O    ;                 ; no       ; On           ;
; M1       ; 79         ; 2        ; RESERVED_INPUT_WITH_WEAK_PULLUP                ;        ;                       ;         ; Row I/O    ;                 ; no       ; On           ;
; M2       ; 77         ; 2        ; RESERVED_INPUT_WITH_WEAK_PULLUP                ;        ;                       ;         ; Row I/O    ;                 ; --       ; --           ;
; M3       ; 50         ; 1B       ; RESERVED_INPUT_WITH_WEAK_PULLUP                ;        ;                       ;         ; Row I/O    ;                 ; no       ; On           ;
; M4       ; 48         ; 1B       ; RESERVED_INPUT_WITH_WEAK_PULLUP                ;        ;                       ;         ; Row I/O    ;                 ; no       ; On           ;
; M5       ; 38         ; 1B       ; ~ALTERA_TDO~                                   ; output ; 2.5 V                 ;         ; Row I/O    ; N               ; no       ; Off          ;
; M6       ;            ; 1B       ; VCCIO1B                                        ; power  ;                       ; 2.5V    ; --         ;                 ; --       ; --           ;
; M7       ;            ;          ; GND                                            ; gnd    ;                       ;         ; --         ;                 ; --       ; --           ;
; M8       ; 72         ; 2        ; RESERVED_INPUT_WITH_WEAK_PULLUP                ;        ;                       ;         ; Row I/O    ;                 ; no       ; On           ;
; M9       ; 74         ; 2        ; RESERVED_INPUT_WITH_WEAK_PULLUP                ;        ;                       ;         ; Row I/O    ;                 ; no       ; On           ;
; M10      ;            ;          ; GND                                            ; gnd    ;                       ;         ; --         ;                 ; --       ; --           ;
; M11      ;            ; --       ; VCC                                            ; power  ;                       ; 1.2V    ; --         ;                 ; --       ; --           ;
; M12      ;            ; --       ; VCC                                            ; power  ;                       ; 1.2V    ; --         ;                 ; --       ; --           ;
; M13      ;            ; --       ; VCC                                            ; power  ;                       ; 1.2V    ; --         ;                 ; --       ; --           ;
; M14      ; 334        ; 6        ; RESERVED_INPUT_WITH_WEAK_PULLUP                ;        ;                       ;         ; Row I/O    ;                 ; no       ; On           ;
; M15      ; 332        ; 6        ; RESERVED_INPUT_WITH_WEAK_PULLUP                ;        ;                       ;         ; Row I/O    ;                 ; no       ; On           ;
; M16      ;            ;          ; GND                                            ; gnd    ;                       ;         ; --         ;                 ; --       ; --           ;
; M17      ;            ; 6        ; VCCIO6                                         ; power  ;                       ; 3.3V    ; --         ;                 ; --       ; --           ;
; M18      ; 348        ; 6        ; RESERVED_INPUT_WITH_WEAK_PULLUP                ;        ;                       ;         ; Row I/O    ;                 ; no       ; On           ;
; M19      ;            ;          ; GND                                            ; gnd    ;                       ;         ; --         ;                 ; --       ; --           ;
; M20      ; 337        ; 6        ; HEX5[4]                                        ; output ; 3.3-V LVTTL           ;         ; Row I/O    ; Y               ; no       ; Off          ;
; M21      ; 312        ; 5        ; RESERVED_INPUT_WITH_WEAK_PULLUP                ;        ;                       ;         ; Row I/O    ;                 ; no       ; On           ;
; M22      ; 315        ; 5        ; RESERVED_INPUT_WITH_WEAK_PULLUP                ;        ;                       ;         ; Row I/O    ;                 ; no       ; On           ;
; N1       ; 87         ; 2        ; RESERVED_INPUT_WITH_WEAK_PULLUP                ;        ;                       ;         ; Row I/O    ;                 ; no       ; On           ;
; N2       ; 75         ; 2        ; RESERVED_INPUT_WITH_WEAK_PULLUP                ;        ;                       ;         ; Row I/O    ;                 ; no       ; On           ;
; N3       ; 73         ; 2        ; RESERVED_INPUT_WITH_WEAK_PULLUP                ;        ;                       ;         ; Row I/O    ;                 ; no       ; On           ;
; N4       ; 56         ; 2        ; RESERVED_INPUT_WITH_WEAK_PULLUP                ;        ;                       ;         ; Row I/O    ;                 ; no       ; On           ;
; N5       ; 58         ; 2        ; ADC_CLK_10                                     ; input  ; 3.3-V LVTTL           ;         ; Row I/O    ; Y               ; no       ; Off          ;
; N6       ;            ; 2        ; VCCIO2                                         ; power  ;                       ; 3.3V    ; --         ;                 ; --       ; --           ;
; N7       ;            ; 2        ; VCCIO2                                         ; power  ;                       ; 3.3V    ; --         ;                 ; --       ; --           ;
; N8       ; 84         ; 2        ; RESERVED_INPUT_WITH_WEAK_PULLUP                ;        ;                       ;         ; Row I/O    ;                 ; no       ; On           ;
; N9       ; 86         ; 2        ; RESERVED_INPUT_WITH_WEAK_PULLUP                ;        ;                       ;         ; Row I/O    ;                 ; no       ; On           ;
; N10      ;            ; --       ; VCC                                            ; power  ;                       ; 1.2V    ; --         ;                 ; --       ; --           ;
; N11      ;            ;          ; GND                                            ; gnd    ;                       ;         ; --         ;                 ; --       ; --           ;
; N12      ;            ; --       ; VCC                                            ; power  ;                       ; 1.2V    ; --         ;                 ; --       ; --           ;
; N13      ;            ;          ; GND                                            ; gnd    ;                       ;         ; --         ;                 ; --       ; --           ;
; N14      ; 320        ; 6        ; MAX10_CLK2_50                                  ; input  ; 3.3-V LVTTL           ;         ; Row I/O    ; Y               ; no       ; Off          ;
; N15      ; 322        ; 6        ; RESERVED_INPUT_WITH_WEAK_PULLUP                ;        ;                       ;         ; Row I/O    ;                 ; no       ; On           ;
; N16      ;            ; 5        ; VCCIO5                                         ; power  ;                       ; 2.5V    ; --         ;                 ; --       ; --           ;
; N17      ;            ; 6        ; VCCIO6                                         ; power  ;                       ; 3.3V    ; --         ;                 ; --       ; --           ;
; N18      ; 336        ; 6        ; HEX5[3]                                        ; output ; 3.3-V LVTTL           ;         ; Row I/O    ; Y               ; no       ; Off          ;
; N19      ; 338        ; 6        ; HEX5[5]                                        ; output ; 3.3-V LVTTL           ;         ; Row I/O    ; Y               ; no       ; Off          ;
; N20      ; 339        ; 6        ; HEX5[6]                                        ; output ; 3.3-V LVTTL           ;         ; Row I/O    ; Y               ; no       ; Off          ;
; N21      ; 313        ; 5        ; RESERVED_INPUT_WITH_WEAK_PULLUP                ;        ;                       ;         ; Row I/O    ;                 ; no       ; On           ;
; N22      ; 307        ; 5        ; RESERVED_INPUT_WITH_WEAK_PULLUP                ;        ;                       ;         ; Row I/O    ;                 ; no       ; On           ;
; P1       ; 85         ; 2        ; RESERVED_INPUT_WITH_WEAK_PULLUP                ;        ;                       ;         ; Row I/O    ;                 ; no       ; On           ;
; P2       ;            ;          ; GND                                            ; gnd    ;                       ;         ; --         ;                 ; --       ; --           ;
; P3       ; 76         ; 2        ; RESERVED_INPUT_WITH_WEAK_PULLUP                ;        ;                       ;         ; Row I/O    ;                 ; no       ; On           ;
; P4       ; 57         ; 2        ; RESERVED_INPUT_WITH_WEAK_PULLUP                ;        ;                       ;         ; Row I/O    ;                 ; no       ; On           ;
; P5       ; 59         ; 2        ; RESERVED_INPUT_WITH_WEAK_PULLUP                ;        ;                       ;         ; Row I/O    ;                 ; no       ; On           ;
; P6       ;            ;          ; GND                                            ; gnd    ;                       ;         ; --         ;                 ; --       ; --           ;
; P7       ;            ; 2        ; VCCIO2                                         ; power  ;                       ; 3.3V    ; --         ;                 ; --       ; --           ;
; P8       ; 96         ; 2        ; RESERVED_INPUT_WITH_WEAK_PULLUP                ;        ;                       ;         ; Row I/O    ;                 ; no       ; On           ;
; P9       ; 142        ; 3        ; RESERVED_INPUT_WITH_WEAK_PULLUP                ;        ;                       ;         ; Column I/O ;                 ; no       ; On           ;
; P10      ; 154        ; 3        ; RESERVED_INPUT_WITH_WEAK_PULLUP                ;        ;                       ;         ; Column I/O ;                 ; no       ; On           ;
; P11      ; 166        ; 3        ; MAX10_CLK1_50                                  ; input  ; 3.3-V LVTTL           ;         ; Column I/O ; Y               ; no       ; Off          ;
; P12      ; 178        ; 4        ; RESERVED_INPUT_WITH_WEAK_PULLUP                ;        ;                       ;         ; Column I/O ;                 ; no       ; On           ;
; P13      ; 198        ; 4        ; RESERVED_INPUT_WITH_WEAK_PULLUP                ;        ;                       ;         ; Column I/O ;                 ; no       ; On           ;
; P14      ; 306        ; 5        ; RESERVED_INPUT_WITH_WEAK_PULLUP                ;        ;                       ;         ; Row I/O    ;                 ; no       ; On           ;
; P15      ; 304        ; 5        ; RESERVED_INPUT_WITH_WEAK_PULLUP                ;        ;                       ;         ; Row I/O    ;                 ; no       ; On           ;
; P16      ;            ; 5        ; VCCIO5                                         ; power  ;                       ; 2.5V    ; --         ;                 ; --       ; --           ;
; P17      ;            ;          ; GND                                            ; gnd    ;                       ;         ; --         ;                 ; --       ; --           ;
; P18      ; 310        ; 5        ; RESERVED_INPUT_WITH_WEAK_PULLUP                ;        ;                       ;         ; Row I/O    ;                 ; no       ; On           ;
; P19      ; 309        ; 5        ; RESERVED_INPUT_WITH_WEAK_PULLUP                ;        ;                       ;         ; Row I/O    ;                 ; no       ; On           ;
; P20      ; 311        ; 5        ; RESERVED_INPUT_WITH_WEAK_PULLUP                ;        ;                       ;         ; Row I/O    ;                 ; no       ; On           ;
; P21      ; 305        ; 5        ; RESERVED_INPUT_WITH_WEAK_PULLUP                ;        ;                       ;         ; Row I/O    ;                 ; no       ; On           ;
; P22      ; 303        ; 5        ; RESERVED_INPUT_WITH_WEAK_PULLUP                ;        ;                       ;         ; Row I/O    ;                 ; --       ; --           ;
; R1       ; 121        ; 2        ; RESERVED_INPUT_WITH_WEAK_PULLUP                ;        ;                       ;         ; Row I/O    ;                 ; no       ; On           ;
; R2       ; 123        ; 2        ; RESERVED_INPUT_WITH_WEAK_PULLUP                ;        ;                       ;         ; Row I/O    ;                 ; no       ; On           ;
; R3       ; 78         ; 2        ; RESERVED_INPUT_WITH_WEAK_PULLUP                ;        ;                       ;         ; Row I/O    ;                 ; no       ; On           ;
; R4       ; 80         ; 2        ; RESERVED_INPUT_WITH_WEAK_PULLUP                ;        ;                       ;         ; Row I/O    ;                 ; no       ; On           ;
; R5       ; 82         ; 2        ; RESERVED_INPUT_WITH_WEAK_PULLUP                ;        ;                       ;         ; Row I/O    ;                 ; no       ; On           ;
; R6       ;            ; 2        ; VCCIO2                                         ; power  ;                       ; 3.3V    ; --         ;                 ; --       ; --           ;
; R7       ; 98         ; 2        ; RESERVED_INPUT_WITH_WEAK_PULLUP                ;        ;                       ;         ; Row I/O    ;                 ; no       ; On           ;
; R8       ;            ; --       ; VCCA1                                          ; power  ;                       ; 2.5V    ; --         ;                 ; --       ; --           ;
; R9       ; 140        ; 3        ; RESERVED_INPUT_WITH_WEAK_PULLUP                ;        ;                       ;         ; Column I/O ;                 ; no       ; On           ;
; R10      ; 152        ; 3        ; RESERVED_INPUT_WITH_WEAK_PULLUP                ;        ;                       ;         ; Column I/O ;                 ; no       ; On           ;
; R11      ; 164        ; 3        ; RESERVED_INPUT_WITH_WEAK_PULLUP                ;        ;                       ;         ; Column I/O ;                 ; no       ; On           ;
; R12      ; 176        ; 4        ; RESERVED_INPUT_WITH_WEAK_PULLUP                ;        ;                       ;         ; Column I/O ;                 ; no       ; On           ;
; R13      ; 196        ; 4        ; RESERVED_INPUT_WITH_WEAK_PULLUP                ;        ;                       ;         ; Column I/O ;                 ; no       ; On           ;
; R14      ; 294        ; 5        ; RESERVED_INPUT_WITH_WEAK_PULLUP                ;        ;                       ;         ; Row I/O    ;                 ; no       ; On           ;
; R15      ; 292        ; 5        ; RESERVED_INPUT_WITH_WEAK_PULLUP                ;        ;                       ;         ; Row I/O    ;                 ; no       ; On           ;
; R16      ;            ; 5        ; VCCIO5                                         ; power  ;                       ; 2.5V    ; --         ;                 ; --       ; --           ;
; R17      ;            ; 5        ; VCCIO5                                         ; power  ;                       ; 2.5V    ; --         ;                 ; --       ; --           ;
; R18      ; 308        ; 5        ; RESERVED_INPUT_WITH_WEAK_PULLUP                ;        ;                       ;         ; Row I/O    ;                 ; no       ; On           ;
; R19      ;            ;          ; GND                                            ; gnd    ;                       ;         ; --         ;                 ; --       ; --           ;
; R20      ; 299        ; 5        ; RESERVED_INPUT_WITH_WEAK_PULLUP                ;        ;                       ;         ; Row I/O    ;                 ; no       ; On           ;
; R21      ;            ;          ; GND                                            ; gnd    ;                       ;         ; --         ;                 ; --       ; --           ;
; R22      ; 301        ; 5        ; RESERVED_INPUT_WITH_WEAK_PULLUP                ;        ;                       ;         ; Row I/O    ;                 ; no       ; On           ;
; T1       ; 81         ; 2        ; RESERVED_INPUT_WITH_WEAK_PULLUP                ;        ;                       ;         ; Row I/O    ;                 ; no       ; On           ;
; T2       ; 83         ; 2        ; RESERVED_INPUT_WITH_WEAK_PULLUP                ;        ;                       ;         ; Row I/O    ;                 ; no       ; On           ;
; T3       ; 88         ; 2        ; RESERVED_INPUT_WITH_WEAK_PULLUP                ;        ;                       ;         ; Row I/O    ;                 ; no       ; On           ;
; T4       ;            ;          ; GND                                            ; gnd    ;                       ;         ; --         ;                 ; --       ; --           ;
; T5       ; 120        ; 2        ; RESERVED_INPUT_WITH_WEAK_PULLUP                ;        ;                       ;         ; Row I/O    ;                 ; no       ; On           ;
; T6       ; 122        ; 2        ; RESERVED_INPUT_WITH_WEAK_PULLUP                ;        ;                       ;         ; Row I/O    ;                 ; no       ; On           ;
; T7       ;            ;          ; VCCD_PLL1                                      ; power  ;                       ; 1.2V    ; --         ;                 ; --       ; --           ;
; T8       ;            ;          ; GND                                            ; gnd    ;                       ;         ; --         ;                 ; --       ; --           ;
; T9       ;            ; 3        ; VCCIO3                                         ; power  ;                       ; 3.3V    ; --         ;                 ; --       ; --           ;
; T10      ;            ; 3        ; VCCIO3                                         ; power  ;                       ; 3.3V    ; --         ;                 ; --       ; --           ;
; T11      ;            ; 3        ; VCCIO3                                         ; power  ;                       ; 3.3V    ; --         ;                 ; --       ; --           ;
; T12      ;            ; 4        ; VCCIO4                                         ; power  ;                       ; 3.3V    ; --         ;                 ; --       ; --           ;
; T13      ;            ; 4        ; VCCIO4                                         ; power  ;                       ; 3.3V    ; --         ;                 ; --       ; --           ;
; T14      ;            ;          ; GND                                            ; gnd    ;                       ;         ; --         ;                 ; --       ; --           ;
; T15      ;            ; --       ; VCCA4                                          ; power  ;                       ; 2.5V    ; --         ;                 ; --       ; --           ;
; T16      ;            ;          ; GND                                            ; gnd    ;                       ;         ; --         ;                 ; --       ; --           ;
; T17      ;            ; 5        ; VCCIO5                                         ; power  ;                       ; 2.5V    ; --         ;                 ; --       ; --           ;
; T18      ; 298        ; 5        ; RESERVED_INPUT_WITH_WEAK_PULLUP                ;        ;                       ;         ; Row I/O    ;                 ; no       ; On           ;
; T19      ; 296        ; 5        ; RESERVED_INPUT_WITH_WEAK_PULLUP                ;        ;                       ;         ; Row I/O    ;                 ; no       ; On           ;
; T20      ; 297        ; 5        ; RESERVED_INPUT_WITH_WEAK_PULLUP                ;        ;                       ;         ; Row I/O    ;                 ; no       ; On           ;
; T21      ; 293        ; 5        ; RESERVED_INPUT_WITH_WEAK_PULLUP                ;        ;                       ;         ; Row I/O    ;                 ; no       ; On           ;
; T22      ; 295        ; 5        ; RESERVED_INPUT_WITH_WEAK_PULLUP                ;        ;                       ;         ; Row I/O    ;                 ; no       ; On           ;
; U1       ; 89         ; 2        ; RESERVED_INPUT_WITH_WEAK_PULLUP                ;        ;                       ;         ; Row I/O    ;                 ; no       ; On           ;
; U2       ; 90         ; 2        ; RESERVED_INPUT_WITH_WEAK_PULLUP                ;        ;                       ;         ; Row I/O    ;                 ; no       ; On           ;
; U3       ; 93         ; 2        ; RESERVED_INPUT_WITH_WEAK_PULLUP                ;        ;                       ;         ; Row I/O    ;                 ; no       ; On           ;
; U4       ; 92         ; 2        ; RESERVED_INPUT_WITH_WEAK_PULLUP                ;        ;                       ;         ; Row I/O    ;                 ; no       ; On           ;
; U5       ; 94         ; 2        ; RESERVED_INPUT_WITH_WEAK_PULLUP                ;        ;                       ;         ; Row I/O    ;                 ; no       ; On           ;
; U6       ; 128        ; 3        ; RESERVED_INPUT_WITH_WEAK_PULLUP                ;        ;                       ;         ; Column I/O ;                 ; no       ; On           ;
; U7       ; 130        ; 3        ; RESERVED_INPUT_WITH_WEAK_PULLUP                ;        ;                       ;         ; Column I/O ;                 ; no       ; On           ;
; U8       ;            ; 3        ; VCCIO3                                         ; power  ;                       ; 3.3V    ; --         ;                 ; --       ; --           ;
; U9       ;            ; 3        ; VCCIO3                                         ; power  ;                       ; 3.3V    ; --         ;                 ; --       ; --           ;
; U10      ;            ;          ; GND                                            ; gnd    ;                       ;         ; --         ;                 ; --       ; --           ;
; U11      ;            ; 4        ; VCCIO4                                         ; power  ;                       ; 3.3V    ; --         ;                 ; --       ; --           ;
; U12      ;            ; 4        ; VCCIO4                                         ; power  ;                       ; 3.3V    ; --         ;                 ; --       ; --           ;
; U13      ;            ;          ; GND                                            ; gnd    ;                       ;         ; --         ;                 ; --       ; --           ;
; U14      ;            ; 4        ; VCCIO4                                         ; power  ;                       ; 3.3V    ; --         ;                 ; --       ; --           ;
; U15      ; 208        ; 4        ; RESERVED_INPUT_WITH_WEAK_PULLUP                ;        ;                       ;         ; Column I/O ;                 ; no       ; On           ;
; U16      ;            ;          ; VCCD_PLL4                                      ; power  ;                       ; 1.2V    ; --         ;                 ; --       ; --           ;
; U17      ; 246        ; 5        ; RESERVED_INPUT_WITH_WEAK_PULLUP                ;        ;                       ;         ; Row I/O    ;                 ; no       ; On           ;
; U18      ; 244        ; 5        ; RESERVED_INPUT_WITH_WEAK_PULLUP                ;        ;                       ;         ; Row I/O    ;                 ; no       ; On           ;
; U19      ; 282        ; 5        ; RESERVED_INPUT_WITH_WEAK_PULLUP                ;        ;                       ;         ; Row I/O    ;                 ; no       ; On           ;
; U20      ; 290        ; 5        ; RESERVED_INPUT_WITH_WEAK_PULLUP                ;        ;                       ;         ; Row I/O    ;                 ; no       ; On           ;
; U21      ; 300        ; 5        ; RESERVED_INPUT_WITH_WEAK_PULLUP                ;        ;                       ;         ; Row I/O    ;                 ; no       ; On           ;
; U22      ; 302        ; 5        ; RESERVED_INPUT_WITH_WEAK_PULLUP                ;        ;                       ;         ; Row I/O    ;                 ; no       ; On           ;
; V1       ; 91         ; 2        ; RESERVED_INPUT_WITH_WEAK_PULLUP                ;        ;                       ;         ; Row I/O    ;                 ; no       ; On           ;
; V2       ;            ;          ; GND                                            ; gnd    ;                       ;         ; --         ;                 ; --       ; --           ;
; V3       ; 95         ; 2        ; RESERVED_INPUT_WITH_WEAK_PULLUP                ;        ;                       ;         ; Row I/O    ;                 ; no       ; On           ;
; V4       ; 125        ; 3        ; RESERVED_INPUT_WITH_WEAK_PULLUP                ;        ;                       ;         ; Column I/O ;                 ; no       ; On           ;
; V5       ; 127        ; 3        ; GPIO[9]                                        ; bidir  ; 3.3-V LVTTL           ;         ; Column I/O ; Y               ; no       ; Off          ;
; V6       ;            ;          ; GND                                            ; gnd    ;                       ;         ; --         ;                 ; --       ; --           ;
; V7       ; 136        ; 3        ; GPIO[6]                                        ; bidir  ; 3.3-V LVTTL           ;         ; Column I/O ; Y               ; no       ; Off          ;
; V8       ; 138        ; 3        ; GPIO[4]                                        ; bidir  ; 3.3-V LVTTL           ;         ; Column I/O ; Y               ; no       ; Off          ;
; V9       ; 160        ; 3        ; GPIO[2]                                        ; bidir  ; 3.3-V LVTTL           ;         ; Column I/O ; Y               ; no       ; Off          ;
; V10      ; 162        ; 3        ; GPIO[0]                                        ; bidir  ; 3.3-V LVTTL           ;         ; Column I/O ; Y               ; no       ; Off          ;
; V11      ; 172        ; 4        ; RESERVED_INPUT_WITH_WEAK_PULLUP                ;        ;                       ;         ; Column I/O ;                 ; no       ; On           ;
; V12      ; 174        ; 4        ; RESERVED_INPUT_WITH_WEAK_PULLUP                ;        ;                       ;         ; Column I/O ;                 ; no       ; On           ;
; V13      ; 192        ; 4        ; RESERVED_INPUT_WITH_WEAK_PULLUP                ;        ;                       ;         ; Column I/O ;                 ; no       ; On           ;
; V14      ; 204        ; 4        ; RESERVED_INPUT_WITH_WEAK_PULLUP                ;        ;                       ;         ; Column I/O ;                 ; no       ; On           ;
; V15      ; 216        ; 4        ; RESERVED_INPUT_WITH_WEAK_PULLUP                ;        ;                       ;         ; Column I/O ;                 ; no       ; On           ;
; V16      ; 210        ; 4        ; RESERVED_INPUT_WITH_WEAK_PULLUP                ;        ;                       ;         ; Column I/O ;                 ; no       ; On           ;
; V17      ; 242        ; 4        ; RESERVED_INPUT_WITH_WEAK_PULLUP                ;        ;                       ;         ; Column I/O ;                 ; no       ; On           ;
; V18      ; 280        ; 5        ; RESERVED_INPUT_WITH_WEAK_PULLUP                ;        ;                       ;         ; Row I/O    ;                 ; no       ; On           ;
; V19      ;            ;          ; GND                                            ; gnd    ;                       ;         ; --         ;                 ; --       ; --           ;
; V20      ; 288        ; 5        ; RESERVED_INPUT_WITH_WEAK_PULLUP                ;        ;                       ;         ; Row I/O    ;                 ; no       ; On           ;
; V21      ; 289        ; 5        ; RESERVED_INPUT_WITH_WEAK_PULLUP                ;        ;                       ;         ; Row I/O    ;                 ; no       ; On           ;
; V22      ; 291        ; 5        ; RESERVED_INPUT_WITH_WEAK_PULLUP                ;        ;                       ;         ; Row I/O    ;                 ; no       ; On           ;
; W1       ; 97         ; 2        ; RESERVED_INPUT_WITH_WEAK_PULLUP                ;        ;                       ;         ; Row I/O    ;                 ; no       ; On           ;
; W2       ; 99         ; 2        ; RESERVED_INPUT_WITH_WEAK_PULLUP                ;        ;                       ;         ; Row I/O    ;                 ; no       ; On           ;
; W3       ; 134        ; 3        ; RESERVED_INPUT_WITH_WEAK_PULLUP                ;        ;                       ;         ; Column I/O ;                 ; no       ; On           ;
; W4       ; 132        ; 3        ; RESERVED_INPUT_WITH_WEAK_PULLUP                ;        ;                       ;         ; Column I/O ;                 ; no       ; On           ;
; W5       ; 124        ; 3        ; GPIO[10]                                       ; bidir  ; 3.3-V LVTTL           ;         ; Column I/O ; Y               ; no       ; Off          ;
; W6       ; 126        ; 3        ; GPIO[8]                                        ; bidir  ; 3.3-V LVTTL           ;         ; Column I/O ; Y               ; no       ; Off          ;
; W7       ; 148        ; 3        ; GPIO[7]                                        ; bidir  ; 3.3-V LVTTL           ;         ; Column I/O ; Y               ; no       ; Off          ;
; W8       ; 150        ; 3        ; GPIO[5]                                        ; bidir  ; 3.3-V LVTTL           ;         ; Column I/O ; Y               ; no       ; Off          ;
; W9       ; 144        ; 3        ; GPIO[3]                                        ; bidir  ; 3.3-V LVTTL           ;         ; Column I/O ; Y               ; no       ; Off          ;
; W10      ; 146        ; 3        ; GPIO[1]                                        ; bidir  ; 3.3-V LVTTL           ;         ; Column I/O ; Y               ; no       ; Off          ;
; W11      ; 173        ; 4        ; GPIO[19]                                       ; bidir  ; 3.3-V LVTTL           ;         ; Column I/O ; Y               ; no       ; Off          ;
; W12      ; 193        ; 4        ; GPIO[14]                                       ; bidir  ; 3.3-V LVTTL           ;         ; Column I/O ; Y               ; no       ; Off          ;
; W13      ; 195        ; 4        ; GPIO[13]                                       ; bidir  ; 3.3-V LVTTL           ;         ; Column I/O ; Y               ; no       ; Off          ;
; W14      ; 194        ; 4        ; RESERVED_INPUT_WITH_WEAK_PULLUP                ;        ;                       ;         ; Column I/O ;                 ; no       ; On           ;
; W15      ; 206        ; 4        ; RESERVED_INPUT_WITH_WEAK_PULLUP                ;        ;                       ;         ; Column I/O ;                 ; no       ; On           ;
; W16      ; 218        ; 4        ; RESERVED_INPUT_WITH_WEAK_PULLUP                ;        ;                       ;         ; Column I/O ;                 ; no       ; On           ;
; W17      ; 240        ; 4        ; RESERVED_INPUT_WITH_WEAK_PULLUP                ;        ;                       ;         ; Column I/O ;                 ; no       ; On           ;
; W18      ; 226        ; 4        ; RESERVED_INPUT_WITH_WEAK_PULLUP                ;        ;                       ;         ; Column I/O ;                 ; no       ; On           ;
; W19      ; 284        ; 5        ; RESERVED_INPUT_WITH_WEAK_PULLUP                ;        ;                       ;         ; Row I/O    ;                 ; no       ; On           ;
; W20      ; 286        ; 5        ; RESERVED_INPUT_WITH_WEAK_PULLUP                ;        ;                       ;         ; Row I/O    ;                 ; no       ; On           ;
; W21      ;            ;          ; GND                                            ; gnd    ;                       ;         ; --         ;                 ; --       ; --           ;
; W22      ; 283        ; 5        ; RESERVED_INPUT_WITH_WEAK_PULLUP                ;        ;                       ;         ; Row I/O    ;                 ; no       ; On           ;
; Y1       ; 129        ; 3        ; RESERVED_INPUT_WITH_WEAK_PULLUP                ;        ;                       ;         ; Column I/O ;                 ; no       ; On           ;
; Y2       ; 131        ; 3        ; RESERVED_INPUT_WITH_WEAK_PULLUP                ;        ;                       ;         ; Column I/O ;                 ; no       ; On           ;
; Y3       ; 149        ; 3        ; GPIO[33]                                       ; bidir  ; 3.3-V LVTTL           ;         ; Column I/O ; Y               ; no       ; Off          ;
; Y4       ; 151        ; 3        ; GPIO[31]                                       ; bidir  ; 3.3-V LVTTL           ;         ; Column I/O ; Y               ; no       ; Off          ;
; Y5       ; 137        ; 3        ; GPIO[29]                                       ; bidir  ; 3.3-V LVTTL           ;         ; Column I/O ; Y               ; no       ; Off          ;
; Y6       ; 139        ; 3        ; GPIO[27]                                       ; bidir  ; 3.3-V LVTTL           ;         ; Column I/O ; Y               ; no       ; Off          ;
; Y7       ; 141        ; 3        ; GPIO[25]                                       ; bidir  ; 3.3-V LVTTL           ;         ; Column I/O ; Y               ; no       ; Off          ;
; Y8       ; 143        ; 3        ; GPIO[23]                                       ; bidir  ; 3.3-V LVTTL           ;         ; Column I/O ; Y               ; no       ; Off          ;
; Y9       ;            ;          ; GND                                            ; gnd    ;                       ;         ; --         ;                 ; --       ; --           ;
; Y10      ; 168        ; 3        ; RESERVED_INPUT_WITH_WEAK_PULLUP                ;        ;                       ;         ; Column I/O ;                 ; no       ; On           ;
; Y11      ; 175        ; 4        ; GPIO[17]                                       ; bidir  ; 3.3-V LVTTL           ;         ; Column I/O ; Y               ; no       ; Off          ;
; Y12      ;            ;          ; GND                                            ; gnd    ;                       ;         ; --         ;                 ; --       ; --           ;
; Y13      ; 200        ; 4        ; RESERVED_INPUT_WITH_WEAK_PULLUP                ;        ;                       ;         ; Column I/O ;                 ; no       ; On           ;
; Y14      ; 202        ; 4        ; RESERVED_INPUT_WITH_WEAK_PULLUP                ;        ;                       ;         ; Column I/O ;                 ; no       ; On           ;
; Y15      ;            ;          ; GND                                            ; gnd    ;                       ;         ; --         ;                 ; --       ; --           ;
; Y16      ; 207        ; 4        ; RESERVED_INPUT_WITH_WEAK_PULLUP                ;        ;                       ;         ; Column I/O ;                 ; no       ; On           ;
; Y17      ; 214        ; 4        ; RESERVED_INPUT_WITH_WEAK_PULLUP                ;        ;                       ;         ; Column I/O ;                 ; no       ; On           ;
; Y18      ; 219        ; 4        ; RESERVED_INPUT_WITH_WEAK_PULLUP                ;        ;                       ;         ; Column I/O ;                 ; no       ; On           ;
; Y19      ; 224        ; 4        ; RESERVED_INPUT_WITH_WEAK_PULLUP                ;        ;                       ;         ; Column I/O ;                 ; no       ; On           ;
; Y20      ; 285        ; 5        ; RESERVED_INPUT_WITH_WEAK_PULLUP                ;        ;                       ;         ; Row I/O    ;                 ; no       ; On           ;
; Y21      ; 287        ; 5        ; RESERVED_INPUT_WITH_WEAK_PULLUP                ;        ;                       ;         ; Row I/O    ;                 ; no       ; On           ;
; Y22      ; 281        ; 5        ; RESERVED_INPUT_WITH_WEAK_PULLUP                ;        ;                       ;         ; Row I/O    ;                 ; no       ; On           ;
+----------+------------+----------+------------------------------------------------+--------+-----------------------+---------+------------+-----------------+----------+--------------+
Note: Pin directions (input, output or bidir) are based on device operating in user mode.


+-----------------------------------+
; I/O Assignment Warnings           ;
+----------+------------------------+
; Pin Name ; Reason                 ;
+----------+------------------------+
; HEX0[0]  ; Missing drive strength ;
; HEX0[1]  ; Missing drive strength ;
; HEX0[2]  ; Missing drive strength ;
; HEX0[3]  ; Missing drive strength ;
; HEX0[4]  ; Missing drive strength ;
; HEX0[5]  ; Missing drive strength ;
; HEX0[6]  ; Missing drive strength ;
; HEX0[7]  ; Missing drive strength ;
; HEX1[0]  ; Missing drive strength ;
; HEX1[1]  ; Missing drive strength ;
; HEX1[2]  ; Missing drive strength ;
; HEX1[3]  ; Missing drive strength ;
; HEX1[4]  ; Missing drive strength ;
; HEX1[5]  ; Missing drive strength ;
; HEX1[6]  ; Missing drive strength ;
; HEX1[7]  ; Missing drive strength ;
; HEX2[0]  ; Missing drive strength ;
; HEX2[1]  ; Missing drive strength ;
; HEX2[2]  ; Missing drive strength ;
; HEX2[3]  ; Missing drive strength ;
; HEX2[4]  ; Missing drive strength ;
; HEX2[5]  ; Missing drive strength ;
; HEX2[6]  ; Missing drive strength ;
; HEX2[7]  ; Missing drive strength ;
; HEX3[0]  ; Missing drive strength ;
; HEX3[1]  ; Missing drive strength ;
; HEX3[2]  ; Missing drive strength ;
; HEX3[3]  ; Missing drive strength ;
; HEX3[4]  ; Missing drive strength ;
; HEX3[5]  ; Missing drive strength ;
; HEX3[6]  ; Missing drive strength ;
; HEX3[7]  ; Missing drive strength ;
; HEX4[0]  ; Missing drive strength ;
; HEX4[1]  ; Missing drive strength ;
; HEX4[2]  ; Missing drive strength ;
; HEX4[3]  ; Missing drive strength ;
; HEX4[4]  ; Missing drive strength ;
; HEX4[5]  ; Missing drive strength ;
; HEX4[6]  ; Missing drive strength ;
; HEX4[7]  ; Missing drive strength ;
; HEX5[0]  ; Missing drive strength ;
; HEX5[1]  ; Missing drive strength ;
; HEX5[2]  ; Missing drive strength ;
; HEX5[3]  ; Missing drive strength ;
; HEX5[4]  ; Missing drive strength ;
; HEX5[5]  ; Missing drive strength ;
; HEX5[6]  ; Missing drive strength ;
; HEX5[7]  ; Missing drive strength ;
; LEDR[0]  ; Missing drive strength ;
; LEDR[1]  ; Missing drive strength ;
; LEDR[2]  ; Missing drive strength ;
; LEDR[3]  ; Missing drive strength ;
; LEDR[4]  ; Missing drive strength ;
; LEDR[5]  ; Missing drive strength ;
; LEDR[6]  ; Missing drive strength ;
; LEDR[7]  ; Missing drive strength ;
; LEDR[8]  ; Missing drive strength ;
; LEDR[9]  ; Missing drive strength ;
; GPIO[0]  ; Missing drive strength ;
; GPIO[1]  ; Missing drive strength ;
; GPIO[2]  ; Missing drive strength ;
; GPIO[3]  ; Missing drive strength ;
; GPIO[4]  ; Missing drive strength ;
; GPIO[5]  ; Missing drive strength ;
; GPIO[6]  ; Missing drive strength ;
; GPIO[7]  ; Missing drive strength ;
; GPIO[8]  ; Missing drive strength ;
; GPIO[9]  ; Missing drive strength ;
; GPIO[10] ; Missing drive strength ;
; GPIO[11] ; Missing drive strength ;
; GPIO[12] ; Missing drive strength ;
; GPIO[13] ; Missing drive strength ;
; GPIO[14] ; Missing drive strength ;
; GPIO[15] ; Missing drive strength ;
; GPIO[16] ; Missing drive strength ;
; GPIO[17] ; Missing drive strength ;
; GPIO[18] ; Missing drive strength ;
; GPIO[19] ; Missing drive strength ;
; GPIO[20] ; Missing drive strength ;
; GPIO[21] ; Missing drive strength ;
; GPIO[22] ; Missing drive strength ;
; GPIO[23] ; Missing drive strength ;
; GPIO[24] ; Missing drive strength ;
; GPIO[25] ; Missing drive strength ;
; GPIO[26] ; Missing drive strength ;
; GPIO[27] ; Missing drive strength ;
; GPIO[28] ; Missing drive strength ;
; GPIO[29] ; Missing drive strength ;
; GPIO[30] ; Missing drive strength ;
; GPIO[31] ; Missing drive strength ;
; GPIO[32] ; Missing drive strength ;
; GPIO[33] ; Missing drive strength ;
; GPIO[34] ; Missing drive strength ;
; GPIO[35] ; Missing drive strength ;
+----------+------------------------+


+-------------------------------------------------------------------------------------------------------------------------------------------------------------------------------------------------------------------------------------------------------------------------------------------------------------------------------------------------------------------------+
; Fitter Resource Utilization by Entity                                                                                                                                                                                                                                                                                                                                   ;
+---------------------------------+-------------+---------------------------+---------------+-------------+------+------------+--------------+---------+-----------+------+--------------+--------------+-------------------+------------------+------------+--------------------------------------------------------------------------------+-------------+--------------+
; Compilation Hierarchy Node      ; Logic Cells ; Dedicated Logic Registers ; I/O Registers ; Memory Bits ; M9Ks ; UFM Blocks ; DSP Elements ; DSP 9x9 ; DSP 18x18 ; Pins ; Virtual Pins ; LUT-Only LCs ; Register-Only LCs ; LUT/Register LCs ; ADC blocks ; Full Hierarchy Name                                                            ; Entity Name ; Library Name ;
+---------------------------------+-------------+---------------------------+---------------+-------------+------+------------+--------------+---------+-----------+------+--------------+--------------+-------------------+------------------+------------+--------------------------------------------------------------------------------+-------------+--------------+
; |CEL_PROJECT                    ; 7284 (11)   ; 5152 (0)                  ; 0 (0)         ; 0           ; 0    ; 1          ; 0            ; 0       ; 0         ; 109  ; 0            ; 2132 (9)     ; 1989 (0)          ; 3163 (2)         ; 0          ; |CEL_PROJECT                                                                   ; CEL_PROJECT ; work         ;
;    |my_computer:U1|             ; 7275 (0)    ; 5152 (0)                  ; 0 (0)         ; 0           ; 0    ; 0          ; 0            ; 0       ; 0         ; 0    ; 0            ; 2123 (0)     ; 1989 (0)          ; 3163 (0)         ; 0          ; |CEL_PROJECT|my_computer:U1                                                    ; my_computer ; work         ;
;       |dmem:dmem|               ; 5342 (5342) ; 4096 (4096)               ; 0 (0)         ; 0           ; 0    ; 0          ; 0            ; 0       ; 0         ; 0    ; 0            ; 1246 (1246)  ; 1623 (1623)       ; 2473 (2473)      ; 0          ; |CEL_PROJECT|my_computer:U1|dmem:dmem                                          ; dmem        ; work         ;
;       |imem:imem|               ; 51 (51)     ; 0 (0)                     ; 0 (0)         ; 0           ; 0    ; 0          ; 0            ; 0       ; 0         ; 0    ; 0            ; 51 (51)      ; 0 (0)             ; 0 (0)            ; 0          ; |CEL_PROJECT|my_computer:U1|imem:imem                                          ; imem        ; work         ;
;       |riscvsingle:rvsingle|    ; 1897 (0)    ; 1056 (0)                  ; 0 (0)         ; 0           ; 0    ; 0          ; 0            ; 0       ; 0         ; 0    ; 0            ; 826 (0)      ; 366 (0)           ; 705 (0)          ; 0          ; |CEL_PROJECT|my_computer:U1|riscvsingle:rvsingle                               ; riscvsingle ; work         ;
;          |controller:c|         ; 30 (13)     ; 0 (0)                     ; 0 (0)         ; 0           ; 0    ; 0          ; 0            ; 0       ; 0         ; 0    ; 0            ; 30 (13)      ; 0 (0)             ; 0 (0)            ; 0          ; |CEL_PROJECT|my_computer:U1|riscvsingle:rvsingle|controller:c                  ; controller  ; work         ;
;             |aludec:ad|         ; 5 (5)       ; 0 (0)                     ; 0 (0)         ; 0           ; 0    ; 0          ; 0            ; 0       ; 0         ; 0    ; 0            ; 5 (5)        ; 0 (0)             ; 0 (0)            ; 0          ; |CEL_PROJECT|my_computer:U1|riscvsingle:rvsingle|controller:c|aludec:ad        ; aludec      ; work         ;
;             |maindec:md|        ; 12 (12)     ; 0 (0)                     ; 0 (0)         ; 0           ; 0    ; 0          ; 0            ; 0       ; 0         ; 0    ; 0            ; 12 (12)      ; 0 (0)             ; 0 (0)            ; 0          ; |CEL_PROJECT|my_computer:U1|riscvsingle:rvsingle|controller:c|maindec:md       ; maindec     ; work         ;
;          |datapath:dp|          ; 1867 (0)    ; 1056 (0)                  ; 0 (0)         ; 0           ; 0    ; 0          ; 0            ; 0       ; 0         ; 0    ; 0            ; 796 (0)      ; 366 (0)           ; 705 (0)          ; 0          ; |CEL_PROJECT|my_computer:U1|riscvsingle:rvsingle|datapath:dp                   ; datapath    ; work         ;
;             |adder:pcadd4|      ; 30 (30)     ; 0 (0)                     ; 0 (0)         ; 0           ; 0    ; 0          ; 0            ; 0       ; 0         ; 0    ; 0            ; 30 (30)      ; 0 (0)             ; 0 (0)            ; 0          ; |CEL_PROJECT|my_computer:U1|riscvsingle:rvsingle|datapath:dp|adder:pcadd4      ; adder       ; work         ;
;             |adder:pcaddbranch| ; 32 (32)     ; 0 (0)                     ; 0 (0)         ; 0           ; 0    ; 0          ; 0            ; 0       ; 0         ; 0    ; 0            ; 30 (30)      ; 0 (0)             ; 2 (2)            ; 0          ; |CEL_PROJECT|my_computer:U1|riscvsingle:rvsingle|datapath:dp|adder:pcaddbranch ; adder       ; work         ;
;             |alu:alu|           ; 342 (342)   ; 0 (0)                     ; 0 (0)         ; 0           ; 0    ; 0          ; 0            ; 0       ; 0         ; 0    ; 0            ; 342 (342)    ; 0 (0)             ; 0 (0)            ; 0          ; |CEL_PROJECT|my_computer:U1|riscvsingle:rvsingle|datapath:dp|alu:alu           ; alu         ; work         ;
;             |extend:ext|        ; 21 (21)     ; 0 (0)                     ; 0 (0)         ; 0           ; 0    ; 0          ; 0            ; 0       ; 0         ; 0    ; 0            ; 21 (21)      ; 0 (0)             ; 0 (0)            ; 0          ; |CEL_PROJECT|my_computer:U1|riscvsingle:rvsingle|datapath:dp|extend:ext        ; extend      ; work         ;
;             |flopr:pcreg|       ; 32 (32)     ; 32 (32)                   ; 0 (0)         ; 0           ; 0    ; 0          ; 0            ; 0       ; 0         ; 0    ; 0            ; 0 (0)        ; 0 (0)             ; 32 (32)          ; 0          ; |CEL_PROJECT|my_computer:U1|riscvsingle:rvsingle|datapath:dp|flopr:pcreg       ; flopr       ; work         ;
;             |mux2:pcmux|        ; 30 (30)     ; 0 (0)                     ; 0 (0)         ; 0           ; 0    ; 0          ; 0            ; 0       ; 0         ; 0    ; 0            ; 0 (0)        ; 0 (0)             ; 30 (30)          ; 0          ; |CEL_PROJECT|my_computer:U1|riscvsingle:rvsingle|datapath:dp|mux2:pcmux        ; mux2        ; work         ;
;             |mux2:srcbmux|      ; 30 (30)     ; 0 (0)                     ; 0 (0)         ; 0           ; 0    ; 0          ; 0            ; 0       ; 0         ; 0    ; 0            ; 30 (30)      ; 0 (0)             ; 0 (0)            ; 0          ; |CEL_PROJECT|my_computer:U1|riscvsingle:rvsingle|datapath:dp|mux2:srcbmux      ; mux2        ; work         ;
;             |mux3:resultmux|    ; 99 (99)     ; 0 (0)                     ; 0 (0)         ; 0           ; 0    ; 0          ; 0            ; 0       ; 0         ; 0    ; 0            ; 78 (78)      ; 0 (0)             ; 21 (21)          ; 0          ; |CEL_PROJECT|my_computer:U1|riscvsingle:rvsingle|datapath:dp|mux3:resultmux    ; mux3        ; work         ;
;             |regfile:rf|        ; 1301 (1301) ; 1024 (1024)               ; 0 (0)         ; 0           ; 0    ; 0          ; 0            ; 0       ; 0         ; 0    ; 0            ; 265 (265)    ; 366 (366)         ; 670 (670)        ; 0          ; |CEL_PROJECT|my_computer:U1|riscvsingle:rvsingle|datapath:dp|regfile:rf        ; regfile     ; work         ;
+---------------------------------+-------------+---------------------------+---------------+-------------+------+------------+--------------+---------+-----------+------+--------------+--------------+-------------------+------------------+------------+--------------------------------------------------------------------------------+-------------+--------------+
Note: For table entries with two numbers listed, the numbers in parentheses indicate the number of resources of the given type used by the specific entity alone. The numbers listed outside of parentheses indicate the total resources of the given type used by the specific entity and all of its sub-entities in the hierarchy.


+-----------------------------------------------------------------------------------------------+
; Delay Chain Summary                                                                           ;
+---------------+----------+---------------+---------------+-----------------------+-----+------+
; Name          ; Pin Type ; Pad to Core 0 ; Pad to Core 1 ; Pad to Input Register ; TCO ; TCOE ;
+---------------+----------+---------------+---------------+-----------------------+-----+------+
; ADC_CLK_10    ; Input    ; --            ; --            ; --                    ; --  ; --   ;
; MAX10_CLK1_50 ; Input    ; --            ; --            ; --                    ; --  ; --   ;
; MAX10_CLK2_50 ; Input    ; --            ; --            ; --                    ; --  ; --   ;
; HEX0[0]       ; Output   ; --            ; --            ; --                    ; --  ; --   ;
; HEX0[1]       ; Output   ; --            ; --            ; --                    ; --  ; --   ;
; HEX0[2]       ; Output   ; --            ; --            ; --                    ; --  ; --   ;
; HEX0[3]       ; Output   ; --            ; --            ; --                    ; --  ; --   ;
; HEX0[4]       ; Output   ; --            ; --            ; --                    ; --  ; --   ;
; HEX0[5]       ; Output   ; --            ; --            ; --                    ; --  ; --   ;
; HEX0[6]       ; Output   ; --            ; --            ; --                    ; --  ; --   ;
; HEX0[7]       ; Output   ; --            ; --            ; --                    ; --  ; --   ;
; HEX1[0]       ; Output   ; --            ; --            ; --                    ; --  ; --   ;
; HEX1[1]       ; Output   ; --            ; --            ; --                    ; --  ; --   ;
; HEX1[2]       ; Output   ; --            ; --            ; --                    ; --  ; --   ;
; HEX1[3]       ; Output   ; --            ; --            ; --                    ; --  ; --   ;
; HEX1[4]       ; Output   ; --            ; --            ; --                    ; --  ; --   ;
; HEX1[5]       ; Output   ; --            ; --            ; --                    ; --  ; --   ;
; HEX1[6]       ; Output   ; --            ; --            ; --                    ; --  ; --   ;
; HEX1[7]       ; Output   ; --            ; --            ; --                    ; --  ; --   ;
; HEX2[0]       ; Output   ; --            ; --            ; --                    ; --  ; --   ;
; HEX2[1]       ; Output   ; --            ; --            ; --                    ; --  ; --   ;
; HEX2[2]       ; Output   ; --            ; --            ; --                    ; --  ; --   ;
; HEX2[3]       ; Output   ; --            ; --            ; --                    ; --  ; --   ;
; HEX2[4]       ; Output   ; --            ; --            ; --                    ; --  ; --   ;
; HEX2[5]       ; Output   ; --            ; --            ; --                    ; --  ; --   ;
; HEX2[6]       ; Output   ; --            ; --            ; --                    ; --  ; --   ;
; HEX2[7]       ; Output   ; --            ; --            ; --                    ; --  ; --   ;
; HEX3[0]       ; Output   ; --            ; --            ; --                    ; --  ; --   ;
; HEX3[1]       ; Output   ; --            ; --            ; --                    ; --  ; --   ;
; HEX3[2]       ; Output   ; --            ; --            ; --                    ; --  ; --   ;
; HEX3[3]       ; Output   ; --            ; --            ; --                    ; --  ; --   ;
; HEX3[4]       ; Output   ; --            ; --            ; --                    ; --  ; --   ;
; HEX3[5]       ; Output   ; --            ; --            ; --                    ; --  ; --   ;
; HEX3[6]       ; Output   ; --            ; --            ; --                    ; --  ; --   ;
; HEX3[7]       ; Output   ; --            ; --            ; --                    ; --  ; --   ;
; HEX4[0]       ; Output   ; --            ; --            ; --                    ; --  ; --   ;
; HEX4[1]       ; Output   ; --            ; --            ; --                    ; --  ; --   ;
; HEX4[2]       ; Output   ; --            ; --            ; --                    ; --  ; --   ;
; HEX4[3]       ; Output   ; --            ; --            ; --                    ; --  ; --   ;
; HEX4[4]       ; Output   ; --            ; --            ; --                    ; --  ; --   ;
; HEX4[5]       ; Output   ; --            ; --            ; --                    ; --  ; --   ;
; HEX4[6]       ; Output   ; --            ; --            ; --                    ; --  ; --   ;
; HEX4[7]       ; Output   ; --            ; --            ; --                    ; --  ; --   ;
; HEX5[0]       ; Output   ; --            ; --            ; --                    ; --  ; --   ;
; HEX5[1]       ; Output   ; --            ; --            ; --                    ; --  ; --   ;
; HEX5[2]       ; Output   ; --            ; --            ; --                    ; --  ; --   ;
; HEX5[3]       ; Output   ; --            ; --            ; --                    ; --  ; --   ;
; HEX5[4]       ; Output   ; --            ; --            ; --                    ; --  ; --   ;
; HEX5[5]       ; Output   ; --            ; --            ; --                    ; --  ; --   ;
; HEX5[6]       ; Output   ; --            ; --            ; --                    ; --  ; --   ;
; HEX5[7]       ; Output   ; --            ; --            ; --                    ; --  ; --   ;
; LEDR[0]       ; Output   ; --            ; --            ; --                    ; --  ; --   ;
; LEDR[1]       ; Output   ; --            ; --            ; --                    ; --  ; --   ;
; LEDR[2]       ; Output   ; --            ; --            ; --                    ; --  ; --   ;
; LEDR[3]       ; Output   ; --            ; --            ; --                    ; --  ; --   ;
; LEDR[4]       ; Output   ; --            ; --            ; --                    ; --  ; --   ;
; LEDR[5]       ; Output   ; --            ; --            ; --                    ; --  ; --   ;
; LEDR[6]       ; Output   ; --            ; --            ; --                    ; --  ; --   ;
; LEDR[7]       ; Output   ; --            ; --            ; --                    ; --  ; --   ;
; LEDR[8]       ; Output   ; --            ; --            ; --                    ; --  ; --   ;
; LEDR[9]       ; Output   ; --            ; --            ; --                    ; --  ; --   ;
; SW[0]         ; Input    ; --            ; --            ; --                    ; --  ; --   ;
; SW[1]         ; Input    ; --            ; --            ; --                    ; --  ; --   ;
; SW[8]         ; Input    ; --            ; --            ; --                    ; --  ; --   ;
; GPIO[0]       ; Bidir    ; --            ; --            ; --                    ; --  ; --   ;
; GPIO[1]       ; Bidir    ; --            ; --            ; --                    ; --  ; --   ;
; GPIO[2]       ; Bidir    ; --            ; --            ; --                    ; --  ; --   ;
; GPIO[3]       ; Bidir    ; --            ; --            ; --                    ; --  ; --   ;
; GPIO[4]       ; Bidir    ; --            ; --            ; --                    ; --  ; --   ;
; GPIO[5]       ; Bidir    ; --            ; --            ; --                    ; --  ; --   ;
; GPIO[6]       ; Bidir    ; --            ; --            ; --                    ; --  ; --   ;
; GPIO[7]       ; Bidir    ; --            ; --            ; --                    ; --  ; --   ;
; GPIO[8]       ; Bidir    ; --            ; --            ; --                    ; --  ; --   ;
; GPIO[9]       ; Bidir    ; --            ; --            ; --                    ; --  ; --   ;
; GPIO[10]      ; Bidir    ; --            ; --            ; --                    ; --  ; --   ;
; GPIO[11]      ; Bidir    ; --            ; --            ; --                    ; --  ; --   ;
; GPIO[12]      ; Bidir    ; --            ; --            ; --                    ; --  ; --   ;
; GPIO[13]      ; Bidir    ; --            ; --            ; --                    ; --  ; --   ;
; GPIO[14]      ; Bidir    ; --            ; --            ; --                    ; --  ; --   ;
; GPIO[15]      ; Bidir    ; --            ; --            ; --                    ; --  ; --   ;
; GPIO[16]      ; Bidir    ; --            ; --            ; --                    ; --  ; --   ;
; GPIO[17]      ; Bidir    ; --            ; --            ; --                    ; --  ; --   ;
; GPIO[18]      ; Bidir    ; --            ; --            ; --                    ; --  ; --   ;
; GPIO[19]      ; Bidir    ; --            ; --            ; --                    ; --  ; --   ;
; GPIO[20]      ; Bidir    ; --            ; --            ; --                    ; --  ; --   ;
; GPIO[21]      ; Bidir    ; --            ; --            ; --                    ; --  ; --   ;
; GPIO[22]      ; Bidir    ; --            ; --            ; --                    ; --  ; --   ;
; GPIO[23]      ; Bidir    ; --            ; --            ; --                    ; --  ; --   ;
; GPIO[24]      ; Bidir    ; --            ; --            ; --                    ; --  ; --   ;
; GPIO[25]      ; Bidir    ; --            ; --            ; --                    ; --  ; --   ;
; GPIO[26]      ; Bidir    ; --            ; --            ; --                    ; --  ; --   ;
; GPIO[27]      ; Bidir    ; --            ; --            ; --                    ; --  ; --   ;
; GPIO[28]      ; Bidir    ; --            ; --            ; --                    ; --  ; --   ;
; GPIO[29]      ; Bidir    ; --            ; --            ; --                    ; --  ; --   ;
; GPIO[30]      ; Bidir    ; --            ; --            ; --                    ; --  ; --   ;
; GPIO[31]      ; Bidir    ; --            ; --            ; --                    ; --  ; --   ;
; GPIO[32]      ; Bidir    ; --            ; --            ; --                    ; --  ; --   ;
; GPIO[33]      ; Bidir    ; --            ; --            ; --                    ; --  ; --   ;
; GPIO[34]      ; Bidir    ; --            ; --            ; --                    ; --  ; --   ;
; GPIO[35]      ; Bidir    ; --            ; --            ; --                    ; --  ; --   ;
; SW[3]         ; Input    ; (6) 868 ps    ; --            ; --                    ; --  ; --   ;
; SW[2]         ; Input    ; --            ; (6) 868 ps    ; --                    ; --  ; --   ;
; SW[5]         ; Input    ; (6) 868 ps    ; --            ; --                    ; --  ; --   ;
; SW[4]         ; Input    ; (6) 868 ps    ; --            ; --                    ; --  ; --   ;
; SW[7]         ; Input    ; (6) 868 ps    ; --            ; --                    ; --  ; --   ;
; SW[6]         ; Input    ; --            ; (6) 868 ps    ; --                    ; --  ; --   ;
; SW[9]         ; Input    ; --            ; (6) 868 ps    ; --                    ; --  ; --   ;
; KEY[1]        ; Input    ; (0) 0 ps      ; --            ; --                    ; --  ; --   ;
; KEY[0]        ; Input    ; (6) 868 ps    ; --            ; --                    ; --  ; --   ;
+---------------+----------+---------------+---------------+-----------------------+-----+------+


+---------------------------------------------------------------------------------------------------------+
; Pad To Core Delay Chain Fanout                                                                          ;
+---------------------------------------------------------------------------+-------------------+---------+
; Source Pin / Fanout                                                       ; Pad To Core Index ; Setting ;
+---------------------------------------------------------------------------+-------------------+---------+
; ADC_CLK_10                                                                ;                   ;         ;
; MAX10_CLK1_50                                                             ;                   ;         ;
; MAX10_CLK2_50                                                             ;                   ;         ;
; SW[0]                                                                     ;                   ;         ;
; SW[1]                                                                     ;                   ;         ;
; SW[8]                                                                     ;                   ;         ;
; GPIO[0]                                                                   ;                   ;         ;
; GPIO[1]                                                                   ;                   ;         ;
; GPIO[2]                                                                   ;                   ;         ;
; GPIO[3]                                                                   ;                   ;         ;
; GPIO[4]                                                                   ;                   ;         ;
; GPIO[5]                                                                   ;                   ;         ;
; GPIO[6]                                                                   ;                   ;         ;
; GPIO[7]                                                                   ;                   ;         ;
; GPIO[8]                                                                   ;                   ;         ;
; GPIO[9]                                                                   ;                   ;         ;
; GPIO[10]                                                                  ;                   ;         ;
; GPIO[11]                                                                  ;                   ;         ;
; GPIO[12]                                                                  ;                   ;         ;
; GPIO[13]                                                                  ;                   ;         ;
; GPIO[14]                                                                  ;                   ;         ;
; GPIO[15]                                                                  ;                   ;         ;
; GPIO[16]                                                                  ;                   ;         ;
; GPIO[17]                                                                  ;                   ;         ;
; GPIO[18]                                                                  ;                   ;         ;
; GPIO[19]                                                                  ;                   ;         ;
; GPIO[20]                                                                  ;                   ;         ;
; GPIO[21]                                                                  ;                   ;         ;
; GPIO[22]                                                                  ;                   ;         ;
; GPIO[23]                                                                  ;                   ;         ;
; GPIO[24]                                                                  ;                   ;         ;
; GPIO[25]                                                                  ;                   ;         ;
; GPIO[26]                                                                  ;                   ;         ;
; GPIO[27]                                                                  ;                   ;         ;
; GPIO[28]                                                                  ;                   ;         ;
; GPIO[29]                                                                  ;                   ;         ;
; GPIO[30]                                                                  ;                   ;         ;
; GPIO[31]                                                                  ;                   ;         ;
; GPIO[32]                                                                  ;                   ;         ;
; GPIO[33]                                                                  ;                   ;         ;
; GPIO[34]                                                                  ;                   ;         ;
; GPIO[35]                                                                  ;                   ;         ;
; SW[3]                                                                     ;                   ;         ;
;      - my_computer:U1|dmem:dmem|RAM~4096                                  ; 0                 ; 6       ;
;      - my_computer:U1|dmem:dmem|RAM~4097                                  ; 0                 ; 6       ;
;      - my_computer:U1|dmem:dmem|RAM~4098                                  ; 0                 ; 6       ;
;      - my_computer:U1|dmem:dmem|RAM~4100                                  ; 0                 ; 6       ;
;      - my_computer:U1|dmem:dmem|RAM~4101                                  ; 0                 ; 6       ;
;      - my_computer:U1|dmem:dmem|RAM~4103                                  ; 0                 ; 6       ;
;      - my_computer:U1|dmem:dmem|RAM~4112                                  ; 0                 ; 6       ;
;      - my_computer:U1|dmem:dmem|RAM~4116                                  ; 0                 ; 6       ;
;      - my_computer:U1|dmem:dmem|RAM~4117                                  ; 0                 ; 6       ;
;      - my_computer:U1|dmem:dmem|RAM~4118                                  ; 0                 ; 6       ;
;      - my_computer:U1|dmem:dmem|RAM~4120                                  ; 0                 ; 6       ;
;      - my_computer:U1|dmem:dmem|RAM~4123                                  ; 0                 ; 6       ;
;      - my_computer:U1|dmem:dmem|RAM~4124                                  ; 0                 ; 6       ;
;      - my_computer:U1|dmem:dmem|RAM~4133                                  ; 0                 ; 6       ;
;      - my_computer:U1|dmem:dmem|RAM~4136                                  ; 0                 ; 6       ;
;      - my_computer:U1|dmem:dmem|RAM~4168                                  ; 0                 ; 6       ;
;      - my_computer:U1|dmem:dmem|RAM~4179                                  ; 0                 ; 6       ;
;      - my_computer:U1|dmem:dmem|RAM~4186                                  ; 0                 ; 6       ;
;      - my_computer:U1|dmem:dmem|RAM~4190                                  ; 0                 ; 6       ;
;      - my_computer:U1|dmem:dmem|RAM~4191                                  ; 0                 ; 6       ;
;      - my_computer:U1|dmem:dmem|RAM~4192                                  ; 0                 ; 6       ;
;      - my_computer:U1|dmem:dmem|RAM~4194                                  ; 0                 ; 6       ;
;      - my_computer:U1|dmem:dmem|RAM~4197                                  ; 0                 ; 6       ;
;      - my_computer:U1|dmem:dmem|RAM~4198                                  ; 0                 ; 6       ;
;      - my_computer:U1|dmem:dmem|RAM~4200                                  ; 0                 ; 6       ;
;      - my_computer:U1|dmem:dmem|RAM~4202                                  ; 0                 ; 6       ;
;      - my_computer:U1|dmem:dmem|RAM~4203                                  ; 0                 ; 6       ;
;      - my_computer:U1|dmem:dmem|RAM~4204                                  ; 0                 ; 6       ;
;      - my_computer:U1|dmem:dmem|RAM~4207                                  ; 0                 ; 6       ;
;      - my_computer:U1|dmem:dmem|RAM~4208                                  ; 0                 ; 6       ;
;      - my_computer:U1|dmem:dmem|RAM~4211                                  ; 0                 ; 6       ;
;      - my_computer:U1|dmem:dmem|RAM~4212                                  ; 0                 ; 6       ;
;      - my_computer:U1|dmem:dmem|RAM~4213                                  ; 0                 ; 6       ;
;      - my_computer:U1|dmem:dmem|RAM~4215                                  ; 0                 ; 6       ;
;      - my_computer:U1|dmem:dmem|RAM~4216                                  ; 0                 ; 6       ;
;      - my_computer:U1|dmem:dmem|RAM~4218                                  ; 0                 ; 6       ;
;      - my_computer:U1|dmem:dmem|RAM~4228                                  ; 0                 ; 6       ;
;      - my_computer:U1|dmem:dmem|RAM~4238                                  ; 0                 ; 6       ;
;      - my_computer:U1|dmem:dmem|RAM~4241                                  ; 0                 ; 6       ;
;      - my_computer:U1|dmem:dmem|RAM~4248                                  ; 0                 ; 6       ;
;      - my_computer:U1|dmem:dmem|RAM~4251                                  ; 0                 ; 6       ;
;      - my_computer:U1|dmem:dmem|RAM~4253                                  ; 0                 ; 6       ;
;      - my_computer:U1|dmem:dmem|RAM~4254                                  ; 0                 ; 6       ;
;      - my_computer:U1|dmem:dmem|RAM~4255                                  ; 0                 ; 6       ;
;      - my_computer:U1|dmem:dmem|RAM~4257                                  ; 0                 ; 6       ;
;      - my_computer:U1|dmem:dmem|RAM~4260                                  ; 0                 ; 6       ;
;      - my_computer:U1|dmem:dmem|RAM~4261                                  ; 0                 ; 6       ;
;      - my_computer:U1|dmem:dmem|RAM~4294                                  ; 0                 ; 6       ;
;      - my_computer:U1|dmem:dmem|RAM~4306                                  ; 0                 ; 6       ;
;      - my_computer:U1|dmem:dmem|RAM~4307                                  ; 0                 ; 6       ;
;      - my_computer:U1|dmem:dmem|RAM~4308                                  ; 0                 ; 6       ;
;      - my_computer:U1|dmem:dmem|RAM~4310                                  ; 0                 ; 6       ;
;      - my_computer:U1|dmem:dmem|RAM~4313                                  ; 0                 ; 6       ;
;      - my_computer:U1|dmem:dmem|RAM~4314                                  ; 0                 ; 6       ;
;      - my_computer:U1|dmem:dmem|RAM~4322                                  ; 0                 ; 6       ;
;      - my_computer:U1|dmem:dmem|RAM~4326                                  ; 0                 ; 6       ;
;      - my_computer:U1|dmem:dmem|RAM~4328                                  ; 0                 ; 6       ;
;      - my_computer:U1|dmem:dmem|RAM~4329                                  ; 0                 ; 6       ;
;      - my_computer:U1|dmem:dmem|RAM~4330                                  ; 0                 ; 6       ;
;      - my_computer:U1|dmem:dmem|RAM~4333                                  ; 0                 ; 6       ;
;      - my_computer:U1|dmem:dmem|RAM~4334                                  ; 0                 ; 6       ;
;      - my_computer:U1|dmem:dmem|RAM~4337                                  ; 0                 ; 6       ;
;      - my_computer:U1|dmem:dmem|RAM~4338                                  ; 0                 ; 6       ;
;      - my_computer:U1|dmem:dmem|RAM~4339                                  ; 0                 ; 6       ;
;      - my_computer:U1|dmem:dmem|RAM~4341                                  ; 0                 ; 6       ;
;      - my_computer:U1|dmem:dmem|RAM~4342                                  ; 0                 ; 6       ;
;      - my_computer:U1|dmem:dmem|RAM~4344                                  ; 0                 ; 6       ;
;      - my_computer:U1|dmem:dmem|RAM~4354                                  ; 0                 ; 6       ;
;      - my_computer:U1|dmem:dmem|RAM~4357                                  ; 0                 ; 6       ;
;      - my_computer:U1|dmem:dmem|RAM~4364                                  ; 0                 ; 6       ;
;      - my_computer:U1|dmem:dmem|RAM~4374                                  ; 0                 ; 6       ;
;      - my_computer:U1|dmem:dmem|RAM~4377                                  ; 0                 ; 6       ;
;      - my_computer:U1|dmem:dmem|RAM~4379                                  ; 0                 ; 6       ;
;      - my_computer:U1|dmem:dmem|RAM~4380                                  ; 0                 ; 6       ;
;      - my_computer:U1|dmem:dmem|RAM~4381                                  ; 0                 ; 6       ;
;      - my_computer:U1|dmem:dmem|RAM~4383                                  ; 0                 ; 6       ;
;      - my_computer:U1|dmem:dmem|RAM~4386                                  ; 0                 ; 6       ;
;      - my_computer:U1|dmem:dmem|RAM~4387                                  ; 0                 ; 6       ;
;      - my_computer:U1|dmem:dmem|RAM~4420                                  ; 0                 ; 6       ;
;      - my_computer:U1|dmem:dmem|RAM~4431                                  ; 0                 ; 6       ;
;      - my_computer:U1|dmem:dmem|RAM~4438                                  ; 0                 ; 6       ;
;      - my_computer:U1|dmem:dmem|RAM~4442                                  ; 0                 ; 6       ;
;      - my_computer:U1|dmem:dmem|RAM~4443                                  ; 0                 ; 6       ;
;      - my_computer:U1|dmem:dmem|RAM~4444                                  ; 0                 ; 6       ;
;      - my_computer:U1|dmem:dmem|RAM~4446                                  ; 0                 ; 6       ;
;      - my_computer:U1|dmem:dmem|RAM~4449                                  ; 0                 ; 6       ;
;      - my_computer:U1|dmem:dmem|RAM~4450                                  ; 0                 ; 6       ;
;      - my_computer:U1|dmem:dmem|RAM~4452                                  ; 0                 ; 6       ;
;      - my_computer:U1|dmem:dmem|RAM~4454                                  ; 0                 ; 6       ;
;      - my_computer:U1|dmem:dmem|RAM~4455                                  ; 0                 ; 6       ;
;      - my_computer:U1|dmem:dmem|RAM~4456                                  ; 0                 ; 6       ;
;      - my_computer:U1|dmem:dmem|RAM~4459                                  ; 0                 ; 6       ;
;      - my_computer:U1|dmem:dmem|RAM~4460                                  ; 0                 ; 6       ;
;      - my_computer:U1|dmem:dmem|RAM~4463                                  ; 0                 ; 6       ;
;      - my_computer:U1|dmem:dmem|RAM~4464                                  ; 0                 ; 6       ;
;      - my_computer:U1|dmem:dmem|RAM~4465                                  ; 0                 ; 6       ;
;      - my_computer:U1|dmem:dmem|RAM~4467                                  ; 0                 ; 6       ;
;      - my_computer:U1|dmem:dmem|RAM~4468                                  ; 0                 ; 6       ;
;      - my_computer:U1|dmem:dmem|RAM~4470                                  ; 0                 ; 6       ;
;      - my_computer:U1|dmem:dmem|RAM~4480                                  ; 0                 ; 6       ;
;      - my_computer:U1|dmem:dmem|RAM~4490                                  ; 0                 ; 6       ;
;      - my_computer:U1|dmem:dmem|RAM~4493                                  ; 0                 ; 6       ;
;      - my_computer:U1|dmem:dmem|RAM~4500                                  ; 0                 ; 6       ;
;      - my_computer:U1|dmem:dmem|RAM~4503                                  ; 0                 ; 6       ;
;      - my_computer:U1|dmem:dmem|RAM~4505                                  ; 0                 ; 6       ;
;      - my_computer:U1|dmem:dmem|RAM~4506                                  ; 0                 ; 6       ;
;      - my_computer:U1|dmem:dmem|RAM~4507                                  ; 0                 ; 6       ;
;      - my_computer:U1|dmem:dmem|RAM~4509                                  ; 0                 ; 6       ;
;      - my_computer:U1|dmem:dmem|RAM~4512                                  ; 0                 ; 6       ;
;      - my_computer:U1|dmem:dmem|RAM~4513                                  ; 0                 ; 6       ;
; SW[2]                                                                     ;                   ;         ;
;      - my_computer:U1|dmem:dmem|RAM~4096                                  ; 1                 ; 6       ;
;      - my_computer:U1|dmem:dmem|RAM~4098                                  ; 1                 ; 6       ;
;      - my_computer:U1|dmem:dmem|RAM~4099                                  ; 1                 ; 6       ;
;      - my_computer:U1|dmem:dmem|RAM~4100                                  ; 1                 ; 6       ;
;      - my_computer:U1|dmem:dmem|RAM~4103                                  ; 1                 ; 6       ;
;      - my_computer:U1|dmem:dmem|RAM~4104                                  ; 1                 ; 6       ;
;      - my_computer:U1|dmem:dmem|RAM~4112                                  ; 1                 ; 6       ;
;      - my_computer:U1|dmem:dmem|RAM~4115                                  ; 1                 ; 6       ;
;      - my_computer:U1|dmem:dmem|RAM~4116                                  ; 1                 ; 6       ;
;      - my_computer:U1|dmem:dmem|RAM~4118                                  ; 1                 ; 6       ;
;      - my_computer:U1|dmem:dmem|RAM~4119                                  ; 1                 ; 6       ;
;      - my_computer:U1|dmem:dmem|RAM~4120                                  ; 1                 ; 6       ;
;      - my_computer:U1|dmem:dmem|RAM~4121                                  ; 1                 ; 6       ;
;      - my_computer:U1|dmem:dmem|RAM~4123                                  ; 1                 ; 6       ;
;      - my_computer:U1|dmem:dmem|RAM~4133                                  ; 1                 ; 6       ;
;      - my_computer:U1|dmem:dmem|RAM~4168                                  ; 1                 ; 6       ;
;      - my_computer:U1|dmem:dmem|RAM~4186                                  ; 1                 ; 6       ;
;      - my_computer:U1|dmem:dmem|RAM~4189                                  ; 1                 ; 6       ;
;      - my_computer:U1|dmem:dmem|RAM~4190                                  ; 1                 ; 6       ;
;      - my_computer:U1|dmem:dmem|RAM~4192                                  ; 1                 ; 6       ;
;      - my_computer:U1|dmem:dmem|RAM~4193                                  ; 1                 ; 6       ;
;      - my_computer:U1|dmem:dmem|RAM~4194                                  ; 1                 ; 6       ;
;      - my_computer:U1|dmem:dmem|RAM~4195                                  ; 1                 ; 6       ;
;      - my_computer:U1|dmem:dmem|RAM~4197                                  ; 1                 ; 6       ;
;      - my_computer:U1|dmem:dmem|RAM~4200                                  ; 1                 ; 6       ;
;      - my_computer:U1|dmem:dmem|RAM~4201                                  ; 1                 ; 6       ;
;      - my_computer:U1|dmem:dmem|RAM~4202                                  ; 1                 ; 6       ;
;      - my_computer:U1|dmem:dmem|RAM~4204                                  ; 1                 ; 6       ;
;      - my_computer:U1|dmem:dmem|RAM~4205                                  ; 1                 ; 6       ;
;      - my_computer:U1|dmem:dmem|RAM~4207                                  ; 1                 ; 6       ;
;      - my_computer:U1|dmem:dmem|RAM~4211                                  ; 1                 ; 6       ;
;      - my_computer:U1|dmem:dmem|RAM~4213                                  ; 1                 ; 6       ;
;      - my_computer:U1|dmem:dmem|RAM~4214                                  ; 1                 ; 6       ;
;      - my_computer:U1|dmem:dmem|RAM~4215                                  ; 1                 ; 6       ;
;      - my_computer:U1|dmem:dmem|RAM~4218                                  ; 1                 ; 6       ;
;      - my_computer:U1|dmem:dmem|RAM~4219                                  ; 1                 ; 6       ;
;      - my_computer:U1|dmem:dmem|RAM~4228                                  ; 1                 ; 6       ;
;      - my_computer:U1|dmem:dmem|RAM~4231                                  ; 1                 ; 6       ;
;      - my_computer:U1|dmem:dmem|RAM~4238                                  ; 1                 ; 6       ;
;      - my_computer:U1|dmem:dmem|RAM~4248                                  ; 1                 ; 6       ;
;      - my_computer:U1|dmem:dmem|RAM~4253                                  ; 1                 ; 6       ;
;      - my_computer:U1|dmem:dmem|RAM~4255                                  ; 1                 ; 6       ;
;      - my_computer:U1|dmem:dmem|RAM~4256                                  ; 1                 ; 6       ;
;      - my_computer:U1|dmem:dmem|RAM~4257                                  ; 1                 ; 6       ;
;      - my_computer:U1|dmem:dmem|RAM~4258                                  ; 1                 ; 6       ;
;      - my_computer:U1|dmem:dmem|RAM~4260                                  ; 1                 ; 6       ;
;      - my_computer:U1|dmem:dmem|RAM~4294                                  ; 1                 ; 6       ;
;      - my_computer:U1|dmem:dmem|RAM~4305                                  ; 1                 ; 6       ;
;      - my_computer:U1|dmem:dmem|RAM~4306                                  ; 1                 ; 6       ;
;      - my_computer:U1|dmem:dmem|RAM~4308                                  ; 1                 ; 6       ;
;      - my_computer:U1|dmem:dmem|RAM~4309                                  ; 1                 ; 6       ;
;      - my_computer:U1|dmem:dmem|RAM~4310                                  ; 1                 ; 6       ;
;      - my_computer:U1|dmem:dmem|RAM~4311                                  ; 1                 ; 6       ;
;      - my_computer:U1|dmem:dmem|RAM~4313                                  ; 1                 ; 6       ;
;      - my_computer:U1|dmem:dmem|RAM~4322                                  ; 1                 ; 6       ;
;      - my_computer:U1|dmem:dmem|RAM~4325                                  ; 1                 ; 6       ;
;      - my_computer:U1|dmem:dmem|RAM~4326                                  ; 1                 ; 6       ;
;      - my_computer:U1|dmem:dmem|RAM~4327                                  ; 1                 ; 6       ;
;      - my_computer:U1|dmem:dmem|RAM~4328                                  ; 1                 ; 6       ;
;      - my_computer:U1|dmem:dmem|RAM~4330                                  ; 1                 ; 6       ;
;      - my_computer:U1|dmem:dmem|RAM~4331                                  ; 1                 ; 6       ;
;      - my_computer:U1|dmem:dmem|RAM~4333                                  ; 1                 ; 6       ;
;      - my_computer:U1|dmem:dmem|RAM~4337                                  ; 1                 ; 6       ;
;      - my_computer:U1|dmem:dmem|RAM~4339                                  ; 1                 ; 6       ;
;      - my_computer:U1|dmem:dmem|RAM~4340                                  ; 1                 ; 6       ;
;      - my_computer:U1|dmem:dmem|RAM~4341                                  ; 1                 ; 6       ;
;      - my_computer:U1|dmem:dmem|RAM~4344                                  ; 1                 ; 6       ;
;      - my_computer:U1|dmem:dmem|RAM~4345                                  ; 1                 ; 6       ;
;      - my_computer:U1|dmem:dmem|RAM~4354                                  ; 1                 ; 6       ;
;      - my_computer:U1|dmem:dmem|RAM~4364                                  ; 1                 ; 6       ;
;      - my_computer:U1|dmem:dmem|RAM~4367                                  ; 1                 ; 6       ;
;      - my_computer:U1|dmem:dmem|RAM~4374                                  ; 1                 ; 6       ;
;      - my_computer:U1|dmem:dmem|RAM~4379                                  ; 1                 ; 6       ;
;      - my_computer:U1|dmem:dmem|RAM~4381                                  ; 1                 ; 6       ;
;      - my_computer:U1|dmem:dmem|RAM~4382                                  ; 1                 ; 6       ;
;      - my_computer:U1|dmem:dmem|RAM~4383                                  ; 1                 ; 6       ;
;      - my_computer:U1|dmem:dmem|RAM~4384                                  ; 1                 ; 6       ;
;      - my_computer:U1|dmem:dmem|RAM~4386                                  ; 1                 ; 6       ;
;      - my_computer:U1|dmem:dmem|RAM~4420                                  ; 1                 ; 6       ;
;      - my_computer:U1|dmem:dmem|RAM~4438                                  ; 1                 ; 6       ;
;      - my_computer:U1|dmem:dmem|RAM~4441                                  ; 1                 ; 6       ;
;      - my_computer:U1|dmem:dmem|RAM~4442                                  ; 1                 ; 6       ;
;      - my_computer:U1|dmem:dmem|RAM~4444                                  ; 1                 ; 6       ;
;      - my_computer:U1|dmem:dmem|RAM~4445                                  ; 1                 ; 6       ;
;      - my_computer:U1|dmem:dmem|RAM~4446                                  ; 1                 ; 6       ;
;      - my_computer:U1|dmem:dmem|RAM~4447                                  ; 1                 ; 6       ;
;      - my_computer:U1|dmem:dmem|RAM~4449                                  ; 1                 ; 6       ;
;      - my_computer:U1|dmem:dmem|RAM~4452                                  ; 1                 ; 6       ;
;      - my_computer:U1|dmem:dmem|RAM~4453                                  ; 1                 ; 6       ;
;      - my_computer:U1|dmem:dmem|RAM~4454                                  ; 1                 ; 6       ;
;      - my_computer:U1|dmem:dmem|RAM~4456                                  ; 1                 ; 6       ;
;      - my_computer:U1|dmem:dmem|RAM~4457                                  ; 1                 ; 6       ;
;      - my_computer:U1|dmem:dmem|RAM~4459                                  ; 1                 ; 6       ;
;      - my_computer:U1|dmem:dmem|RAM~4463                                  ; 1                 ; 6       ;
;      - my_computer:U1|dmem:dmem|RAM~4465                                  ; 1                 ; 6       ;
;      - my_computer:U1|dmem:dmem|RAM~4466                                  ; 1                 ; 6       ;
;      - my_computer:U1|dmem:dmem|RAM~4467                                  ; 1                 ; 6       ;
;      - my_computer:U1|dmem:dmem|RAM~4470                                  ; 1                 ; 6       ;
;      - my_computer:U1|dmem:dmem|RAM~4471                                  ; 1                 ; 6       ;
;      - my_computer:U1|dmem:dmem|RAM~4480                                  ; 1                 ; 6       ;
;      - my_computer:U1|dmem:dmem|RAM~4483                                  ; 1                 ; 6       ;
;      - my_computer:U1|dmem:dmem|RAM~4490                                  ; 1                 ; 6       ;
;      - my_computer:U1|dmem:dmem|RAM~4500                                  ; 1                 ; 6       ;
;      - my_computer:U1|dmem:dmem|RAM~4505                                  ; 1                 ; 6       ;
;      - my_computer:U1|dmem:dmem|RAM~4507                                  ; 1                 ; 6       ;
;      - my_computer:U1|dmem:dmem|RAM~4508                                  ; 1                 ; 6       ;
;      - my_computer:U1|dmem:dmem|RAM~4509                                  ; 1                 ; 6       ;
;      - my_computer:U1|dmem:dmem|RAM~4510                                  ; 1                 ; 6       ;
;      - my_computer:U1|dmem:dmem|RAM~4512                                  ; 1                 ; 6       ;
; SW[5]                                                                     ;                   ;         ;
;      - my_computer:U1|dmem:dmem|RAM~4102                                  ; 0                 ; 6       ;
;      - my_computer:U1|dmem:dmem|RAM~4105                                  ; 0                 ; 6       ;
;      - my_computer:U1|dmem:dmem|RAM~4106                                  ; 0                 ; 6       ;
;      - my_computer:U1|dmem:dmem|RAM~4108                                  ; 0                 ; 6       ;
;      - my_computer:U1|dmem:dmem|RAM~4109                                  ; 0                 ; 6       ;
;      - my_computer:U1|dmem:dmem|RAM~4110                                  ; 0                 ; 6       ;
;      - my_computer:U1|dmem:dmem|RAM~4111                                  ; 0                 ; 6       ;
;      - my_computer:U1|dmem:dmem|RAM~4113                                  ; 0                 ; 6       ;
;      - my_computer:U1|dmem:dmem|RAM~4122                                  ; 0                 ; 6       ;
;      - my_computer:U1|dmem:dmem|RAM~4127                                  ; 0                 ; 6       ;
;      - my_computer:U1|dmem:dmem|RAM~4129                                  ; 0                 ; 6       ;
;      - my_computer:U1|dmem:dmem|RAM~4130                                  ; 0                 ; 6       ;
;      - my_computer:U1|dmem:dmem|RAM~4131                                  ; 0                 ; 6       ;
;      - my_computer:U1|dmem:dmem|RAM~4134                                  ; 0                 ; 6       ;
;      - my_computer:U1|dmem:dmem|RAM~4135                                  ; 0                 ; 6       ;
;      - my_computer:U1|dmem:dmem|RAM~4144                                  ; 0                 ; 6       ;
;      - my_computer:U1|dmem:dmem|RAM~4154                                  ; 0                 ; 6       ;
;      - my_computer:U1|dmem:dmem|RAM~4157                                  ; 0                 ; 6       ;
;      - my_computer:U1|dmem:dmem|RAM~4164                                  ; 0                 ; 6       ;
;      - my_computer:U1|dmem:dmem|RAM~4175                                  ; 0                 ; 6       ;
;      - my_computer:U1|dmem:dmem|RAM~4178                                  ; 0                 ; 6       ;
;      - my_computer:U1|dmem:dmem|RAM~4210                                  ; 0                 ; 6       ;
;      - my_computer:U1|dmem:dmem|RAM~4221                                  ; 0                 ; 6       ;
;      - my_computer:U1|dmem:dmem|RAM~4222                                  ; 0                 ; 6       ;
;      - my_computer:U1|dmem:dmem|RAM~4223                                  ; 0                 ; 6       ;
;      - my_computer:U1|dmem:dmem|RAM~4224                                  ; 0                 ; 6       ;
;      - my_computer:U1|dmem:dmem|RAM~4226                                  ; 0                 ; 6       ;
;      - my_computer:U1|dmem:dmem|RAM~4229                                  ; 0                 ; 6       ;
;      - my_computer:U1|dmem:dmem|RAM~4230                                  ; 0                 ; 6       ;
;      - my_computer:U1|dmem:dmem|RAM~4232                                  ; 0                 ; 6       ;
;      - my_computer:U1|dmem:dmem|RAM~4234                                  ; 0                 ; 6       ;
;      - my_computer:U1|dmem:dmem|RAM~4235                                  ; 0                 ; 6       ;
;      - my_computer:U1|dmem:dmem|RAM~4236                                  ; 0                 ; 6       ;
;      - my_computer:U1|dmem:dmem|RAM~4239                                  ; 0                 ; 6       ;
;      - my_computer:U1|dmem:dmem|RAM~4240                                  ; 0                 ; 6       ;
;      - my_computer:U1|dmem:dmem|RAM~4242                                  ; 0                 ; 6       ;
;      - my_computer:U1|dmem:dmem|RAM~4244                                  ; 0                 ; 6       ;
;      - my_computer:U1|dmem:dmem|RAM~4245                                  ; 0                 ; 6       ;
;      - my_computer:U1|dmem:dmem|RAM~4246                                  ; 0                 ; 6       ;
;      - my_computer:U1|dmem:dmem|RAM~4249                                  ; 0                 ; 6       ;
;      - my_computer:U1|dmem:dmem|RAM~4250                                  ; 0                 ; 6       ;
;      - my_computer:U1|dmem:dmem|RAM~4259                                  ; 0                 ; 6       ;
;      - my_computer:U1|dmem:dmem|RAM~4270                                  ; 0                 ; 6       ;
;      - my_computer:U1|dmem:dmem|RAM~4280                                  ; 0                 ; 6       ;
;      - my_computer:U1|dmem:dmem|RAM~4283                                  ; 0                 ; 6       ;
;      - my_computer:U1|dmem:dmem|RAM~4290                                  ; 0                 ; 6       ;
;      - my_computer:U1|dmem:dmem|RAM~4293                                  ; 0                 ; 6       ;
;      - my_computer:U1|dmem:dmem|RAM~4295                                  ; 0                 ; 6       ;
;      - my_computer:U1|dmem:dmem|RAM~4296                                  ; 0                 ; 6       ;
;      - my_computer:U1|dmem:dmem|RAM~4297                                  ; 0                 ; 6       ;
;      - my_computer:U1|dmem:dmem|RAM~4299                                  ; 0                 ; 6       ;
;      - my_computer:U1|dmem:dmem|RAM~4302                                  ; 0                 ; 6       ;
;      - my_computer:U1|dmem:dmem|RAM~4303                                  ; 0                 ; 6       ;
;      - my_computer:U1|dmem:dmem|RAM~4336                                  ; 0                 ; 6       ;
;      - my_computer:U1|dmem:dmem|RAM~4348                                  ; 0                 ; 6       ;
;      - my_computer:U1|dmem:dmem|RAM~4350                                  ; 0                 ; 6       ;
;      - my_computer:U1|dmem:dmem|RAM~4351                                  ; 0                 ; 6       ;
;      - my_computer:U1|dmem:dmem|RAM~4352                                  ; 0                 ; 6       ;
;      - my_computer:U1|dmem:dmem|RAM~4355                                  ; 0                 ; 6       ;
;      - my_computer:U1|dmem:dmem|RAM~4356                                  ; 0                 ; 6       ;
;      - my_computer:U1|dmem:dmem|RAM~4358                                  ; 0                 ; 6       ;
;      - my_computer:U1|dmem:dmem|RAM~4359                                  ; 0                 ; 6       ;
;      - my_computer:U1|dmem:dmem|RAM~4360                                  ; 0                 ; 6       ;
;      - my_computer:U1|dmem:dmem|RAM~4362                                  ; 0                 ; 6       ;
;      - my_computer:U1|dmem:dmem|RAM~4365                                  ; 0                 ; 6       ;
;      - my_computer:U1|dmem:dmem|RAM~4366                                  ; 0                 ; 6       ;
;      - my_computer:U1|dmem:dmem|RAM~4368                                  ; 0                 ; 6       ;
;      - my_computer:U1|dmem:dmem|RAM~4370                                  ; 0                 ; 6       ;
;      - my_computer:U1|dmem:dmem|RAM~4371                                  ; 0                 ; 6       ;
;      - my_computer:U1|dmem:dmem|RAM~4372                                  ; 0                 ; 6       ;
;      - my_computer:U1|dmem:dmem|RAM~4375                                  ; 0                 ; 6       ;
;      - my_computer:U1|dmem:dmem|RAM~4376                                  ; 0                 ; 6       ;
;      - my_computer:U1|dmem:dmem|RAM~4385                                  ; 0                 ; 6       ;
;      - my_computer:U1|dmem:dmem|RAM~4396                                  ; 0                 ; 6       ;
;      - my_computer:U1|dmem:dmem|RAM~4399                                  ; 0                 ; 6       ;
;      - my_computer:U1|dmem:dmem|RAM~4406                                  ; 0                 ; 6       ;
;      - my_computer:U1|dmem:dmem|RAM~4416                                  ; 0                 ; 6       ;
;      - my_computer:U1|dmem:dmem|RAM~4419                                  ; 0                 ; 6       ;
;      - my_computer:U1|dmem:dmem|RAM~4421                                  ; 0                 ; 6       ;
;      - my_computer:U1|dmem:dmem|RAM~4422                                  ; 0                 ; 6       ;
;      - my_computer:U1|dmem:dmem|RAM~4423                                  ; 0                 ; 6       ;
;      - my_computer:U1|dmem:dmem|RAM~4425                                  ; 0                 ; 6       ;
;      - my_computer:U1|dmem:dmem|RAM~4428                                  ; 0                 ; 6       ;
;      - my_computer:U1|dmem:dmem|RAM~4429                                  ; 0                 ; 6       ;
;      - my_computer:U1|dmem:dmem|RAM~4462                                  ; 0                 ; 6       ;
;      - my_computer:U1|dmem:dmem|RAM~4473                                  ; 0                 ; 6       ;
;      - my_computer:U1|dmem:dmem|RAM~4474                                  ; 0                 ; 6       ;
;      - my_computer:U1|dmem:dmem|RAM~4475                                  ; 0                 ; 6       ;
;      - my_computer:U1|dmem:dmem|RAM~4476                                  ; 0                 ; 6       ;
;      - my_computer:U1|dmem:dmem|RAM~4478                                  ; 0                 ; 6       ;
;      - my_computer:U1|dmem:dmem|RAM~4481                                  ; 0                 ; 6       ;
;      - my_computer:U1|dmem:dmem|RAM~4482                                  ; 0                 ; 6       ;
;      - my_computer:U1|dmem:dmem|RAM~4484                                  ; 0                 ; 6       ;
;      - my_computer:U1|dmem:dmem|RAM~4486                                  ; 0                 ; 6       ;
;      - my_computer:U1|dmem:dmem|RAM~4487                                  ; 0                 ; 6       ;
;      - my_computer:U1|dmem:dmem|RAM~4488                                  ; 0                 ; 6       ;
;      - my_computer:U1|dmem:dmem|RAM~4491                                  ; 0                 ; 6       ;
;      - my_computer:U1|dmem:dmem|RAM~4492                                  ; 0                 ; 6       ;
;      - my_computer:U1|dmem:dmem|RAM~4494                                  ; 0                 ; 6       ;
;      - my_computer:U1|dmem:dmem|RAM~4496                                  ; 0                 ; 6       ;
;      - my_computer:U1|dmem:dmem|RAM~4497                                  ; 0                 ; 6       ;
;      - my_computer:U1|dmem:dmem|RAM~4498                                  ; 0                 ; 6       ;
;      - my_computer:U1|dmem:dmem|RAM~4501                                  ; 0                 ; 6       ;
;      - my_computer:U1|dmem:dmem|RAM~4502                                  ; 0                 ; 6       ;
;      - my_computer:U1|dmem:dmem|RAM~4511                                  ; 0                 ; 6       ;
; SW[4]                                                                     ;                   ;         ;
;      - my_computer:U1|dmem:dmem|RAM~4102                                  ; 0                 ; 6       ;
;      - my_computer:U1|dmem:dmem|RAM~4106                                  ; 0                 ; 6       ;
;      - my_computer:U1|dmem:dmem|RAM~4107                                  ; 0                 ; 6       ;
;      - my_computer:U1|dmem:dmem|RAM~4108                                  ; 0                 ; 6       ;
;      - my_computer:U1|dmem:dmem|RAM~4110                                  ; 0                 ; 6       ;
;      - my_computer:U1|dmem:dmem|RAM~4113                                  ; 0                 ; 6       ;
;      - my_computer:U1|dmem:dmem|RAM~4114                                  ; 0                 ; 6       ;
;      - my_computer:U1|dmem:dmem|RAM~4122                                  ; 0                 ; 6       ;
;      - my_computer:U1|dmem:dmem|RAM~4125                                  ; 0                 ; 6       ;
;      - my_computer:U1|dmem:dmem|RAM~4127                                  ; 0                 ; 6       ;
;      - my_computer:U1|dmem:dmem|RAM~4128                                  ; 0                 ; 6       ;
;      - my_computer:U1|dmem:dmem|RAM~4129                                  ; 0                 ; 6       ;
;      - my_computer:U1|dmem:dmem|RAM~4131                                  ; 0                 ; 6       ;
;      - my_computer:U1|dmem:dmem|RAM~4132                                  ; 0                 ; 6       ;
;      - my_computer:U1|dmem:dmem|RAM~4134                                  ; 0                 ; 6       ;
;      - my_computer:U1|dmem:dmem|RAM~4144                                  ; 0                 ; 6       ;
;      - my_computer:U1|dmem:dmem|RAM~4147                                  ; 0                 ; 6       ;
;      - my_computer:U1|dmem:dmem|RAM~4154                                  ; 0                 ; 6       ;
;      - my_computer:U1|dmem:dmem|RAM~4164                                  ; 0                 ; 6       ;
;      - my_computer:U1|dmem:dmem|RAM~4167                                  ; 0                 ; 6       ;
;      - my_computer:U1|dmem:dmem|RAM~4175                                  ; 0                 ; 6       ;
;      - my_computer:U1|dmem:dmem|RAM~4210                                  ; 0                 ; 6       ;
;      - my_computer:U1|dmem:dmem|RAM~4222                                  ; 0                 ; 6       ;
;      - my_computer:U1|dmem:dmem|RAM~4224                                  ; 0                 ; 6       ;
;      - my_computer:U1|dmem:dmem|RAM~4225                                  ; 0                 ; 6       ;
;      - my_computer:U1|dmem:dmem|RAM~4226                                  ; 0                 ; 6       ;
;      - my_computer:U1|dmem:dmem|RAM~4227                                  ; 0                 ; 6       ;
;      - my_computer:U1|dmem:dmem|RAM~4229                                  ; 0                 ; 6       ;
;      - my_computer:U1|dmem:dmem|RAM~4232                                  ; 0                 ; 6       ;
;      - my_computer:U1|dmem:dmem|RAM~4233                                  ; 0                 ; 6       ;
;      - my_computer:U1|dmem:dmem|RAM~4234                                  ; 0                 ; 6       ;
;      - my_computer:U1|dmem:dmem|RAM~4236                                  ; 0                 ; 6       ;
;      - my_computer:U1|dmem:dmem|RAM~4237                                  ; 0                 ; 6       ;
;      - my_computer:U1|dmem:dmem|RAM~4239                                  ; 0                 ; 6       ;
;      - my_computer:U1|dmem:dmem|RAM~4242                                  ; 0                 ; 6       ;
;      - my_computer:U1|dmem:dmem|RAM~4243                                  ; 0                 ; 6       ;
;      - my_computer:U1|dmem:dmem|RAM~4244                                  ; 0                 ; 6       ;
;      - my_computer:U1|dmem:dmem|RAM~4246                                  ; 0                 ; 6       ;
;      - my_computer:U1|dmem:dmem|RAM~4247                                  ; 0                 ; 6       ;
;      - my_computer:U1|dmem:dmem|RAM~4249                                  ; 0                 ; 6       ;
;      - my_computer:U1|dmem:dmem|RAM~4259                                  ; 0                 ; 6       ;
;      - my_computer:U1|dmem:dmem|RAM~4262                                  ; 0                 ; 6       ;
;      - my_computer:U1|dmem:dmem|RAM~4270                                  ; 0                 ; 6       ;
;      - my_computer:U1|dmem:dmem|RAM~4273                                  ; 0                 ; 6       ;
;      - my_computer:U1|dmem:dmem|RAM~4280                                  ; 0                 ; 6       ;
;      - my_computer:U1|dmem:dmem|RAM~4290                                  ; 0                 ; 6       ;
;      - my_computer:U1|dmem:dmem|RAM~4295                                  ; 0                 ; 6       ;
;      - my_computer:U1|dmem:dmem|RAM~4297                                  ; 0                 ; 6       ;
;      - my_computer:U1|dmem:dmem|RAM~4298                                  ; 0                 ; 6       ;
;      - my_computer:U1|dmem:dmem|RAM~4299                                  ; 0                 ; 6       ;
;      - my_computer:U1|dmem:dmem|RAM~4300                                  ; 0                 ; 6       ;
;      - my_computer:U1|dmem:dmem|RAM~4302                                  ; 0                 ; 6       ;
;      - my_computer:U1|dmem:dmem|RAM~4336                                  ; 0                 ; 6       ;
;      - my_computer:U1|dmem:dmem|RAM~4347                                  ; 0                 ; 6       ;
;      - my_computer:U1|dmem:dmem|RAM~4348                                  ; 0                 ; 6       ;
;      - my_computer:U1|dmem:dmem|RAM~4349                                  ; 0                 ; 6       ;
;      - my_computer:U1|dmem:dmem|RAM~4350                                  ; 0                 ; 6       ;
;      - my_computer:U1|dmem:dmem|RAM~4352                                  ; 0                 ; 6       ;
;      - my_computer:U1|dmem:dmem|RAM~4353                                  ; 0                 ; 6       ;
;      - my_computer:U1|dmem:dmem|RAM~4355                                  ; 0                 ; 6       ;
;      - my_computer:U1|dmem:dmem|RAM~4358                                  ; 0                 ; 6       ;
;      - my_computer:U1|dmem:dmem|RAM~4360                                  ; 0                 ; 6       ;
;      - my_computer:U1|dmem:dmem|RAM~4361                                  ; 0                 ; 6       ;
;      - my_computer:U1|dmem:dmem|RAM~4362                                  ; 0                 ; 6       ;
;      - my_computer:U1|dmem:dmem|RAM~4363                                  ; 0                 ; 6       ;
;      - my_computer:U1|dmem:dmem|RAM~4365                                  ; 0                 ; 6       ;
;      - my_computer:U1|dmem:dmem|RAM~4368                                  ; 0                 ; 6       ;
;      - my_computer:U1|dmem:dmem|RAM~4369                                  ; 0                 ; 6       ;
;      - my_computer:U1|dmem:dmem|RAM~4370                                  ; 0                 ; 6       ;
;      - my_computer:U1|dmem:dmem|RAM~4372                                  ; 0                 ; 6       ;
;      - my_computer:U1|dmem:dmem|RAM~4373                                  ; 0                 ; 6       ;
;      - my_computer:U1|dmem:dmem|RAM~4375                                  ; 0                 ; 6       ;
;      - my_computer:U1|dmem:dmem|RAM~4385                                  ; 0                 ; 6       ;
;      - my_computer:U1|dmem:dmem|RAM~4388                                  ; 0                 ; 6       ;
;      - my_computer:U1|dmem:dmem|RAM~4396                                  ; 0                 ; 6       ;
;      - my_computer:U1|dmem:dmem|RAM~4406                                  ; 0                 ; 6       ;
;      - my_computer:U1|dmem:dmem|RAM~4409                                  ; 0                 ; 6       ;
;      - my_computer:U1|dmem:dmem|RAM~4416                                  ; 0                 ; 6       ;
;      - my_computer:U1|dmem:dmem|RAM~4421                                  ; 0                 ; 6       ;
;      - my_computer:U1|dmem:dmem|RAM~4423                                  ; 0                 ; 6       ;
;      - my_computer:U1|dmem:dmem|RAM~4424                                  ; 0                 ; 6       ;
;      - my_computer:U1|dmem:dmem|RAM~4425                                  ; 0                 ; 6       ;
;      - my_computer:U1|dmem:dmem|RAM~4426                                  ; 0                 ; 6       ;
;      - my_computer:U1|dmem:dmem|RAM~4428                                  ; 0                 ; 6       ;
;      - my_computer:U1|dmem:dmem|RAM~4462                                  ; 0                 ; 6       ;
;      - my_computer:U1|dmem:dmem|RAM~4474                                  ; 0                 ; 6       ;
;      - my_computer:U1|dmem:dmem|RAM~4476                                  ; 0                 ; 6       ;
;      - my_computer:U1|dmem:dmem|RAM~4477                                  ; 0                 ; 6       ;
;      - my_computer:U1|dmem:dmem|RAM~4478                                  ; 0                 ; 6       ;
;      - my_computer:U1|dmem:dmem|RAM~4479                                  ; 0                 ; 6       ;
;      - my_computer:U1|dmem:dmem|RAM~4481                                  ; 0                 ; 6       ;
;      - my_computer:U1|dmem:dmem|RAM~4484                                  ; 0                 ; 6       ;
;      - my_computer:U1|dmem:dmem|RAM~4485                                  ; 0                 ; 6       ;
;      - my_computer:U1|dmem:dmem|RAM~4486                                  ; 0                 ; 6       ;
;      - my_computer:U1|dmem:dmem|RAM~4488                                  ; 0                 ; 6       ;
;      - my_computer:U1|dmem:dmem|RAM~4489                                  ; 0                 ; 6       ;
;      - my_computer:U1|dmem:dmem|RAM~4491                                  ; 0                 ; 6       ;
;      - my_computer:U1|dmem:dmem|RAM~4494                                  ; 0                 ; 6       ;
;      - my_computer:U1|dmem:dmem|RAM~4495                                  ; 0                 ; 6       ;
;      - my_computer:U1|dmem:dmem|RAM~4496                                  ; 0                 ; 6       ;
;      - my_computer:U1|dmem:dmem|RAM~4498                                  ; 0                 ; 6       ;
;      - my_computer:U1|dmem:dmem|RAM~4499                                  ; 0                 ; 6       ;
;      - my_computer:U1|dmem:dmem|RAM~4501                                  ; 0                 ; 6       ;
;      - my_computer:U1|dmem:dmem|RAM~4511                                  ; 0                 ; 6       ;
;      - my_computer:U1|dmem:dmem|RAM~4514                                  ; 0                 ; 6       ;
; SW[7]                                                                     ;                   ;         ;
;      - my_computer:U1|dmem:dmem|RAM~4126                                  ; 0                 ; 6       ;
;      - my_computer:U1|dmem:dmem|RAM~4137                                  ; 0                 ; 6       ;
;      - my_computer:U1|dmem:dmem|RAM~4138                                  ; 0                 ; 6       ;
;      - my_computer:U1|dmem:dmem|RAM~4140                                  ; 0                 ; 6       ;
;      - my_computer:U1|dmem:dmem|RAM~4141                                  ; 0                 ; 6       ;
;      - my_computer:U1|dmem:dmem|RAM~4142                                  ; 0                 ; 6       ;
;      - my_computer:U1|dmem:dmem|RAM~4143                                  ; 0                 ; 6       ;
;      - my_computer:U1|dmem:dmem|RAM~4145                                  ; 0                 ; 6       ;
;      - my_computer:U1|dmem:dmem|RAM~4148                                  ; 0                 ; 6       ;
;      - my_computer:U1|dmem:dmem|RAM~4149                                  ; 0                 ; 6       ;
;      - my_computer:U1|dmem:dmem|RAM~4150                                  ; 0                 ; 6       ;
;      - my_computer:U1|dmem:dmem|RAM~4152                                  ; 0                 ; 6       ;
;      - my_computer:U1|dmem:dmem|RAM~4153                                  ; 0                 ; 6       ;
;      - my_computer:U1|dmem:dmem|RAM~4155                                  ; 0                 ; 6       ;
;      - my_computer:U1|dmem:dmem|RAM~4158                                  ; 0                 ; 6       ;
;      - my_computer:U1|dmem:dmem|RAM~4160                                  ; 0                 ; 6       ;
;      - my_computer:U1|dmem:dmem|RAM~4161                                  ; 0                 ; 6       ;
;      - my_computer:U1|dmem:dmem|RAM~4162                                  ; 0                 ; 6       ;
;      - my_computer:U1|dmem:dmem|RAM~4163                                  ; 0                 ; 6       ;
;      - my_computer:U1|dmem:dmem|RAM~4165                                  ; 0                 ; 6       ;
;      - my_computer:U1|dmem:dmem|RAM~4169                                  ; 0                 ; 6       ;
;      - my_computer:U1|dmem:dmem|RAM~4170                                  ; 0                 ; 6       ;
;      - my_computer:U1|dmem:dmem|RAM~4171                                  ; 0                 ; 6       ;
;      - my_computer:U1|dmem:dmem|RAM~4173                                  ; 0                 ; 6       ;
;      - my_computer:U1|dmem:dmem|RAM~4174                                  ; 0                 ; 6       ;
;      - my_computer:U1|dmem:dmem|RAM~4176                                  ; 0                 ; 6       ;
;      - my_computer:U1|dmem:dmem|RAM~4180                                  ; 0                 ; 6       ;
;      - my_computer:U1|dmem:dmem|RAM~4182                                  ; 0                 ; 6       ;
;      - my_computer:U1|dmem:dmem|RAM~4183                                  ; 0                 ; 6       ;
;      - my_computer:U1|dmem:dmem|RAM~4184                                  ; 0                 ; 6       ;
;      - my_computer:U1|dmem:dmem|RAM~4185                                  ; 0                 ; 6       ;
;      - my_computer:U1|dmem:dmem|RAM~4187                                  ; 0                 ; 6       ;
;      - my_computer:U1|dmem:dmem|RAM~4196                                  ; 0                 ; 6       ;
;      - my_computer:U1|dmem:dmem|RAM~4206                                  ; 0                 ; 6       ;
;      - my_computer:U1|dmem:dmem|RAM~4209                                  ; 0                 ; 6       ;
;      - my_computer:U1|dmem:dmem|RAM~4217                                  ; 0                 ; 6       ;
;      - my_computer:U1|dmem:dmem|RAM~4220                                  ; 0                 ; 6       ;
;      - my_computer:U1|dmem:dmem|RAM~4252                                  ; 0                 ; 6       ;
;      - my_computer:U1|dmem:dmem|RAM~4264                                  ; 0                 ; 6       ;
;      - my_computer:U1|dmem:dmem|RAM~4265                                  ; 0                 ; 6       ;
;      - my_computer:U1|dmem:dmem|RAM~4266                                  ; 0                 ; 6       ;
;      - my_computer:U1|dmem:dmem|RAM~4268                                  ; 0                 ; 6       ;
;      - my_computer:U1|dmem:dmem|RAM~4271                                  ; 0                 ; 6       ;
;      - my_computer:U1|dmem:dmem|RAM~4272                                  ; 0                 ; 6       ;
;      - my_computer:U1|dmem:dmem|RAM~4274                                  ; 0                 ; 6       ;
;      - my_computer:U1|dmem:dmem|RAM~4276                                  ; 0                 ; 6       ;
;      - my_computer:U1|dmem:dmem|RAM~4277                                  ; 0                 ; 6       ;
;      - my_computer:U1|dmem:dmem|RAM~4278                                  ; 0                 ; 6       ;
;      - my_computer:U1|dmem:dmem|RAM~4281                                  ; 0                 ; 6       ;
;      - my_computer:U1|dmem:dmem|RAM~4282                                  ; 0                 ; 6       ;
;      - my_computer:U1|dmem:dmem|RAM~4284                                  ; 0                 ; 6       ;
;      - my_computer:U1|dmem:dmem|RAM~4286                                  ; 0                 ; 6       ;
;      - my_computer:U1|dmem:dmem|RAM~4287                                  ; 0                 ; 6       ;
;      - my_computer:U1|dmem:dmem|RAM~4288                                  ; 0                 ; 6       ;
;      - my_computer:U1|dmem:dmem|RAM~4291                                  ; 0                 ; 6       ;
;      - my_computer:U1|dmem:dmem|RAM~4292                                  ; 0                 ; 6       ;
;      - my_computer:U1|dmem:dmem|RAM~4301                                  ; 0                 ; 6       ;
;      - my_computer:U1|dmem:dmem|RAM~4312                                  ; 0                 ; 6       ;
;      - my_computer:U1|dmem:dmem|RAM~4316                                  ; 0                 ; 6       ;
;      - my_computer:U1|dmem:dmem|RAM~4318                                  ; 0                 ; 6       ;
;      - my_computer:U1|dmem:dmem|RAM~4319                                  ; 0                 ; 6       ;
;      - my_computer:U1|dmem:dmem|RAM~4320                                  ; 0                 ; 6       ;
;      - my_computer:U1|dmem:dmem|RAM~4321                                  ; 0                 ; 6       ;
;      - my_computer:U1|dmem:dmem|RAM~4323                                  ; 0                 ; 6       ;
;      - my_computer:U1|dmem:dmem|RAM~4332                                  ; 0                 ; 6       ;
;      - my_computer:U1|dmem:dmem|RAM~4335                                  ; 0                 ; 6       ;
;      - my_computer:U1|dmem:dmem|RAM~4343                                  ; 0                 ; 6       ;
;      - my_computer:U1|dmem:dmem|RAM~4346                                  ; 0                 ; 6       ;
;      - my_computer:U1|dmem:dmem|RAM~4378                                  ; 0                 ; 6       ;
;      - my_computer:U1|dmem:dmem|RAM~4389                                  ; 0                 ; 6       ;
;      - my_computer:U1|dmem:dmem|RAM~4390                                  ; 0                 ; 6       ;
;      - my_computer:U1|dmem:dmem|RAM~4392                                  ; 0                 ; 6       ;
;      - my_computer:U1|dmem:dmem|RAM~4393                                  ; 0                 ; 6       ;
;      - my_computer:U1|dmem:dmem|RAM~4394                                  ; 0                 ; 6       ;
;      - my_computer:U1|dmem:dmem|RAM~4397                                  ; 0                 ; 6       ;
;      - my_computer:U1|dmem:dmem|RAM~4398                                  ; 0                 ; 6       ;
;      - my_computer:U1|dmem:dmem|RAM~4400                                  ; 0                 ; 6       ;
;      - my_computer:U1|dmem:dmem|RAM~4401                                  ; 0                 ; 6       ;
;      - my_computer:U1|dmem:dmem|RAM~4402                                  ; 0                 ; 6       ;
;      - my_computer:U1|dmem:dmem|RAM~4404                                  ; 0                 ; 6       ;
;      - my_computer:U1|dmem:dmem|RAM~4407                                  ; 0                 ; 6       ;
;      - my_computer:U1|dmem:dmem|RAM~4408                                  ; 0                 ; 6       ;
;      - my_computer:U1|dmem:dmem|RAM~4410                                  ; 0                 ; 6       ;
;      - my_computer:U1|dmem:dmem|RAM~4412                                  ; 0                 ; 6       ;
;      - my_computer:U1|dmem:dmem|RAM~4413                                  ; 0                 ; 6       ;
;      - my_computer:U1|dmem:dmem|RAM~4414                                  ; 0                 ; 6       ;
;      - my_computer:U1|dmem:dmem|RAM~4417                                  ; 0                 ; 6       ;
;      - my_computer:U1|dmem:dmem|RAM~4418                                  ; 0                 ; 6       ;
;      - my_computer:U1|dmem:dmem|RAM~4427                                  ; 0                 ; 6       ;
;      - my_computer:U1|dmem:dmem|RAM~4432                                  ; 0                 ; 6       ;
;      - my_computer:U1|dmem:dmem|RAM~4434                                  ; 0                 ; 6       ;
;      - my_computer:U1|dmem:dmem|RAM~4435                                  ; 0                 ; 6       ;
;      - my_computer:U1|dmem:dmem|RAM~4436                                  ; 0                 ; 6       ;
;      - my_computer:U1|dmem:dmem|RAM~4437                                  ; 0                 ; 6       ;
;      - my_computer:U1|dmem:dmem|RAM~4439                                  ; 0                 ; 6       ;
;      - my_computer:U1|dmem:dmem|RAM~4448                                  ; 0                 ; 6       ;
;      - my_computer:U1|dmem:dmem|RAM~4458                                  ; 0                 ; 6       ;
;      - my_computer:U1|dmem:dmem|RAM~4461                                  ; 0                 ; 6       ;
;      - my_computer:U1|dmem:dmem|RAM~4469                                  ; 0                 ; 6       ;
;      - my_computer:U1|dmem:dmem|RAM~4472                                  ; 0                 ; 6       ;
;      - my_computer:U1|dmem:dmem|RAM~4504                                  ; 0                 ; 6       ;
; SW[6]                                                                     ;                   ;         ;
;      - my_computer:U1|dmem:dmem|RAM~4126                                  ; 1                 ; 6       ;
;      - my_computer:U1|dmem:dmem|RAM~4138                                  ; 1                 ; 6       ;
;      - my_computer:U1|dmem:dmem|RAM~4139                                  ; 1                 ; 6       ;
;      - my_computer:U1|dmem:dmem|RAM~4140                                  ; 1                 ; 6       ;
;      - my_computer:U1|dmem:dmem|RAM~4142                                  ; 1                 ; 6       ;
;      - my_computer:U1|dmem:dmem|RAM~4145                                  ; 1                 ; 6       ;
;      - my_computer:U1|dmem:dmem|RAM~4146                                  ; 1                 ; 6       ;
;      - my_computer:U1|dmem:dmem|RAM~4148                                  ; 1                 ; 6       ;
;      - my_computer:U1|dmem:dmem|RAM~4150                                  ; 1                 ; 6       ;
;      - my_computer:U1|dmem:dmem|RAM~4151                                  ; 1                 ; 6       ;
;      - my_computer:U1|dmem:dmem|RAM~4152                                  ; 1                 ; 6       ;
;      - my_computer:U1|dmem:dmem|RAM~4155                                  ; 1                 ; 6       ;
;      - my_computer:U1|dmem:dmem|RAM~4156                                  ; 1                 ; 6       ;
;      - my_computer:U1|dmem:dmem|RAM~4158                                  ; 1                 ; 6       ;
;      - my_computer:U1|dmem:dmem|RAM~4159                                  ; 1                 ; 6       ;
;      - my_computer:U1|dmem:dmem|RAM~4160                                  ; 1                 ; 6       ;
;      - my_computer:U1|dmem:dmem|RAM~4162                                  ; 1                 ; 6       ;
;      - my_computer:U1|dmem:dmem|RAM~4165                                  ; 1                 ; 6       ;
;      - my_computer:U1|dmem:dmem|RAM~4166                                  ; 1                 ; 6       ;
;      - my_computer:U1|dmem:dmem|RAM~4169                                  ; 1                 ; 6       ;
;      - my_computer:U1|dmem:dmem|RAM~4171                                  ; 1                 ; 6       ;
;      - my_computer:U1|dmem:dmem|RAM~4172                                  ; 1                 ; 6       ;
;      - my_computer:U1|dmem:dmem|RAM~4173                                  ; 1                 ; 6       ;
;      - my_computer:U1|dmem:dmem|RAM~4176                                  ; 1                 ; 6       ;
;      - my_computer:U1|dmem:dmem|RAM~4177                                  ; 1                 ; 6       ;
;      - my_computer:U1|dmem:dmem|RAM~4180                                  ; 1                 ; 6       ;
;      - my_computer:U1|dmem:dmem|RAM~4181                                  ; 1                 ; 6       ;
;      - my_computer:U1|dmem:dmem|RAM~4182                                  ; 1                 ; 6       ;
;      - my_computer:U1|dmem:dmem|RAM~4184                                  ; 1                 ; 6       ;
;      - my_computer:U1|dmem:dmem|RAM~4187                                  ; 1                 ; 6       ;
;      - my_computer:U1|dmem:dmem|RAM~4188                                  ; 1                 ; 6       ;
;      - my_computer:U1|dmem:dmem|RAM~4196                                  ; 1                 ; 6       ;
;      - my_computer:U1|dmem:dmem|RAM~4199                                  ; 1                 ; 6       ;
;      - my_computer:U1|dmem:dmem|RAM~4206                                  ; 1                 ; 6       ;
;      - my_computer:U1|dmem:dmem|RAM~4217                                  ; 1                 ; 6       ;
;      - my_computer:U1|dmem:dmem|RAM~4252                                  ; 1                 ; 6       ;
;      - my_computer:U1|dmem:dmem|RAM~4263                                  ; 1                 ; 6       ;
;      - my_computer:U1|dmem:dmem|RAM~4264                                  ; 1                 ; 6       ;
;      - my_computer:U1|dmem:dmem|RAM~4266                                  ; 1                 ; 6       ;
;      - my_computer:U1|dmem:dmem|RAM~4267                                  ; 1                 ; 6       ;
;      - my_computer:U1|dmem:dmem|RAM~4268                                  ; 1                 ; 6       ;
;      - my_computer:U1|dmem:dmem|RAM~4269                                  ; 1                 ; 6       ;
;      - my_computer:U1|dmem:dmem|RAM~4271                                  ; 1                 ; 6       ;
;      - my_computer:U1|dmem:dmem|RAM~4274                                  ; 1                 ; 6       ;
;      - my_computer:U1|dmem:dmem|RAM~4275                                  ; 1                 ; 6       ;
;      - my_computer:U1|dmem:dmem|RAM~4276                                  ; 1                 ; 6       ;
;      - my_computer:U1|dmem:dmem|RAM~4278                                  ; 1                 ; 6       ;
;      - my_computer:U1|dmem:dmem|RAM~4279                                  ; 1                 ; 6       ;
;      - my_computer:U1|dmem:dmem|RAM~4281                                  ; 1                 ; 6       ;
;      - my_computer:U1|dmem:dmem|RAM~4284                                  ; 1                 ; 6       ;
;      - my_computer:U1|dmem:dmem|RAM~4285                                  ; 1                 ; 6       ;
;      - my_computer:U1|dmem:dmem|RAM~4286                                  ; 1                 ; 6       ;
;      - my_computer:U1|dmem:dmem|RAM~4288                                  ; 1                 ; 6       ;
;      - my_computer:U1|dmem:dmem|RAM~4289                                  ; 1                 ; 6       ;
;      - my_computer:U1|dmem:dmem|RAM~4291                                  ; 1                 ; 6       ;
;      - my_computer:U1|dmem:dmem|RAM~4301                                  ; 1                 ; 6       ;
;      - my_computer:U1|dmem:dmem|RAM~4304                                  ; 1                 ; 6       ;
;      - my_computer:U1|dmem:dmem|RAM~4312                                  ; 1                 ; 6       ;
;      - my_computer:U1|dmem:dmem|RAM~4315                                  ; 1                 ; 6       ;
;      - my_computer:U1|dmem:dmem|RAM~4316                                  ; 1                 ; 6       ;
;      - my_computer:U1|dmem:dmem|RAM~4317                                  ; 1                 ; 6       ;
;      - my_computer:U1|dmem:dmem|RAM~4318                                  ; 1                 ; 6       ;
;      - my_computer:U1|dmem:dmem|RAM~4320                                  ; 1                 ; 6       ;
;      - my_computer:U1|dmem:dmem|RAM~4323                                  ; 1                 ; 6       ;
;      - my_computer:U1|dmem:dmem|RAM~4324                                  ; 1                 ; 6       ;
;      - my_computer:U1|dmem:dmem|RAM~4332                                  ; 1                 ; 6       ;
;      - my_computer:U1|dmem:dmem|RAM~4343                                  ; 1                 ; 6       ;
;      - my_computer:U1|dmem:dmem|RAM~4378                                  ; 1                 ; 6       ;
;      - my_computer:U1|dmem:dmem|RAM~4390                                  ; 1                 ; 6       ;
;      - my_computer:U1|dmem:dmem|RAM~4391                                  ; 1                 ; 6       ;
;      - my_computer:U1|dmem:dmem|RAM~4392                                  ; 1                 ; 6       ;
;      - my_computer:U1|dmem:dmem|RAM~4394                                  ; 1                 ; 6       ;
;      - my_computer:U1|dmem:dmem|RAM~4395                                  ; 1                 ; 6       ;
;      - my_computer:U1|dmem:dmem|RAM~4397                                  ; 1                 ; 6       ;
;      - my_computer:U1|dmem:dmem|RAM~4400                                  ; 1                 ; 6       ;
;      - my_computer:U1|dmem:dmem|RAM~4402                                  ; 1                 ; 6       ;
;      - my_computer:U1|dmem:dmem|RAM~4403                                  ; 1                 ; 6       ;
;      - my_computer:U1|dmem:dmem|RAM~4404                                  ; 1                 ; 6       ;
;      - my_computer:U1|dmem:dmem|RAM~4405                                  ; 1                 ; 6       ;
;      - my_computer:U1|dmem:dmem|RAM~4407                                  ; 1                 ; 6       ;
;      - my_computer:U1|dmem:dmem|RAM~4410                                  ; 1                 ; 6       ;
;      - my_computer:U1|dmem:dmem|RAM~4411                                  ; 1                 ; 6       ;
;      - my_computer:U1|dmem:dmem|RAM~4412                                  ; 1                 ; 6       ;
;      - my_computer:U1|dmem:dmem|RAM~4414                                  ; 1                 ; 6       ;
;      - my_computer:U1|dmem:dmem|RAM~4415                                  ; 1                 ; 6       ;
;      - my_computer:U1|dmem:dmem|RAM~4417                                  ; 1                 ; 6       ;
;      - my_computer:U1|dmem:dmem|RAM~4427                                  ; 1                 ; 6       ;
;      - my_computer:U1|dmem:dmem|RAM~4430                                  ; 1                 ; 6       ;
;      - my_computer:U1|dmem:dmem|RAM~4432                                  ; 1                 ; 6       ;
;      - my_computer:U1|dmem:dmem|RAM~4433                                  ; 1                 ; 6       ;
;      - my_computer:U1|dmem:dmem|RAM~4434                                  ; 1                 ; 6       ;
;      - my_computer:U1|dmem:dmem|RAM~4436                                  ; 1                 ; 6       ;
;      - my_computer:U1|dmem:dmem|RAM~4439                                  ; 1                 ; 6       ;
;      - my_computer:U1|dmem:dmem|RAM~4440                                  ; 1                 ; 6       ;
;      - my_computer:U1|dmem:dmem|RAM~4448                                  ; 1                 ; 6       ;
;      - my_computer:U1|dmem:dmem|RAM~4451                                  ; 1                 ; 6       ;
;      - my_computer:U1|dmem:dmem|RAM~4458                                  ; 1                 ; 6       ;
;      - my_computer:U1|dmem:dmem|RAM~4469                                  ; 1                 ; 6       ;
;      - my_computer:U1|dmem:dmem|RAM~4504                                  ; 1                 ; 6       ;
;      - my_computer:U1|dmem:dmem|RAM~4515                                  ; 1                 ; 6       ;
; SW[9]                                                                     ;                   ;         ;
;      - LEDR~0                                                             ; 1                 ; 6       ;
;      - LEDR~1                                                             ; 1                 ; 6       ;
;      - LEDR~2                                                             ; 1                 ; 6       ;
;      - LEDR~3                                                             ; 1                 ; 6       ;
;      - LEDR~4                                                             ; 1                 ; 6       ;
;      - LEDR~5                                                             ; 1                 ; 6       ;
;      - LEDR~6                                                             ; 1                 ; 6       ;
;      - LEDR~7                                                             ; 1                 ; 6       ;
;      - LEDR~8                                                             ; 1                 ; 6       ;
;      - LEDR~9                                                             ; 1                 ; 6       ;
; KEY[1]                                                                    ;                   ;         ;
;      - my_computer:U1|riscvsingle:rvsingle|datapath:dp|flopr:pcreg|q[0]   ; 0                 ; 0       ;
;      - my_computer:U1|riscvsingle:rvsingle|datapath:dp|flopr:pcreg|q[1]   ; 0                 ; 0       ;
;      - my_computer:U1|riscvsingle:rvsingle|datapath:dp|flopr:pcreg|q[2]   ; 0                 ; 0       ;
;      - my_computer:U1|riscvsingle:rvsingle|datapath:dp|flopr:pcreg|q[3]   ; 0                 ; 0       ;
;      - my_computer:U1|riscvsingle:rvsingle|datapath:dp|flopr:pcreg|q[4]   ; 0                 ; 0       ;
;      - my_computer:U1|riscvsingle:rvsingle|datapath:dp|flopr:pcreg|q[5]   ; 0                 ; 0       ;
;      - my_computer:U1|riscvsingle:rvsingle|datapath:dp|flopr:pcreg|q[6]   ; 0                 ; 0       ;
;      - my_computer:U1|riscvsingle:rvsingle|datapath:dp|flopr:pcreg|q[7]   ; 0                 ; 0       ;
;      - my_computer:U1|riscvsingle:rvsingle|datapath:dp|flopr:pcreg|q[8]   ; 0                 ; 0       ;
;      - my_computer:U1|riscvsingle:rvsingle|datapath:dp|flopr:pcreg|q[9]   ; 0                 ; 0       ;
;      - my_computer:U1|dmem:dmem|RAM~0                                     ; 0                 ; 0       ;
;      - my_computer:U1|dmem:dmem|RAM~1                                     ; 0                 ; 0       ;
;      - my_computer:U1|dmem:dmem|RAM~2                                     ; 0                 ; 0       ;
;      - my_computer:U1|dmem:dmem|RAM~3                                     ; 0                 ; 0       ;
;      - my_computer:U1|dmem:dmem|RAM~4                                     ; 0                 ; 0       ;
;      - my_computer:U1|dmem:dmem|RAM~5                                     ; 0                 ; 0       ;
;      - my_computer:U1|dmem:dmem|RAM~6                                     ; 0                 ; 0       ;
;      - my_computer:U1|dmem:dmem|RAM~7                                     ; 0                 ; 0       ;
;      - my_computer:U1|dmem:dmem|RAM~8                                     ; 0                 ; 0       ;
;      - my_computer:U1|dmem:dmem|RAM~9                                     ; 0                 ; 0       ;
;      - my_computer:U1|dmem:dmem|RAM~32                                    ; 0                 ; 0       ;
;      - my_computer:U1|dmem:dmem|RAM~33                                    ; 0                 ; 0       ;
;      - my_computer:U1|dmem:dmem|RAM~34                                    ; 0                 ; 0       ;
;      - my_computer:U1|dmem:dmem|RAM~35                                    ; 0                 ; 0       ;
;      - my_computer:U1|dmem:dmem|RAM~36                                    ; 0                 ; 0       ;
;      - my_computer:U1|dmem:dmem|RAM~37                                    ; 0                 ; 0       ;
;      - my_computer:U1|dmem:dmem|RAM~38                                    ; 0                 ; 0       ;
;      - my_computer:U1|dmem:dmem|RAM~39                                    ; 0                 ; 0       ;
;      - my_computer:U1|dmem:dmem|RAM~40                                    ; 0                 ; 0       ;
;      - my_computer:U1|dmem:dmem|RAM~41                                    ; 0                 ; 0       ;
;      - my_computer:U1|dmem:dmem|RAM~64                                    ; 0                 ; 0       ;
;      - my_computer:U1|dmem:dmem|RAM~65                                    ; 0                 ; 0       ;
;      - my_computer:U1|dmem:dmem|RAM~66                                    ; 0                 ; 0       ;
;      - my_computer:U1|dmem:dmem|RAM~67                                    ; 0                 ; 0       ;
;      - my_computer:U1|dmem:dmem|RAM~68                                    ; 0                 ; 0       ;
;      - my_computer:U1|dmem:dmem|RAM~69                                    ; 0                 ; 0       ;
;      - my_computer:U1|dmem:dmem|RAM~70                                    ; 0                 ; 0       ;
;      - my_computer:U1|dmem:dmem|RAM~71                                    ; 0                 ; 0       ;
;      - my_computer:U1|dmem:dmem|RAM~72                                    ; 0                 ; 0       ;
;      - my_computer:U1|dmem:dmem|RAM~73                                    ; 0                 ; 0       ;
;      - my_computer:U1|dmem:dmem|RAM~96                                    ; 0                 ; 0       ;
;      - my_computer:U1|dmem:dmem|RAM~97                                    ; 0                 ; 0       ;
;      - my_computer:U1|dmem:dmem|RAM~98                                    ; 0                 ; 0       ;
;      - my_computer:U1|dmem:dmem|RAM~99                                    ; 0                 ; 0       ;
;      - my_computer:U1|dmem:dmem|RAM~100                                   ; 0                 ; 0       ;
;      - my_computer:U1|dmem:dmem|RAM~101                                   ; 0                 ; 0       ;
;      - my_computer:U1|dmem:dmem|RAM~102                                   ; 0                 ; 0       ;
;      - my_computer:U1|dmem:dmem|RAM~103                                   ; 0                 ; 0       ;
;      - my_computer:U1|dmem:dmem|RAM~104                                   ; 0                 ; 0       ;
;      - my_computer:U1|dmem:dmem|RAM~105                                   ; 0                 ; 0       ;
;      - my_computer:U1|dmem:dmem|RAM~128                                   ; 0                 ; 0       ;
;      - my_computer:U1|dmem:dmem|RAM~129                                   ; 0                 ; 0       ;
;      - my_computer:U1|dmem:dmem|RAM~130                                   ; 0                 ; 0       ;
;      - my_computer:U1|dmem:dmem|RAM~131                                   ; 0                 ; 0       ;
;      - my_computer:U1|dmem:dmem|RAM~132                                   ; 0                 ; 0       ;
;      - my_computer:U1|dmem:dmem|RAM~133                                   ; 0                 ; 0       ;
;      - my_computer:U1|dmem:dmem|RAM~134                                   ; 0                 ; 0       ;
;      - my_computer:U1|dmem:dmem|RAM~135                                   ; 0                 ; 0       ;
;      - my_computer:U1|dmem:dmem|RAM~136                                   ; 0                 ; 0       ;
;      - my_computer:U1|dmem:dmem|RAM~137                                   ; 0                 ; 0       ;
;      - my_computer:U1|dmem:dmem|RAM~160                                   ; 0                 ; 0       ;
;      - my_computer:U1|dmem:dmem|RAM~161                                   ; 0                 ; 0       ;
;      - my_computer:U1|dmem:dmem|RAM~162                                   ; 0                 ; 0       ;
;      - my_computer:U1|dmem:dmem|RAM~163                                   ; 0                 ; 0       ;
;      - my_computer:U1|dmem:dmem|RAM~164                                   ; 0                 ; 0       ;
;      - my_computer:U1|dmem:dmem|RAM~165                                   ; 0                 ; 0       ;
;      - my_computer:U1|dmem:dmem|RAM~166                                   ; 0                 ; 0       ;
;      - my_computer:U1|dmem:dmem|RAM~167                                   ; 0                 ; 0       ;
;      - my_computer:U1|dmem:dmem|RAM~168                                   ; 0                 ; 0       ;
;      - my_computer:U1|dmem:dmem|RAM~169                                   ; 0                 ; 0       ;
;      - my_computer:U1|dmem:dmem|RAM~192                                   ; 0                 ; 0       ;
;      - my_computer:U1|dmem:dmem|RAM~193                                   ; 0                 ; 0       ;
;      - my_computer:U1|dmem:dmem|RAM~194                                   ; 0                 ; 0       ;
;      - my_computer:U1|dmem:dmem|RAM~195                                   ; 0                 ; 0       ;
;      - my_computer:U1|dmem:dmem|RAM~196                                   ; 0                 ; 0       ;
;      - my_computer:U1|dmem:dmem|RAM~197                                   ; 0                 ; 0       ;
;      - my_computer:U1|dmem:dmem|RAM~198                                   ; 0                 ; 0       ;
;      - my_computer:U1|dmem:dmem|RAM~199                                   ; 0                 ; 0       ;
;      - my_computer:U1|dmem:dmem|RAM~200                                   ; 0                 ; 0       ;
;      - my_computer:U1|dmem:dmem|RAM~201                                   ; 0                 ; 0       ;
;      - my_computer:U1|dmem:dmem|RAM~224                                   ; 0                 ; 0       ;
;      - my_computer:U1|dmem:dmem|RAM~225                                   ; 0                 ; 0       ;
;      - my_computer:U1|dmem:dmem|RAM~226                                   ; 0                 ; 0       ;
;      - my_computer:U1|dmem:dmem|RAM~227                                   ; 0                 ; 0       ;
;      - my_computer:U1|dmem:dmem|RAM~228                                   ; 0                 ; 0       ;
;      - my_computer:U1|dmem:dmem|RAM~229                                   ; 0                 ; 0       ;
;      - my_computer:U1|dmem:dmem|RAM~230                                   ; 0                 ; 0       ;
;      - my_computer:U1|dmem:dmem|RAM~231                                   ; 0                 ; 0       ;
;      - my_computer:U1|dmem:dmem|RAM~232                                   ; 0                 ; 0       ;
;      - my_computer:U1|dmem:dmem|RAM~233                                   ; 0                 ; 0       ;
;      - my_computer:U1|dmem:dmem|RAM~256                                   ; 0                 ; 0       ;
;      - my_computer:U1|dmem:dmem|RAM~257                                   ; 0                 ; 0       ;
;      - my_computer:U1|dmem:dmem|RAM~258                                   ; 0                 ; 0       ;
;      - my_computer:U1|dmem:dmem|RAM~259                                   ; 0                 ; 0       ;
;      - my_computer:U1|dmem:dmem|RAM~260                                   ; 0                 ; 0       ;
;      - my_computer:U1|dmem:dmem|RAM~261                                   ; 0                 ; 0       ;
;      - my_computer:U1|dmem:dmem|RAM~262                                   ; 0                 ; 0       ;
;      - my_computer:U1|dmem:dmem|RAM~263                                   ; 0                 ; 0       ;
;      - my_computer:U1|dmem:dmem|RAM~264                                   ; 0                 ; 0       ;
;      - my_computer:U1|dmem:dmem|RAM~265                                   ; 0                 ; 0       ;
;      - my_computer:U1|dmem:dmem|RAM~288                                   ; 0                 ; 0       ;
;      - my_computer:U1|dmem:dmem|RAM~289                                   ; 0                 ; 0       ;
;      - my_computer:U1|dmem:dmem|RAM~290                                   ; 0                 ; 0       ;
;      - my_computer:U1|dmem:dmem|RAM~291                                   ; 0                 ; 0       ;
;      - my_computer:U1|dmem:dmem|RAM~292                                   ; 0                 ; 0       ;
;      - my_computer:U1|dmem:dmem|RAM~293                                   ; 0                 ; 0       ;
;      - my_computer:U1|dmem:dmem|RAM~294                                   ; 0                 ; 0       ;
;      - my_computer:U1|dmem:dmem|RAM~295                                   ; 0                 ; 0       ;
;      - my_computer:U1|dmem:dmem|RAM~296                                   ; 0                 ; 0       ;
;      - my_computer:U1|dmem:dmem|RAM~297                                   ; 0                 ; 0       ;
;      - my_computer:U1|dmem:dmem|RAM~320                                   ; 0                 ; 0       ;
;      - my_computer:U1|dmem:dmem|RAM~321                                   ; 0                 ; 0       ;
;      - my_computer:U1|dmem:dmem|RAM~322                                   ; 0                 ; 0       ;
;      - my_computer:U1|dmem:dmem|RAM~323                                   ; 0                 ; 0       ;
;      - my_computer:U1|dmem:dmem|RAM~324                                   ; 0                 ; 0       ;
;      - my_computer:U1|dmem:dmem|RAM~325                                   ; 0                 ; 0       ;
;      - my_computer:U1|dmem:dmem|RAM~326                                   ; 0                 ; 0       ;
;      - my_computer:U1|dmem:dmem|RAM~327                                   ; 0                 ; 0       ;
;      - my_computer:U1|dmem:dmem|RAM~328                                   ; 0                 ; 0       ;
;      - my_computer:U1|dmem:dmem|RAM~329                                   ; 0                 ; 0       ;
;      - my_computer:U1|dmem:dmem|RAM~352                                   ; 0                 ; 0       ;
;      - my_computer:U1|dmem:dmem|RAM~353                                   ; 0                 ; 0       ;
;      - my_computer:U1|dmem:dmem|RAM~354                                   ; 0                 ; 0       ;
;      - my_computer:U1|dmem:dmem|RAM~355                                   ; 0                 ; 0       ;
;      - my_computer:U1|dmem:dmem|RAM~356                                   ; 0                 ; 0       ;
;      - my_computer:U1|dmem:dmem|RAM~357                                   ; 0                 ; 0       ;
;      - my_computer:U1|dmem:dmem|RAM~358                                   ; 0                 ; 0       ;
;      - my_computer:U1|dmem:dmem|RAM~359                                   ; 0                 ; 0       ;
;      - my_computer:U1|dmem:dmem|RAM~360                                   ; 0                 ; 0       ;
;      - my_computer:U1|dmem:dmem|RAM~361                                   ; 0                 ; 0       ;
;      - my_computer:U1|dmem:dmem|RAM~384                                   ; 0                 ; 0       ;
;      - my_computer:U1|dmem:dmem|RAM~385                                   ; 0                 ; 0       ;
;      - my_computer:U1|dmem:dmem|RAM~386                                   ; 0                 ; 0       ;
;      - my_computer:U1|dmem:dmem|RAM~387                                   ; 0                 ; 0       ;
;      - my_computer:U1|dmem:dmem|RAM~388                                   ; 0                 ; 0       ;
;      - my_computer:U1|dmem:dmem|RAM~389                                   ; 0                 ; 0       ;
;      - my_computer:U1|dmem:dmem|RAM~390                                   ; 0                 ; 0       ;
;      - my_computer:U1|dmem:dmem|RAM~391                                   ; 0                 ; 0       ;
;      - my_computer:U1|dmem:dmem|RAM~392                                   ; 0                 ; 0       ;
;      - my_computer:U1|dmem:dmem|RAM~393                                   ; 0                 ; 0       ;
;      - my_computer:U1|dmem:dmem|RAM~416                                   ; 0                 ; 0       ;
;      - my_computer:U1|dmem:dmem|RAM~417                                   ; 0                 ; 0       ;
;      - my_computer:U1|dmem:dmem|RAM~418                                   ; 0                 ; 0       ;
;      - my_computer:U1|dmem:dmem|RAM~419                                   ; 0                 ; 0       ;
;      - my_computer:U1|dmem:dmem|RAM~420                                   ; 0                 ; 0       ;
;      - my_computer:U1|dmem:dmem|RAM~421                                   ; 0                 ; 0       ;
;      - my_computer:U1|dmem:dmem|RAM~422                                   ; 0                 ; 0       ;
;      - my_computer:U1|dmem:dmem|RAM~423                                   ; 0                 ; 0       ;
;      - my_computer:U1|dmem:dmem|RAM~424                                   ; 0                 ; 0       ;
;      - my_computer:U1|dmem:dmem|RAM~425                                   ; 0                 ; 0       ;
;      - my_computer:U1|dmem:dmem|RAM~448                                   ; 0                 ; 0       ;
;      - my_computer:U1|dmem:dmem|RAM~449                                   ; 0                 ; 0       ;
;      - my_computer:U1|dmem:dmem|RAM~450                                   ; 0                 ; 0       ;
;      - my_computer:U1|dmem:dmem|RAM~451                                   ; 0                 ; 0       ;
;      - my_computer:U1|dmem:dmem|RAM~452                                   ; 0                 ; 0       ;
;      - my_computer:U1|dmem:dmem|RAM~453                                   ; 0                 ; 0       ;
;      - my_computer:U1|dmem:dmem|RAM~454                                   ; 0                 ; 0       ;
;      - my_computer:U1|dmem:dmem|RAM~455                                   ; 0                 ; 0       ;
;      - my_computer:U1|dmem:dmem|RAM~456                                   ; 0                 ; 0       ;
;      - my_computer:U1|dmem:dmem|RAM~457                                   ; 0                 ; 0       ;
;      - my_computer:U1|dmem:dmem|RAM~480                                   ; 0                 ; 0       ;
;      - my_computer:U1|dmem:dmem|RAM~481                                   ; 0                 ; 0       ;
;      - my_computer:U1|dmem:dmem|RAM~482                                   ; 0                 ; 0       ;
;      - my_computer:U1|dmem:dmem|RAM~483                                   ; 0                 ; 0       ;
;      - my_computer:U1|dmem:dmem|RAM~484                                   ; 0                 ; 0       ;
;      - my_computer:U1|dmem:dmem|RAM~485                                   ; 0                 ; 0       ;
;      - my_computer:U1|dmem:dmem|RAM~486                                   ; 0                 ; 0       ;
;      - my_computer:U1|dmem:dmem|RAM~487                                   ; 0                 ; 0       ;
;      - my_computer:U1|dmem:dmem|RAM~488                                   ; 0                 ; 0       ;
;      - my_computer:U1|dmem:dmem|RAM~489                                   ; 0                 ; 0       ;
;      - my_computer:U1|dmem:dmem|RAM~512                                   ; 0                 ; 0       ;
;      - my_computer:U1|dmem:dmem|RAM~513                                   ; 0                 ; 0       ;
;      - my_computer:U1|dmem:dmem|RAM~514                                   ; 0                 ; 0       ;
;      - my_computer:U1|dmem:dmem|RAM~515                                   ; 0                 ; 0       ;
;      - my_computer:U1|dmem:dmem|RAM~516                                   ; 0                 ; 0       ;
;      - my_computer:U1|dmem:dmem|RAM~517                                   ; 0                 ; 0       ;
;      - my_computer:U1|dmem:dmem|RAM~518                                   ; 0                 ; 0       ;
;      - my_computer:U1|dmem:dmem|RAM~519                                   ; 0                 ; 0       ;
;      - my_computer:U1|dmem:dmem|RAM~520                                   ; 0                 ; 0       ;
;      - my_computer:U1|dmem:dmem|RAM~521                                   ; 0                 ; 0       ;
;      - my_computer:U1|dmem:dmem|RAM~544                                   ; 0                 ; 0       ;
;      - my_computer:U1|dmem:dmem|RAM~545                                   ; 0                 ; 0       ;
;      - my_computer:U1|dmem:dmem|RAM~546                                   ; 0                 ; 0       ;
;      - my_computer:U1|dmem:dmem|RAM~547                                   ; 0                 ; 0       ;
;      - my_computer:U1|dmem:dmem|RAM~548                                   ; 0                 ; 0       ;
;      - my_computer:U1|dmem:dmem|RAM~549                                   ; 0                 ; 0       ;
;      - my_computer:U1|dmem:dmem|RAM~550                                   ; 0                 ; 0       ;
;      - my_computer:U1|dmem:dmem|RAM~551                                   ; 0                 ; 0       ;
;      - my_computer:U1|dmem:dmem|RAM~552                                   ; 0                 ; 0       ;
;      - my_computer:U1|dmem:dmem|RAM~553                                   ; 0                 ; 0       ;
;      - my_computer:U1|dmem:dmem|RAM~576                                   ; 0                 ; 0       ;
;      - my_computer:U1|dmem:dmem|RAM~577                                   ; 0                 ; 0       ;
;      - my_computer:U1|dmem:dmem|RAM~578                                   ; 0                 ; 0       ;
;      - my_computer:U1|dmem:dmem|RAM~579                                   ; 0                 ; 0       ;
;      - my_computer:U1|dmem:dmem|RAM~580                                   ; 0                 ; 0       ;
;      - my_computer:U1|dmem:dmem|RAM~581                                   ; 0                 ; 0       ;
;      - my_computer:U1|dmem:dmem|RAM~582                                   ; 0                 ; 0       ;
;      - my_computer:U1|dmem:dmem|RAM~583                                   ; 0                 ; 0       ;
;      - my_computer:U1|dmem:dmem|RAM~584                                   ; 0                 ; 0       ;
;      - my_computer:U1|dmem:dmem|RAM~585                                   ; 0                 ; 0       ;
;      - my_computer:U1|dmem:dmem|RAM~608                                   ; 0                 ; 0       ;
;      - my_computer:U1|dmem:dmem|RAM~609                                   ; 0                 ; 0       ;
;      - my_computer:U1|dmem:dmem|RAM~610                                   ; 0                 ; 0       ;
;      - my_computer:U1|dmem:dmem|RAM~611                                   ; 0                 ; 0       ;
;      - my_computer:U1|dmem:dmem|RAM~612                                   ; 0                 ; 0       ;
;      - my_computer:U1|dmem:dmem|RAM~613                                   ; 0                 ; 0       ;
;      - my_computer:U1|dmem:dmem|RAM~614                                   ; 0                 ; 0       ;
;      - my_computer:U1|dmem:dmem|RAM~615                                   ; 0                 ; 0       ;
;      - my_computer:U1|dmem:dmem|RAM~616                                   ; 0                 ; 0       ;
;      - my_computer:U1|dmem:dmem|RAM~617                                   ; 0                 ; 0       ;
;      - my_computer:U1|dmem:dmem|RAM~640                                   ; 0                 ; 0       ;
;      - my_computer:U1|dmem:dmem|RAM~641                                   ; 0                 ; 0       ;
;      - my_computer:U1|dmem:dmem|RAM~642                                   ; 0                 ; 0       ;
;      - my_computer:U1|dmem:dmem|RAM~643                                   ; 0                 ; 0       ;
;      - my_computer:U1|dmem:dmem|RAM~644                                   ; 0                 ; 0       ;
;      - my_computer:U1|dmem:dmem|RAM~645                                   ; 0                 ; 0       ;
;      - my_computer:U1|dmem:dmem|RAM~646                                   ; 0                 ; 0       ;
;      - my_computer:U1|dmem:dmem|RAM~647                                   ; 0                 ; 0       ;
;      - my_computer:U1|dmem:dmem|RAM~648                                   ; 0                 ; 0       ;
;      - my_computer:U1|dmem:dmem|RAM~649                                   ; 0                 ; 0       ;
;      - my_computer:U1|dmem:dmem|RAM~672                                   ; 0                 ; 0       ;
;      - my_computer:U1|dmem:dmem|RAM~673                                   ; 0                 ; 0       ;
;      - my_computer:U1|dmem:dmem|RAM~674                                   ; 0                 ; 0       ;
;      - my_computer:U1|dmem:dmem|RAM~675                                   ; 0                 ; 0       ;
;      - my_computer:U1|dmem:dmem|RAM~676                                   ; 0                 ; 0       ;
;      - my_computer:U1|dmem:dmem|RAM~677                                   ; 0                 ; 0       ;
;      - my_computer:U1|dmem:dmem|RAM~678                                   ; 0                 ; 0       ;
;      - my_computer:U1|dmem:dmem|RAM~679                                   ; 0                 ; 0       ;
;      - my_computer:U1|dmem:dmem|RAM~680                                   ; 0                 ; 0       ;
;      - my_computer:U1|dmem:dmem|RAM~681                                   ; 0                 ; 0       ;
;      - my_computer:U1|dmem:dmem|RAM~704                                   ; 0                 ; 0       ;
;      - my_computer:U1|dmem:dmem|RAM~705                                   ; 0                 ; 0       ;
;      - my_computer:U1|dmem:dmem|RAM~706                                   ; 0                 ; 0       ;
;      - my_computer:U1|dmem:dmem|RAM~707                                   ; 0                 ; 0       ;
;      - my_computer:U1|dmem:dmem|RAM~708                                   ; 0                 ; 0       ;
;      - my_computer:U1|dmem:dmem|RAM~709                                   ; 0                 ; 0       ;
;      - my_computer:U1|dmem:dmem|RAM~710                                   ; 0                 ; 0       ;
;      - my_computer:U1|dmem:dmem|RAM~711                                   ; 0                 ; 0       ;
;      - my_computer:U1|dmem:dmem|RAM~712                                   ; 0                 ; 0       ;
;      - my_computer:U1|dmem:dmem|RAM~713                                   ; 0                 ; 0       ;
;      - my_computer:U1|dmem:dmem|RAM~736                                   ; 0                 ; 0       ;
;      - my_computer:U1|dmem:dmem|RAM~737                                   ; 0                 ; 0       ;
;      - my_computer:U1|dmem:dmem|RAM~738                                   ; 0                 ; 0       ;
;      - my_computer:U1|dmem:dmem|RAM~739                                   ; 0                 ; 0       ;
;      - my_computer:U1|dmem:dmem|RAM~740                                   ; 0                 ; 0       ;
;      - my_computer:U1|dmem:dmem|RAM~741                                   ; 0                 ; 0       ;
;      - my_computer:U1|dmem:dmem|RAM~742                                   ; 0                 ; 0       ;
;      - my_computer:U1|dmem:dmem|RAM~743                                   ; 0                 ; 0       ;
;      - my_computer:U1|dmem:dmem|RAM~744                                   ; 0                 ; 0       ;
;      - my_computer:U1|dmem:dmem|RAM~745                                   ; 0                 ; 0       ;
;      - my_computer:U1|dmem:dmem|RAM~768                                   ; 0                 ; 0       ;
;      - my_computer:U1|dmem:dmem|RAM~769                                   ; 0                 ; 0       ;
;      - my_computer:U1|dmem:dmem|RAM~770                                   ; 0                 ; 0       ;
;      - my_computer:U1|dmem:dmem|RAM~771                                   ; 0                 ; 0       ;
;      - my_computer:U1|dmem:dmem|RAM~772                                   ; 0                 ; 0       ;
;      - my_computer:U1|dmem:dmem|RAM~773                                   ; 0                 ; 0       ;
;      - my_computer:U1|dmem:dmem|RAM~774                                   ; 0                 ; 0       ;
;      - my_computer:U1|dmem:dmem|RAM~775                                   ; 0                 ; 0       ;
;      - my_computer:U1|dmem:dmem|RAM~776                                   ; 0                 ; 0       ;
;      - my_computer:U1|dmem:dmem|RAM~777                                   ; 0                 ; 0       ;
;      - my_computer:U1|dmem:dmem|RAM~800                                   ; 0                 ; 0       ;
;      - my_computer:U1|dmem:dmem|RAM~801                                   ; 0                 ; 0       ;
;      - my_computer:U1|dmem:dmem|RAM~802                                   ; 0                 ; 0       ;
;      - my_computer:U1|dmem:dmem|RAM~803                                   ; 0                 ; 0       ;
;      - my_computer:U1|dmem:dmem|RAM~804                                   ; 0                 ; 0       ;
;      - my_computer:U1|dmem:dmem|RAM~805                                   ; 0                 ; 0       ;
;      - my_computer:U1|dmem:dmem|RAM~806                                   ; 0                 ; 0       ;
;      - my_computer:U1|dmem:dmem|RAM~807                                   ; 0                 ; 0       ;
;      - my_computer:U1|dmem:dmem|RAM~808                                   ; 0                 ; 0       ;
;      - my_computer:U1|dmem:dmem|RAM~809                                   ; 0                 ; 0       ;
;      - my_computer:U1|dmem:dmem|RAM~832                                   ; 0                 ; 0       ;
;      - my_computer:U1|dmem:dmem|RAM~833                                   ; 0                 ; 0       ;
;      - my_computer:U1|dmem:dmem|RAM~834                                   ; 0                 ; 0       ;
;      - my_computer:U1|dmem:dmem|RAM~835                                   ; 0                 ; 0       ;
;      - my_computer:U1|dmem:dmem|RAM~836                                   ; 0                 ; 0       ;
;      - my_computer:U1|dmem:dmem|RAM~837                                   ; 0                 ; 0       ;
;      - my_computer:U1|dmem:dmem|RAM~838                                   ; 0                 ; 0       ;
;      - my_computer:U1|dmem:dmem|RAM~839                                   ; 0                 ; 0       ;
;      - my_computer:U1|dmem:dmem|RAM~840                                   ; 0                 ; 0       ;
;      - my_computer:U1|dmem:dmem|RAM~841                                   ; 0                 ; 0       ;
;      - my_computer:U1|dmem:dmem|RAM~864                                   ; 0                 ; 0       ;
;      - my_computer:U1|dmem:dmem|RAM~865                                   ; 0                 ; 0       ;
;      - my_computer:U1|dmem:dmem|RAM~866                                   ; 0                 ; 0       ;
;      - my_computer:U1|dmem:dmem|RAM~867                                   ; 0                 ; 0       ;
;      - my_computer:U1|dmem:dmem|RAM~868                                   ; 0                 ; 0       ;
;      - my_computer:U1|dmem:dmem|RAM~869                                   ; 0                 ; 0       ;
;      - my_computer:U1|dmem:dmem|RAM~870                                   ; 0                 ; 0       ;
;      - my_computer:U1|dmem:dmem|RAM~871                                   ; 0                 ; 0       ;
;      - my_computer:U1|dmem:dmem|RAM~872                                   ; 0                 ; 0       ;
;      - my_computer:U1|dmem:dmem|RAM~873                                   ; 0                 ; 0       ;
;      - my_computer:U1|dmem:dmem|RAM~896                                   ; 0                 ; 0       ;
;      - my_computer:U1|dmem:dmem|RAM~897                                   ; 0                 ; 0       ;
;      - my_computer:U1|dmem:dmem|RAM~898                                   ; 0                 ; 0       ;
;      - my_computer:U1|dmem:dmem|RAM~899                                   ; 0                 ; 0       ;
;      - my_computer:U1|dmem:dmem|RAM~900                                   ; 0                 ; 0       ;
;      - my_computer:U1|dmem:dmem|RAM~901                                   ; 0                 ; 0       ;
;      - my_computer:U1|dmem:dmem|RAM~902                                   ; 0                 ; 0       ;
;      - my_computer:U1|dmem:dmem|RAM~903                                   ; 0                 ; 0       ;
;      - my_computer:U1|dmem:dmem|RAM~904                                   ; 0                 ; 0       ;
;      - my_computer:U1|dmem:dmem|RAM~905                                   ; 0                 ; 0       ;
;      - my_computer:U1|dmem:dmem|RAM~928                                   ; 0                 ; 0       ;
;      - my_computer:U1|dmem:dmem|RAM~929                                   ; 0                 ; 0       ;
;      - my_computer:U1|dmem:dmem|RAM~930                                   ; 0                 ; 0       ;
;      - my_computer:U1|dmem:dmem|RAM~931                                   ; 0                 ; 0       ;
;      - my_computer:U1|dmem:dmem|RAM~932                                   ; 0                 ; 0       ;
;      - my_computer:U1|dmem:dmem|RAM~933                                   ; 0                 ; 0       ;
;      - my_computer:U1|dmem:dmem|RAM~934                                   ; 0                 ; 0       ;
;      - my_computer:U1|dmem:dmem|RAM~935                                   ; 0                 ; 0       ;
;      - my_computer:U1|dmem:dmem|RAM~936                                   ; 0                 ; 0       ;
;      - my_computer:U1|dmem:dmem|RAM~937                                   ; 0                 ; 0       ;
;      - my_computer:U1|dmem:dmem|RAM~960                                   ; 0                 ; 0       ;
;      - my_computer:U1|dmem:dmem|RAM~961                                   ; 0                 ; 0       ;
;      - my_computer:U1|dmem:dmem|RAM~962                                   ; 0                 ; 0       ;
;      - my_computer:U1|dmem:dmem|RAM~963                                   ; 0                 ; 0       ;
;      - my_computer:U1|dmem:dmem|RAM~964                                   ; 0                 ; 0       ;
;      - my_computer:U1|dmem:dmem|RAM~965                                   ; 0                 ; 0       ;
;      - my_computer:U1|dmem:dmem|RAM~966                                   ; 0                 ; 0       ;
;      - my_computer:U1|dmem:dmem|RAM~967                                   ; 0                 ; 0       ;
;      - my_computer:U1|dmem:dmem|RAM~968                                   ; 0                 ; 0       ;
;      - my_computer:U1|dmem:dmem|RAM~969                                   ; 0                 ; 0       ;
;      - my_computer:U1|dmem:dmem|RAM~992                                   ; 0                 ; 0       ;
;      - my_computer:U1|dmem:dmem|RAM~993                                   ; 0                 ; 0       ;
;      - my_computer:U1|dmem:dmem|RAM~994                                   ; 0                 ; 0       ;
;      - my_computer:U1|dmem:dmem|RAM~995                                   ; 0                 ; 0       ;
;      - my_computer:U1|dmem:dmem|RAM~996                                   ; 0                 ; 0       ;
;      - my_computer:U1|dmem:dmem|RAM~997                                   ; 0                 ; 0       ;
;      - my_computer:U1|dmem:dmem|RAM~998                                   ; 0                 ; 0       ;
;      - my_computer:U1|dmem:dmem|RAM~999                                   ; 0                 ; 0       ;
;      - my_computer:U1|dmem:dmem|RAM~1000                                  ; 0                 ; 0       ;
;      - my_computer:U1|dmem:dmem|RAM~1001                                  ; 0                 ; 0       ;
;      - my_computer:U1|dmem:dmem|RAM~1024                                  ; 0                 ; 0       ;
;      - my_computer:U1|dmem:dmem|RAM~1025                                  ; 0                 ; 0       ;
;      - my_computer:U1|dmem:dmem|RAM~1026                                  ; 0                 ; 0       ;
;      - my_computer:U1|dmem:dmem|RAM~1027                                  ; 0                 ; 0       ;
;      - my_computer:U1|dmem:dmem|RAM~1028                                  ; 0                 ; 0       ;
;      - my_computer:U1|dmem:dmem|RAM~1029                                  ; 0                 ; 0       ;
;      - my_computer:U1|dmem:dmem|RAM~1030                                  ; 0                 ; 0       ;
;      - my_computer:U1|dmem:dmem|RAM~1031                                  ; 0                 ; 0       ;
;      - my_computer:U1|dmem:dmem|RAM~1032                                  ; 0                 ; 0       ;
;      - my_computer:U1|dmem:dmem|RAM~1033                                  ; 0                 ; 0       ;
;      - my_computer:U1|dmem:dmem|RAM~1056                                  ; 0                 ; 0       ;
;      - my_computer:U1|dmem:dmem|RAM~1057                                  ; 0                 ; 0       ;
;      - my_computer:U1|dmem:dmem|RAM~1058                                  ; 0                 ; 0       ;
;      - my_computer:U1|dmem:dmem|RAM~1059                                  ; 0                 ; 0       ;
;      - my_computer:U1|dmem:dmem|RAM~1060                                  ; 0                 ; 0       ;
;      - my_computer:U1|dmem:dmem|RAM~1061                                  ; 0                 ; 0       ;
;      - my_computer:U1|dmem:dmem|RAM~1062                                  ; 0                 ; 0       ;
;      - my_computer:U1|dmem:dmem|RAM~1063                                  ; 0                 ; 0       ;
;      - my_computer:U1|dmem:dmem|RAM~1064                                  ; 0                 ; 0       ;
;      - my_computer:U1|dmem:dmem|RAM~1065                                  ; 0                 ; 0       ;
;      - my_computer:U1|dmem:dmem|RAM~1088                                  ; 0                 ; 0       ;
;      - my_computer:U1|dmem:dmem|RAM~1089                                  ; 0                 ; 0       ;
;      - my_computer:U1|dmem:dmem|RAM~1090                                  ; 0                 ; 0       ;
;      - my_computer:U1|dmem:dmem|RAM~1091                                  ; 0                 ; 0       ;
;      - my_computer:U1|dmem:dmem|RAM~1092                                  ; 0                 ; 0       ;
;      - my_computer:U1|dmem:dmem|RAM~1093                                  ; 0                 ; 0       ;
;      - my_computer:U1|dmem:dmem|RAM~1094                                  ; 0                 ; 0       ;
;      - my_computer:U1|dmem:dmem|RAM~1095                                  ; 0                 ; 0       ;
;      - my_computer:U1|dmem:dmem|RAM~1096                                  ; 0                 ; 0       ;
;      - my_computer:U1|dmem:dmem|RAM~1097                                  ; 0                 ; 0       ;
;      - my_computer:U1|dmem:dmem|RAM~1120                                  ; 0                 ; 0       ;
;      - my_computer:U1|dmem:dmem|RAM~1121                                  ; 0                 ; 0       ;
;      - my_computer:U1|dmem:dmem|RAM~1122                                  ; 0                 ; 0       ;
;      - my_computer:U1|dmem:dmem|RAM~1123                                  ; 0                 ; 0       ;
;      - my_computer:U1|dmem:dmem|RAM~1124                                  ; 0                 ; 0       ;
;      - my_computer:U1|dmem:dmem|RAM~1125                                  ; 0                 ; 0       ;
;      - my_computer:U1|dmem:dmem|RAM~1126                                  ; 0                 ; 0       ;
;      - my_computer:U1|dmem:dmem|RAM~1127                                  ; 0                 ; 0       ;
;      - my_computer:U1|dmem:dmem|RAM~1128                                  ; 0                 ; 0       ;
;      - my_computer:U1|dmem:dmem|RAM~1129                                  ; 0                 ; 0       ;
;      - my_computer:U1|dmem:dmem|RAM~1152                                  ; 0                 ; 0       ;
;      - my_computer:U1|dmem:dmem|RAM~1153                                  ; 0                 ; 0       ;
;      - my_computer:U1|dmem:dmem|RAM~1154                                  ; 0                 ; 0       ;
;      - my_computer:U1|dmem:dmem|RAM~1155                                  ; 0                 ; 0       ;
;      - my_computer:U1|dmem:dmem|RAM~1156                                  ; 0                 ; 0       ;
;      - my_computer:U1|dmem:dmem|RAM~1157                                  ; 0                 ; 0       ;
;      - my_computer:U1|dmem:dmem|RAM~1158                                  ; 0                 ; 0       ;
;      - my_computer:U1|dmem:dmem|RAM~1159                                  ; 0                 ; 0       ;
;      - my_computer:U1|dmem:dmem|RAM~1160                                  ; 0                 ; 0       ;
;      - my_computer:U1|dmem:dmem|RAM~1161                                  ; 0                 ; 0       ;
;      - my_computer:U1|dmem:dmem|RAM~1184                                  ; 0                 ; 0       ;
;      - my_computer:U1|dmem:dmem|RAM~1185                                  ; 0                 ; 0       ;
;      - my_computer:U1|dmem:dmem|RAM~1186                                  ; 0                 ; 0       ;
;      - my_computer:U1|dmem:dmem|RAM~1187                                  ; 0                 ; 0       ;
;      - my_computer:U1|dmem:dmem|RAM~1188                                  ; 0                 ; 0       ;
;      - my_computer:U1|dmem:dmem|RAM~1189                                  ; 0                 ; 0       ;
;      - my_computer:U1|dmem:dmem|RAM~1190                                  ; 0                 ; 0       ;
;      - my_computer:U1|dmem:dmem|RAM~1191                                  ; 0                 ; 0       ;
;      - my_computer:U1|dmem:dmem|RAM~1192                                  ; 0                 ; 0       ;
;      - my_computer:U1|dmem:dmem|RAM~1193                                  ; 0                 ; 0       ;
;      - my_computer:U1|dmem:dmem|RAM~1216                                  ; 0                 ; 0       ;
;      - my_computer:U1|dmem:dmem|RAM~1217                                  ; 0                 ; 0       ;
;      - my_computer:U1|dmem:dmem|RAM~1218                                  ; 0                 ; 0       ;
;      - my_computer:U1|dmem:dmem|RAM~1219                                  ; 0                 ; 0       ;
;      - my_computer:U1|dmem:dmem|RAM~1220                                  ; 0                 ; 0       ;
;      - my_computer:U1|dmem:dmem|RAM~1221                                  ; 0                 ; 0       ;
;      - my_computer:U1|dmem:dmem|RAM~1222                                  ; 0                 ; 0       ;
;      - my_computer:U1|dmem:dmem|RAM~1223                                  ; 0                 ; 0       ;
;      - my_computer:U1|dmem:dmem|RAM~1224                                  ; 0                 ; 0       ;
;      - my_computer:U1|dmem:dmem|RAM~1225                                  ; 0                 ; 0       ;
;      - my_computer:U1|dmem:dmem|RAM~1248                                  ; 0                 ; 0       ;
;      - my_computer:U1|dmem:dmem|RAM~1249                                  ; 0                 ; 0       ;
;      - my_computer:U1|dmem:dmem|RAM~1250                                  ; 0                 ; 0       ;
;      - my_computer:U1|dmem:dmem|RAM~1251                                  ; 0                 ; 0       ;
;      - my_computer:U1|dmem:dmem|RAM~1252                                  ; 0                 ; 0       ;
;      - my_computer:U1|dmem:dmem|RAM~1253                                  ; 0                 ; 0       ;
;      - my_computer:U1|dmem:dmem|RAM~1254                                  ; 0                 ; 0       ;
;      - my_computer:U1|dmem:dmem|RAM~1255                                  ; 0                 ; 0       ;
;      - my_computer:U1|dmem:dmem|RAM~1256                                  ; 0                 ; 0       ;
;      - my_computer:U1|dmem:dmem|RAM~1257                                  ; 0                 ; 0       ;
;      - my_computer:U1|dmem:dmem|RAM~1280                                  ; 0                 ; 0       ;
;      - my_computer:U1|dmem:dmem|RAM~1281                                  ; 0                 ; 0       ;
;      - my_computer:U1|dmem:dmem|RAM~1282                                  ; 0                 ; 0       ;
;      - my_computer:U1|dmem:dmem|RAM~1283                                  ; 0                 ; 0       ;
;      - my_computer:U1|dmem:dmem|RAM~1284                                  ; 0                 ; 0       ;
;      - my_computer:U1|dmem:dmem|RAM~1285                                  ; 0                 ; 0       ;
;      - my_computer:U1|dmem:dmem|RAM~1286                                  ; 0                 ; 0       ;
;      - my_computer:U1|dmem:dmem|RAM~1287                                  ; 0                 ; 0       ;
;      - my_computer:U1|dmem:dmem|RAM~1288                                  ; 0                 ; 0       ;
;      - my_computer:U1|dmem:dmem|RAM~1289                                  ; 0                 ; 0       ;
;      - my_computer:U1|dmem:dmem|RAM~1312                                  ; 0                 ; 0       ;
;      - my_computer:U1|dmem:dmem|RAM~1313                                  ; 0                 ; 0       ;
;      - my_computer:U1|dmem:dmem|RAM~1314                                  ; 0                 ; 0       ;
;      - my_computer:U1|dmem:dmem|RAM~1315                                  ; 0                 ; 0       ;
;      - my_computer:U1|dmem:dmem|RAM~1316                                  ; 0                 ; 0       ;
;      - my_computer:U1|dmem:dmem|RAM~1317                                  ; 0                 ; 0       ;
;      - my_computer:U1|dmem:dmem|RAM~1318                                  ; 0                 ; 0       ;
;      - my_computer:U1|dmem:dmem|RAM~1319                                  ; 0                 ; 0       ;
;      - my_computer:U1|dmem:dmem|RAM~1320                                  ; 0                 ; 0       ;
;      - my_computer:U1|dmem:dmem|RAM~1321                                  ; 0                 ; 0       ;
;      - my_computer:U1|dmem:dmem|RAM~1344                                  ; 0                 ; 0       ;
;      - my_computer:U1|dmem:dmem|RAM~1345                                  ; 0                 ; 0       ;
;      - my_computer:U1|dmem:dmem|RAM~1346                                  ; 0                 ; 0       ;
;      - my_computer:U1|dmem:dmem|RAM~1347                                  ; 0                 ; 0       ;
;      - my_computer:U1|dmem:dmem|RAM~1348                                  ; 0                 ; 0       ;
;      - my_computer:U1|dmem:dmem|RAM~1349                                  ; 0                 ; 0       ;
;      - my_computer:U1|dmem:dmem|RAM~1350                                  ; 0                 ; 0       ;
;      - my_computer:U1|dmem:dmem|RAM~1351                                  ; 0                 ; 0       ;
;      - my_computer:U1|dmem:dmem|RAM~1352                                  ; 0                 ; 0       ;
;      - my_computer:U1|dmem:dmem|RAM~1353                                  ; 0                 ; 0       ;
;      - my_computer:U1|dmem:dmem|RAM~1376                                  ; 0                 ; 0       ;
;      - my_computer:U1|dmem:dmem|RAM~1377                                  ; 0                 ; 0       ;
;      - my_computer:U1|dmem:dmem|RAM~1378                                  ; 0                 ; 0       ;
;      - my_computer:U1|dmem:dmem|RAM~1379                                  ; 0                 ; 0       ;
;      - my_computer:U1|dmem:dmem|RAM~1380                                  ; 0                 ; 0       ;
;      - my_computer:U1|dmem:dmem|RAM~1381                                  ; 0                 ; 0       ;
;      - my_computer:U1|dmem:dmem|RAM~1382                                  ; 0                 ; 0       ;
;      - my_computer:U1|dmem:dmem|RAM~1383                                  ; 0                 ; 0       ;
;      - my_computer:U1|dmem:dmem|RAM~1384                                  ; 0                 ; 0       ;
;      - my_computer:U1|dmem:dmem|RAM~1385                                  ; 0                 ; 0       ;
;      - my_computer:U1|dmem:dmem|RAM~1408                                  ; 0                 ; 0       ;
;      - my_computer:U1|dmem:dmem|RAM~1409                                  ; 0                 ; 0       ;
;      - my_computer:U1|dmem:dmem|RAM~1410                                  ; 0                 ; 0       ;
;      - my_computer:U1|dmem:dmem|RAM~1411                                  ; 0                 ; 0       ;
;      - my_computer:U1|dmem:dmem|RAM~1412                                  ; 0                 ; 0       ;
;      - my_computer:U1|dmem:dmem|RAM~1413                                  ; 0                 ; 0       ;
;      - my_computer:U1|dmem:dmem|RAM~1414                                  ; 0                 ; 0       ;
;      - my_computer:U1|dmem:dmem|RAM~1415                                  ; 0                 ; 0       ;
;      - my_computer:U1|dmem:dmem|RAM~1416                                  ; 0                 ; 0       ;
;      - my_computer:U1|dmem:dmem|RAM~1417                                  ; 0                 ; 0       ;
;      - my_computer:U1|dmem:dmem|RAM~1440                                  ; 0                 ; 0       ;
;      - my_computer:U1|dmem:dmem|RAM~1441                                  ; 0                 ; 0       ;
;      - my_computer:U1|dmem:dmem|RAM~1442                                  ; 0                 ; 0       ;
;      - my_computer:U1|dmem:dmem|RAM~1443                                  ; 0                 ; 0       ;
;      - my_computer:U1|dmem:dmem|RAM~1444                                  ; 0                 ; 0       ;
;      - my_computer:U1|dmem:dmem|RAM~1445                                  ; 0                 ; 0       ;
;      - my_computer:U1|dmem:dmem|RAM~1446                                  ; 0                 ; 0       ;
;      - my_computer:U1|dmem:dmem|RAM~1447                                  ; 0                 ; 0       ;
;      - my_computer:U1|dmem:dmem|RAM~1448                                  ; 0                 ; 0       ;
;      - my_computer:U1|dmem:dmem|RAM~1449                                  ; 0                 ; 0       ;
;      - my_computer:U1|dmem:dmem|RAM~1472                                  ; 0                 ; 0       ;
;      - my_computer:U1|dmem:dmem|RAM~1473                                  ; 0                 ; 0       ;
;      - my_computer:U1|dmem:dmem|RAM~1474                                  ; 0                 ; 0       ;
;      - my_computer:U1|dmem:dmem|RAM~1475                                  ; 0                 ; 0       ;
;      - my_computer:U1|dmem:dmem|RAM~1476                                  ; 0                 ; 0       ;
;      - my_computer:U1|dmem:dmem|RAM~1477                                  ; 0                 ; 0       ;
;      - my_computer:U1|dmem:dmem|RAM~1478                                  ; 0                 ; 0       ;
;      - my_computer:U1|dmem:dmem|RAM~1479                                  ; 0                 ; 0       ;
;      - my_computer:U1|dmem:dmem|RAM~1480                                  ; 0                 ; 0       ;
;      - my_computer:U1|dmem:dmem|RAM~1481                                  ; 0                 ; 0       ;
;      - my_computer:U1|dmem:dmem|RAM~1504                                  ; 0                 ; 0       ;
;      - my_computer:U1|dmem:dmem|RAM~1505                                  ; 0                 ; 0       ;
;      - my_computer:U1|dmem:dmem|RAM~1506                                  ; 0                 ; 0       ;
;      - my_computer:U1|dmem:dmem|RAM~1507                                  ; 0                 ; 0       ;
;      - my_computer:U1|dmem:dmem|RAM~1508                                  ; 0                 ; 0       ;
;      - my_computer:U1|dmem:dmem|RAM~1509                                  ; 0                 ; 0       ;
;      - my_computer:U1|dmem:dmem|RAM~1510                                  ; 0                 ; 0       ;
;      - my_computer:U1|dmem:dmem|RAM~1511                                  ; 0                 ; 0       ;
;      - my_computer:U1|dmem:dmem|RAM~1512                                  ; 0                 ; 0       ;
;      - my_computer:U1|dmem:dmem|RAM~1513                                  ; 0                 ; 0       ;
;      - my_computer:U1|dmem:dmem|RAM~1536                                  ; 0                 ; 0       ;
;      - my_computer:U1|dmem:dmem|RAM~1537                                  ; 0                 ; 0       ;
;      - my_computer:U1|dmem:dmem|RAM~1538                                  ; 0                 ; 0       ;
;      - my_computer:U1|dmem:dmem|RAM~1539                                  ; 0                 ; 0       ;
;      - my_computer:U1|dmem:dmem|RAM~1540                                  ; 0                 ; 0       ;
;      - my_computer:U1|dmem:dmem|RAM~1541                                  ; 0                 ; 0       ;
;      - my_computer:U1|dmem:dmem|RAM~1542                                  ; 0                 ; 0       ;
;      - my_computer:U1|dmem:dmem|RAM~1543                                  ; 0                 ; 0       ;
;      - my_computer:U1|dmem:dmem|RAM~1544                                  ; 0                 ; 0       ;
;      - my_computer:U1|dmem:dmem|RAM~1545                                  ; 0                 ; 0       ;
;      - my_computer:U1|dmem:dmem|RAM~1568                                  ; 0                 ; 0       ;
;      - my_computer:U1|dmem:dmem|RAM~1569                                  ; 0                 ; 0       ;
;      - my_computer:U1|dmem:dmem|RAM~1570                                  ; 0                 ; 0       ;
;      - my_computer:U1|dmem:dmem|RAM~1571                                  ; 0                 ; 0       ;
;      - my_computer:U1|dmem:dmem|RAM~1572                                  ; 0                 ; 0       ;
;      - my_computer:U1|dmem:dmem|RAM~1573                                  ; 0                 ; 0       ;
;      - my_computer:U1|dmem:dmem|RAM~1574                                  ; 0                 ; 0       ;
;      - my_computer:U1|dmem:dmem|RAM~1575                                  ; 0                 ; 0       ;
;      - my_computer:U1|dmem:dmem|RAM~1576                                  ; 0                 ; 0       ;
;      - my_computer:U1|dmem:dmem|RAM~1577                                  ; 0                 ; 0       ;
;      - my_computer:U1|dmem:dmem|RAM~1600                                  ; 0                 ; 0       ;
;      - my_computer:U1|dmem:dmem|RAM~1601                                  ; 0                 ; 0       ;
;      - my_computer:U1|dmem:dmem|RAM~1602                                  ; 0                 ; 0       ;
;      - my_computer:U1|dmem:dmem|RAM~1603                                  ; 0                 ; 0       ;
;      - my_computer:U1|dmem:dmem|RAM~1604                                  ; 0                 ; 0       ;
;      - my_computer:U1|dmem:dmem|RAM~1605                                  ; 0                 ; 0       ;
;      - my_computer:U1|dmem:dmem|RAM~1606                                  ; 0                 ; 0       ;
;      - my_computer:U1|dmem:dmem|RAM~1607                                  ; 0                 ; 0       ;
;      - my_computer:U1|dmem:dmem|RAM~1608                                  ; 0                 ; 0       ;
;      - my_computer:U1|dmem:dmem|RAM~1609                                  ; 0                 ; 0       ;
;      - my_computer:U1|dmem:dmem|RAM~1632                                  ; 0                 ; 0       ;
;      - my_computer:U1|dmem:dmem|RAM~1633                                  ; 0                 ; 0       ;
;      - my_computer:U1|dmem:dmem|RAM~1634                                  ; 0                 ; 0       ;
;      - my_computer:U1|dmem:dmem|RAM~1635                                  ; 0                 ; 0       ;
;      - my_computer:U1|dmem:dmem|RAM~1636                                  ; 0                 ; 0       ;
;      - my_computer:U1|dmem:dmem|RAM~1637                                  ; 0                 ; 0       ;
;      - my_computer:U1|dmem:dmem|RAM~1638                                  ; 0                 ; 0       ;
;      - my_computer:U1|dmem:dmem|RAM~1639                                  ; 0                 ; 0       ;
;      - my_computer:U1|dmem:dmem|RAM~1640                                  ; 0                 ; 0       ;
;      - my_computer:U1|dmem:dmem|RAM~1641                                  ; 0                 ; 0       ;
;      - my_computer:U1|dmem:dmem|RAM~1664                                  ; 0                 ; 0       ;
;      - my_computer:U1|dmem:dmem|RAM~1665                                  ; 0                 ; 0       ;
;      - my_computer:U1|dmem:dmem|RAM~1666                                  ; 0                 ; 0       ;
;      - my_computer:U1|dmem:dmem|RAM~1667                                  ; 0                 ; 0       ;
;      - my_computer:U1|dmem:dmem|RAM~1668                                  ; 0                 ; 0       ;
;      - my_computer:U1|dmem:dmem|RAM~1669                                  ; 0                 ; 0       ;
;      - my_computer:U1|dmem:dmem|RAM~1670                                  ; 0                 ; 0       ;
;      - my_computer:U1|dmem:dmem|RAM~1671                                  ; 0                 ; 0       ;
;      - my_computer:U1|dmem:dmem|RAM~1672                                  ; 0                 ; 0       ;
;      - my_computer:U1|dmem:dmem|RAM~1673                                  ; 0                 ; 0       ;
;      - my_computer:U1|dmem:dmem|RAM~1696                                  ; 0                 ; 0       ;
;      - my_computer:U1|dmem:dmem|RAM~1697                                  ; 0                 ; 0       ;
;      - my_computer:U1|dmem:dmem|RAM~1698                                  ; 0                 ; 0       ;
;      - my_computer:U1|dmem:dmem|RAM~1699                                  ; 0                 ; 0       ;
;      - my_computer:U1|dmem:dmem|RAM~1700                                  ; 0                 ; 0       ;
;      - my_computer:U1|dmem:dmem|RAM~1701                                  ; 0                 ; 0       ;
;      - my_computer:U1|dmem:dmem|RAM~1702                                  ; 0                 ; 0       ;
;      - my_computer:U1|dmem:dmem|RAM~1703                                  ; 0                 ; 0       ;
;      - my_computer:U1|dmem:dmem|RAM~1704                                  ; 0                 ; 0       ;
;      - my_computer:U1|dmem:dmem|RAM~1705                                  ; 0                 ; 0       ;
;      - my_computer:U1|dmem:dmem|RAM~1728                                  ; 0                 ; 0       ;
;      - my_computer:U1|dmem:dmem|RAM~1729                                  ; 0                 ; 0       ;
;      - my_computer:U1|dmem:dmem|RAM~1730                                  ; 0                 ; 0       ;
;      - my_computer:U1|dmem:dmem|RAM~1731                                  ; 0                 ; 0       ;
;      - my_computer:U1|dmem:dmem|RAM~1732                                  ; 0                 ; 0       ;
;      - my_computer:U1|dmem:dmem|RAM~1733                                  ; 0                 ; 0       ;
;      - my_computer:U1|dmem:dmem|RAM~1734                                  ; 0                 ; 0       ;
;      - my_computer:U1|dmem:dmem|RAM~1735                                  ; 0                 ; 0       ;
;      - my_computer:U1|dmem:dmem|RAM~1736                                  ; 0                 ; 0       ;
;      - my_computer:U1|dmem:dmem|RAM~1737                                  ; 0                 ; 0       ;
;      - my_computer:U1|dmem:dmem|RAM~1760                                  ; 0                 ; 0       ;
;      - my_computer:U1|dmem:dmem|RAM~1761                                  ; 0                 ; 0       ;
;      - my_computer:U1|dmem:dmem|RAM~1762                                  ; 0                 ; 0       ;
;      - my_computer:U1|dmem:dmem|RAM~1763                                  ; 0                 ; 0       ;
;      - my_computer:U1|dmem:dmem|RAM~1764                                  ; 0                 ; 0       ;
;      - my_computer:U1|dmem:dmem|RAM~1765                                  ; 0                 ; 0       ;
;      - my_computer:U1|dmem:dmem|RAM~1766                                  ; 0                 ; 0       ;
;      - my_computer:U1|dmem:dmem|RAM~1767                                  ; 0                 ; 0       ;
;      - my_computer:U1|dmem:dmem|RAM~1768                                  ; 0                 ; 0       ;
;      - my_computer:U1|dmem:dmem|RAM~1769                                  ; 0                 ; 0       ;
;      - my_computer:U1|dmem:dmem|RAM~1792                                  ; 0                 ; 0       ;
;      - my_computer:U1|dmem:dmem|RAM~1793                                  ; 0                 ; 0       ;
;      - my_computer:U1|dmem:dmem|RAM~1794                                  ; 0                 ; 0       ;
;      - my_computer:U1|dmem:dmem|RAM~1795                                  ; 0                 ; 0       ;
;      - my_computer:U1|dmem:dmem|RAM~1796                                  ; 0                 ; 0       ;
;      - my_computer:U1|dmem:dmem|RAM~1797                                  ; 0                 ; 0       ;
;      - my_computer:U1|dmem:dmem|RAM~1798                                  ; 0                 ; 0       ;
;      - my_computer:U1|dmem:dmem|RAM~1799                                  ; 0                 ; 0       ;
;      - my_computer:U1|dmem:dmem|RAM~1800                                  ; 0                 ; 0       ;
;      - my_computer:U1|dmem:dmem|RAM~1801                                  ; 0                 ; 0       ;
;      - my_computer:U1|dmem:dmem|RAM~1824                                  ; 0                 ; 0       ;
;      - my_computer:U1|dmem:dmem|RAM~1825                                  ; 0                 ; 0       ;
;      - my_computer:U1|dmem:dmem|RAM~1826                                  ; 0                 ; 0       ;
;      - my_computer:U1|dmem:dmem|RAM~1827                                  ; 0                 ; 0       ;
;      - my_computer:U1|dmem:dmem|RAM~1828                                  ; 0                 ; 0       ;
;      - my_computer:U1|dmem:dmem|RAM~1829                                  ; 0                 ; 0       ;
;      - my_computer:U1|dmem:dmem|RAM~1830                                  ; 0                 ; 0       ;
;      - my_computer:U1|dmem:dmem|RAM~1831                                  ; 0                 ; 0       ;
;      - my_computer:U1|dmem:dmem|RAM~1832                                  ; 0                 ; 0       ;
;      - my_computer:U1|dmem:dmem|RAM~1833                                  ; 0                 ; 0       ;
;      - my_computer:U1|dmem:dmem|RAM~1856                                  ; 0                 ; 0       ;
;      - my_computer:U1|dmem:dmem|RAM~1857                                  ; 0                 ; 0       ;
;      - my_computer:U1|dmem:dmem|RAM~1858                                  ; 0                 ; 0       ;
;      - my_computer:U1|dmem:dmem|RAM~1859                                  ; 0                 ; 0       ;
;      - my_computer:U1|dmem:dmem|RAM~1860                                  ; 0                 ; 0       ;
;      - my_computer:U1|dmem:dmem|RAM~1861                                  ; 0                 ; 0       ;
;      - my_computer:U1|dmem:dmem|RAM~1862                                  ; 0                 ; 0       ;
;      - my_computer:U1|dmem:dmem|RAM~1863                                  ; 0                 ; 0       ;
;      - my_computer:U1|dmem:dmem|RAM~1864                                  ; 0                 ; 0       ;
;      - my_computer:U1|dmem:dmem|RAM~1865                                  ; 0                 ; 0       ;
;      - my_computer:U1|dmem:dmem|RAM~1888                                  ; 0                 ; 0       ;
;      - my_computer:U1|dmem:dmem|RAM~1889                                  ; 0                 ; 0       ;
;      - my_computer:U1|dmem:dmem|RAM~1890                                  ; 0                 ; 0       ;
;      - my_computer:U1|dmem:dmem|RAM~1891                                  ; 0                 ; 0       ;
;      - my_computer:U1|dmem:dmem|RAM~1892                                  ; 0                 ; 0       ;
;      - my_computer:U1|dmem:dmem|RAM~1893                                  ; 0                 ; 0       ;
;      - my_computer:U1|dmem:dmem|RAM~1894                                  ; 0                 ; 0       ;
;      - my_computer:U1|dmem:dmem|RAM~1895                                  ; 0                 ; 0       ;
;      - my_computer:U1|dmem:dmem|RAM~1896                                  ; 0                 ; 0       ;
;      - my_computer:U1|dmem:dmem|RAM~1897                                  ; 0                 ; 0       ;
;      - my_computer:U1|dmem:dmem|RAM~1920                                  ; 0                 ; 0       ;
;      - my_computer:U1|dmem:dmem|RAM~1921                                  ; 0                 ; 0       ;
;      - my_computer:U1|dmem:dmem|RAM~1922                                  ; 0                 ; 0       ;
;      - my_computer:U1|dmem:dmem|RAM~1923                                  ; 0                 ; 0       ;
;      - my_computer:U1|dmem:dmem|RAM~1924                                  ; 0                 ; 0       ;
;      - my_computer:U1|dmem:dmem|RAM~1925                                  ; 0                 ; 0       ;
;      - my_computer:U1|dmem:dmem|RAM~1926                                  ; 0                 ; 0       ;
;      - my_computer:U1|dmem:dmem|RAM~1927                                  ; 0                 ; 0       ;
;      - my_computer:U1|dmem:dmem|RAM~1928                                  ; 0                 ; 0       ;
;      - my_computer:U1|dmem:dmem|RAM~1929                                  ; 0                 ; 0       ;
;      - my_computer:U1|dmem:dmem|RAM~1952                                  ; 0                 ; 0       ;
;      - my_computer:U1|dmem:dmem|RAM~1953                                  ; 0                 ; 0       ;
;      - my_computer:U1|dmem:dmem|RAM~1954                                  ; 0                 ; 0       ;
;      - my_computer:U1|dmem:dmem|RAM~1955                                  ; 0                 ; 0       ;
;      - my_computer:U1|dmem:dmem|RAM~1956                                  ; 0                 ; 0       ;
;      - my_computer:U1|dmem:dmem|RAM~1957                                  ; 0                 ; 0       ;
;      - my_computer:U1|dmem:dmem|RAM~1958                                  ; 0                 ; 0       ;
;      - my_computer:U1|dmem:dmem|RAM~1959                                  ; 0                 ; 0       ;
;      - my_computer:U1|dmem:dmem|RAM~1960                                  ; 0                 ; 0       ;
;      - my_computer:U1|dmem:dmem|RAM~1961                                  ; 0                 ; 0       ;
;      - my_computer:U1|dmem:dmem|RAM~1984                                  ; 0                 ; 0       ;
;      - my_computer:U1|dmem:dmem|RAM~1985                                  ; 0                 ; 0       ;
;      - my_computer:U1|dmem:dmem|RAM~1986                                  ; 0                 ; 0       ;
;      - my_computer:U1|dmem:dmem|RAM~1987                                  ; 0                 ; 0       ;
;      - my_computer:U1|dmem:dmem|RAM~1988                                  ; 0                 ; 0       ;
;      - my_computer:U1|dmem:dmem|RAM~1989                                  ; 0                 ; 0       ;
;      - my_computer:U1|dmem:dmem|RAM~1990                                  ; 0                 ; 0       ;
;      - my_computer:U1|dmem:dmem|RAM~1991                                  ; 0                 ; 0       ;
;      - my_computer:U1|dmem:dmem|RAM~1992                                  ; 0                 ; 0       ;
;      - my_computer:U1|dmem:dmem|RAM~1993                                  ; 0                 ; 0       ;
;      - my_computer:U1|dmem:dmem|RAM~2016                                  ; 0                 ; 0       ;
;      - my_computer:U1|dmem:dmem|RAM~2017                                  ; 0                 ; 0       ;
;      - my_computer:U1|dmem:dmem|RAM~2018                                  ; 0                 ; 0       ;
;      - my_computer:U1|dmem:dmem|RAM~2019                                  ; 0                 ; 0       ;
;      - my_computer:U1|dmem:dmem|RAM~2020                                  ; 0                 ; 0       ;
;      - my_computer:U1|dmem:dmem|RAM~2021                                  ; 0                 ; 0       ;
;      - my_computer:U1|dmem:dmem|RAM~2022                                  ; 0                 ; 0       ;
;      - my_computer:U1|dmem:dmem|RAM~2023                                  ; 0                 ; 0       ;
;      - my_computer:U1|dmem:dmem|RAM~2024                                  ; 0                 ; 0       ;
;      - my_computer:U1|dmem:dmem|RAM~2025                                  ; 0                 ; 0       ;
;      - my_computer:U1|riscvsingle:rvsingle|datapath:dp|regfile:rf|rf~186  ; 0                 ; 0       ;
;      - my_computer:U1|riscvsingle:rvsingle|datapath:dp|regfile:rf|rf~218  ; 0                 ; 0       ;
;      - my_computer:U1|riscvsingle:rvsingle|datapath:dp|regfile:rf|rf~154  ; 0                 ; 0       ;
;      - my_computer:U1|riscvsingle:rvsingle|datapath:dp|regfile:rf|rf~250  ; 0                 ; 0       ;
;      - my_computer:U1|riscvsingle:rvsingle|datapath:dp|regfile:rf|rf~90   ; 0                 ; 0       ;
;      - my_computer:U1|riscvsingle:rvsingle|datapath:dp|regfile:rf|rf~58   ; 0                 ; 0       ;
;      - my_computer:U1|riscvsingle:rvsingle|datapath:dp|regfile:rf|rf~26   ; 0                 ; 0       ;
;      - my_computer:U1|riscvsingle:rvsingle|datapath:dp|regfile:rf|rf~122  ; 0                 ; 0       ;
;      - my_computer:U1|riscvsingle:rvsingle|datapath:dp|regfile:rf|rf~602  ; 0                 ; 0       ;
;      - my_computer:U1|riscvsingle:rvsingle|datapath:dp|regfile:rf|rf~986  ; 0                 ; 0       ;
;      - my_computer:U1|riscvsingle:rvsingle|datapath:dp|regfile:rf|rf~730  ; 0                 ; 0       ;
;      - my_computer:U1|riscvsingle:rvsingle|datapath:dp|regfile:rf|rf~858  ; 0                 ; 0       ;
;      - my_computer:U1|riscvsingle:rvsingle|datapath:dp|regfile:rf|rf~954  ; 0                 ; 0       ;
;      - my_computer:U1|riscvsingle:rvsingle|datapath:dp|regfile:rf|rf~570  ; 0                 ; 0       ;
;      - my_computer:U1|riscvsingle:rvsingle|datapath:dp|regfile:rf|rf~698  ; 0                 ; 0       ;
;      - my_computer:U1|riscvsingle:rvsingle|datapath:dp|regfile:rf|rf~826  ; 0                 ; 0       ;
;      - my_computer:U1|riscvsingle:rvsingle|datapath:dp|regfile:rf|rf~538  ; 0                 ; 0       ;
;      - my_computer:U1|riscvsingle:rvsingle|datapath:dp|regfile:rf|rf~922  ; 0                 ; 0       ;
;      - my_computer:U1|riscvsingle:rvsingle|datapath:dp|regfile:rf|rf~666  ; 0                 ; 0       ;
;      - my_computer:U1|riscvsingle:rvsingle|datapath:dp|regfile:rf|rf~794  ; 0                 ; 0       ;
;      - my_computer:U1|riscvsingle:rvsingle|datapath:dp|regfile:rf|rf~1018 ; 0                 ; 0       ;
;      - my_computer:U1|riscvsingle:rvsingle|datapath:dp|regfile:rf|rf~634  ; 0                 ; 0       ;
;      - my_computer:U1|riscvsingle:rvsingle|datapath:dp|regfile:rf|rf~762  ; 0                 ; 0       ;
;      - my_computer:U1|riscvsingle:rvsingle|datapath:dp|regfile:rf|rf~890  ; 0                 ; 0       ;
;      - my_computer:U1|riscvsingle:rvsingle|datapath:dp|regfile:rf|rf~474  ; 0                 ; 0       ;
;      - my_computer:U1|riscvsingle:rvsingle|datapath:dp|regfile:rf|rf~442  ; 0                 ; 0       ;
;      - my_computer:U1|riscvsingle:rvsingle|datapath:dp|regfile:rf|rf~410  ; 0                 ; 0       ;
;      - my_computer:U1|riscvsingle:rvsingle|datapath:dp|regfile:rf|rf~506  ; 0                 ; 0       ;
;      - my_computer:U1|riscvsingle:rvsingle|datapath:dp|regfile:rf|rf~314  ; 0                 ; 0       ;
;      - my_computer:U1|riscvsingle:rvsingle|datapath:dp|regfile:rf|rf~346  ; 0                 ; 0       ;
;      - my_computer:U1|riscvsingle:rvsingle|datapath:dp|regfile:rf|rf~282  ; 0                 ; 0       ;
;      - my_computer:U1|riscvsingle:rvsingle|datapath:dp|regfile:rf|rf~378  ; 0                 ; 0       ;
;      - my_computer:U1|riscvsingle:rvsingle|datapath:dp|regfile:rf|rf~580  ; 0                 ; 0       ;
;      - my_computer:U1|riscvsingle:rvsingle|datapath:dp|regfile:rf|rf~964  ; 0                 ; 0       ;
;      - my_computer:U1|riscvsingle:rvsingle|datapath:dp|regfile:rf|rf~708  ; 0                 ; 0       ;
;      - my_computer:U1|riscvsingle:rvsingle|datapath:dp|regfile:rf|rf~836  ; 0                 ; 0       ;
;      - my_computer:U1|riscvsingle:rvsingle|datapath:dp|regfile:rf|rf~932  ; 0                 ; 0       ;
;      - my_computer:U1|riscvsingle:rvsingle|datapath:dp|regfile:rf|rf~548  ; 0                 ; 0       ;
;      - my_computer:U1|riscvsingle:rvsingle|datapath:dp|regfile:rf|rf~676  ; 0                 ; 0       ;
;      - my_computer:U1|riscvsingle:rvsingle|datapath:dp|regfile:rf|rf~804  ; 0                 ; 0       ;
;      - my_computer:U1|riscvsingle:rvsingle|datapath:dp|regfile:rf|rf~516  ; 0                 ; 0       ;
;      - my_computer:U1|riscvsingle:rvsingle|datapath:dp|regfile:rf|rf~900  ; 0                 ; 0       ;
;      - my_computer:U1|riscvsingle:rvsingle|datapath:dp|regfile:rf|rf~644  ; 0                 ; 0       ;
;      - my_computer:U1|riscvsingle:rvsingle|datapath:dp|regfile:rf|rf~772  ; 0                 ; 0       ;
;      - my_computer:U1|riscvsingle:rvsingle|datapath:dp|regfile:rf|rf~996  ; 0                 ; 0       ;
;      - my_computer:U1|riscvsingle:rvsingle|datapath:dp|regfile:rf|rf~612  ; 0                 ; 0       ;
;      - my_computer:U1|riscvsingle:rvsingle|datapath:dp|regfile:rf|rf~740  ; 0                 ; 0       ;
;      - my_computer:U1|riscvsingle:rvsingle|datapath:dp|regfile:rf|rf~868  ; 0                 ; 0       ;
;      - my_computer:U1|riscvsingle:rvsingle|datapath:dp|regfile:rf|rf~452  ; 0                 ; 0       ;
;      - my_computer:U1|riscvsingle:rvsingle|datapath:dp|regfile:rf|rf~420  ; 0                 ; 0       ;
;      - my_computer:U1|riscvsingle:rvsingle|datapath:dp|regfile:rf|rf~388  ; 0                 ; 0       ;
;      - my_computer:U1|riscvsingle:rvsingle|datapath:dp|regfile:rf|rf~484  ; 0                 ; 0       ;
;      - my_computer:U1|riscvsingle:rvsingle|datapath:dp|regfile:rf|rf~36   ; 0                 ; 0       ;
;      - my_computer:U1|riscvsingle:rvsingle|datapath:dp|regfile:rf|rf~68   ; 0                 ; 0       ;
;      - my_computer:U1|riscvsingle:rvsingle|datapath:dp|regfile:rf|rf~4    ; 0                 ; 0       ;
;      - my_computer:U1|riscvsingle:rvsingle|datapath:dp|regfile:rf|rf~100  ; 0                 ; 0       ;
;      - my_computer:U1|riscvsingle:rvsingle|datapath:dp|regfile:rf|rf~196  ; 0                 ; 0       ;
;      - my_computer:U1|riscvsingle:rvsingle|datapath:dp|regfile:rf|rf~164  ; 0                 ; 0       ;
;      - my_computer:U1|riscvsingle:rvsingle|datapath:dp|regfile:rf|rf~132  ; 0                 ; 0       ;
;      - my_computer:U1|riscvsingle:rvsingle|datapath:dp|regfile:rf|rf~228  ; 0                 ; 0       ;
;      - my_computer:U1|riscvsingle:rvsingle|datapath:dp|regfile:rf|rf~292  ; 0                 ; 0       ;
;      - my_computer:U1|riscvsingle:rvsingle|datapath:dp|regfile:rf|rf~324  ; 0                 ; 0       ;
;      - my_computer:U1|riscvsingle:rvsingle|datapath:dp|regfile:rf|rf~260  ; 0                 ; 0       ;
;      - my_computer:U1|riscvsingle:rvsingle|datapath:dp|regfile:rf|rf~356  ; 0                 ; 0       ;
;      - my_computer:U1|riscvsingle:rvsingle|datapath:dp|regfile:rf|rf~163  ; 0                 ; 0       ;
;      - my_computer:U1|riscvsingle:rvsingle|datapath:dp|regfile:rf|rf~195  ; 0                 ; 0       ;
;      - my_computer:U1|riscvsingle:rvsingle|datapath:dp|regfile:rf|rf~131  ; 0                 ; 0       ;
;      - my_computer:U1|riscvsingle:rvsingle|datapath:dp|regfile:rf|rf~227  ; 0                 ; 0       ;
;      - my_computer:U1|riscvsingle:rvsingle|datapath:dp|regfile:rf|rf~67   ; 0                 ; 0       ;
;      - my_computer:U1|riscvsingle:rvsingle|datapath:dp|regfile:rf|rf~35   ; 0                 ; 0       ;
;      - my_computer:U1|riscvsingle:rvsingle|datapath:dp|regfile:rf|rf~3    ; 0                 ; 0       ;
;      - my_computer:U1|riscvsingle:rvsingle|datapath:dp|regfile:rf|rf~99   ; 0                 ; 0       ;
;      - my_computer:U1|riscvsingle:rvsingle|datapath:dp|regfile:rf|rf~547  ; 0                 ; 0       ;
;      - my_computer:U1|riscvsingle:rvsingle|datapath:dp|regfile:rf|rf~931  ; 0                 ; 0       ;
;      - my_computer:U1|riscvsingle:rvsingle|datapath:dp|regfile:rf|rf~675  ; 0                 ; 0       ;
;      - my_computer:U1|riscvsingle:rvsingle|datapath:dp|regfile:rf|rf~803  ; 0                 ; 0       ;
;      - my_computer:U1|riscvsingle:rvsingle|datapath:dp|regfile:rf|rf~963  ; 0                 ; 0       ;
;      - my_computer:U1|riscvsingle:rvsingle|datapath:dp|regfile:rf|rf~579  ; 0                 ; 0       ;
;      - my_computer:U1|riscvsingle:rvsingle|datapath:dp|regfile:rf|rf~707  ; 0                 ; 0       ;
;      - my_computer:U1|riscvsingle:rvsingle|datapath:dp|regfile:rf|rf~835  ; 0                 ; 0       ;
;      - my_computer:U1|riscvsingle:rvsingle|datapath:dp|regfile:rf|rf~899  ; 0                 ; 0       ;
;      - my_computer:U1|riscvsingle:rvsingle|datapath:dp|regfile:rf|rf~515  ; 0                 ; 0       ;
;      - my_computer:U1|riscvsingle:rvsingle|datapath:dp|regfile:rf|rf~643  ; 0                 ; 0       ;
;      - my_computer:U1|riscvsingle:rvsingle|datapath:dp|regfile:rf|rf~771  ; 0                 ; 0       ;
;      - my_computer:U1|riscvsingle:rvsingle|datapath:dp|regfile:rf|rf~611  ; 0                 ; 0       ;
;      - my_computer:U1|riscvsingle:rvsingle|datapath:dp|regfile:rf|rf~995  ; 0                 ; 0       ;
;      - my_computer:U1|riscvsingle:rvsingle|datapath:dp|regfile:rf|rf~739  ; 0                 ; 0       ;
;      - my_computer:U1|riscvsingle:rvsingle|datapath:dp|regfile:rf|rf~867  ; 0                 ; 0       ;
;      - my_computer:U1|riscvsingle:rvsingle|datapath:dp|regfile:rf|rf~419  ; 0                 ; 0       ;
;      - my_computer:U1|riscvsingle:rvsingle|datapath:dp|regfile:rf|rf~451  ; 0                 ; 0       ;
;      - my_computer:U1|riscvsingle:rvsingle|datapath:dp|regfile:rf|rf~387  ; 0                 ; 0       ;
;      - my_computer:U1|riscvsingle:rvsingle|datapath:dp|regfile:rf|rf~483  ; 0                 ; 0       ;
;      - my_computer:U1|riscvsingle:rvsingle|datapath:dp|regfile:rf|rf~323  ; 0                 ; 0       ;
;      - my_computer:U1|riscvsingle:rvsingle|datapath:dp|regfile:rf|rf~291  ; 0                 ; 0       ;
;      - my_computer:U1|riscvsingle:rvsingle|datapath:dp|regfile:rf|rf~259  ; 0                 ; 0       ;
;      - my_computer:U1|riscvsingle:rvsingle|datapath:dp|regfile:rf|rf~355  ; 0                 ; 0       ;
;      - my_computer:U1|riscvsingle:rvsingle|datapath:dp|regfile:rf|rf~162  ; 0                 ; 0       ;
;      - my_computer:U1|riscvsingle:rvsingle|datapath:dp|regfile:rf|rf~194  ; 0                 ; 0       ;
;      - my_computer:U1|riscvsingle:rvsingle|datapath:dp|regfile:rf|rf~130  ; 0                 ; 0       ;
;      - my_computer:U1|riscvsingle:rvsingle|datapath:dp|regfile:rf|rf~226  ; 0                 ; 0       ;
;      - my_computer:U1|riscvsingle:rvsingle|datapath:dp|regfile:rf|rf~66   ; 0                 ; 0       ;
;      - my_computer:U1|riscvsingle:rvsingle|datapath:dp|regfile:rf|rf~34   ; 0                 ; 0       ;
;      - my_computer:U1|riscvsingle:rvsingle|datapath:dp|regfile:rf|rf~2    ; 0                 ; 0       ;
;      - my_computer:U1|riscvsingle:rvsingle|datapath:dp|regfile:rf|rf~98   ; 0                 ; 0       ;
;      - my_computer:U1|riscvsingle:rvsingle|datapath:dp|regfile:rf|rf~578  ; 0                 ; 0       ;
;      - my_computer:U1|riscvsingle:rvsingle|datapath:dp|regfile:rf|rf~962  ; 0                 ; 0       ;
;      - my_computer:U1|riscvsingle:rvsingle|datapath:dp|regfile:rf|rf~706  ; 0                 ; 0       ;
;      - my_computer:U1|riscvsingle:rvsingle|datapath:dp|regfile:rf|rf~834  ; 0                 ; 0       ;
;      - my_computer:U1|riscvsingle:rvsingle|datapath:dp|regfile:rf|rf~930  ; 0                 ; 0       ;
;      - my_computer:U1|riscvsingle:rvsingle|datapath:dp|regfile:rf|rf~546  ; 0                 ; 0       ;
;      - my_computer:U1|riscvsingle:rvsingle|datapath:dp|regfile:rf|rf~674  ; 0                 ; 0       ;
;      - my_computer:U1|riscvsingle:rvsingle|datapath:dp|regfile:rf|rf~802  ; 0                 ; 0       ;
;      - my_computer:U1|riscvsingle:rvsingle|datapath:dp|regfile:rf|rf~514  ; 0                 ; 0       ;
;      - my_computer:U1|riscvsingle:rvsingle|datapath:dp|regfile:rf|rf~898  ; 0                 ; 0       ;
;      - my_computer:U1|riscvsingle:rvsingle|datapath:dp|regfile:rf|rf~642  ; 0                 ; 0       ;
;      - my_computer:U1|riscvsingle:rvsingle|datapath:dp|regfile:rf|rf~770  ; 0                 ; 0       ;
;      - my_computer:U1|riscvsingle:rvsingle|datapath:dp|regfile:rf|rf~994  ; 0                 ; 0       ;
;      - my_computer:U1|riscvsingle:rvsingle|datapath:dp|regfile:rf|rf~610  ; 0                 ; 0       ;
;      - my_computer:U1|riscvsingle:rvsingle|datapath:dp|regfile:rf|rf~738  ; 0                 ; 0       ;
;      - my_computer:U1|riscvsingle:rvsingle|datapath:dp|regfile:rf|rf~866  ; 0                 ; 0       ;
;      - my_computer:U1|riscvsingle:rvsingle|datapath:dp|regfile:rf|rf~450  ; 0                 ; 0       ;
;      - my_computer:U1|riscvsingle:rvsingle|datapath:dp|regfile:rf|rf~418  ; 0                 ; 0       ;
;      - my_computer:U1|riscvsingle:rvsingle|datapath:dp|regfile:rf|rf~386  ; 0                 ; 0       ;
;      - my_computer:U1|riscvsingle:rvsingle|datapath:dp|regfile:rf|rf~482  ; 0                 ; 0       ;
;      - my_computer:U1|riscvsingle:rvsingle|datapath:dp|regfile:rf|rf~290  ; 0                 ; 0       ;
;      - my_computer:U1|riscvsingle:rvsingle|datapath:dp|regfile:rf|rf~322  ; 0                 ; 0       ;
;      - my_computer:U1|riscvsingle:rvsingle|datapath:dp|regfile:rf|rf~258  ; 0                 ; 0       ;
;      - my_computer:U1|riscvsingle:rvsingle|datapath:dp|regfile:rf|rf~354  ; 0                 ; 0       ;
;      - my_computer:U1|riscvsingle:rvsingle|datapath:dp|regfile:rf|rf~161  ; 0                 ; 0       ;
;      - my_computer:U1|riscvsingle:rvsingle|datapath:dp|regfile:rf|rf~193  ; 0                 ; 0       ;
;      - my_computer:U1|riscvsingle:rvsingle|datapath:dp|regfile:rf|rf~129  ; 0                 ; 0       ;
;      - my_computer:U1|riscvsingle:rvsingle|datapath:dp|regfile:rf|rf~225  ; 0                 ; 0       ;
;      - my_computer:U1|riscvsingle:rvsingle|datapath:dp|regfile:rf|rf~65   ; 0                 ; 0       ;
;      - my_computer:U1|riscvsingle:rvsingle|datapath:dp|regfile:rf|rf~33   ; 0                 ; 0       ;
;      - my_computer:U1|riscvsingle:rvsingle|datapath:dp|regfile:rf|rf~1    ; 0                 ; 0       ;
;      - my_computer:U1|riscvsingle:rvsingle|datapath:dp|regfile:rf|rf~97   ; 0                 ; 0       ;
;      - my_computer:U1|riscvsingle:rvsingle|datapath:dp|regfile:rf|rf~545  ; 0                 ; 0       ;
;      - my_computer:U1|riscvsingle:rvsingle|datapath:dp|regfile:rf|rf~929  ; 0                 ; 0       ;
;      - my_computer:U1|riscvsingle:rvsingle|datapath:dp|regfile:rf|rf~673  ; 0                 ; 0       ;
;      - my_computer:U1|riscvsingle:rvsingle|datapath:dp|regfile:rf|rf~801  ; 0                 ; 0       ;
;      - my_computer:U1|riscvsingle:rvsingle|datapath:dp|regfile:rf|rf~961  ; 0                 ; 0       ;
;      - my_computer:U1|riscvsingle:rvsingle|datapath:dp|regfile:rf|rf~577  ; 0                 ; 0       ;
;      - my_computer:U1|riscvsingle:rvsingle|datapath:dp|regfile:rf|rf~705  ; 0                 ; 0       ;
;      - my_computer:U1|riscvsingle:rvsingle|datapath:dp|regfile:rf|rf~833  ; 0                 ; 0       ;
;      - my_computer:U1|riscvsingle:rvsingle|datapath:dp|regfile:rf|rf~897  ; 0                 ; 0       ;
;      - my_computer:U1|riscvsingle:rvsingle|datapath:dp|regfile:rf|rf~513  ; 0                 ; 0       ;
;      - my_computer:U1|riscvsingle:rvsingle|datapath:dp|regfile:rf|rf~641  ; 0                 ; 0       ;
;      - my_computer:U1|riscvsingle:rvsingle|datapath:dp|regfile:rf|rf~769  ; 0                 ; 0       ;
;      - my_computer:U1|riscvsingle:rvsingle|datapath:dp|regfile:rf|rf~609  ; 0                 ; 0       ;
;      - my_computer:U1|riscvsingle:rvsingle|datapath:dp|regfile:rf|rf~993  ; 0                 ; 0       ;
;      - my_computer:U1|riscvsingle:rvsingle|datapath:dp|regfile:rf|rf~737  ; 0                 ; 0       ;
;      - my_computer:U1|riscvsingle:rvsingle|datapath:dp|regfile:rf|rf~865  ; 0                 ; 0       ;
;      - my_computer:U1|riscvsingle:rvsingle|datapath:dp|regfile:rf|rf~417  ; 0                 ; 0       ;
;      - my_computer:U1|riscvsingle:rvsingle|datapath:dp|regfile:rf|rf~449  ; 0                 ; 0       ;
;      - my_computer:U1|riscvsingle:rvsingle|datapath:dp|regfile:rf|rf~385  ; 0                 ; 0       ;
;      - my_computer:U1|riscvsingle:rvsingle|datapath:dp|regfile:rf|rf~481  ; 0                 ; 0       ;
;      - my_computer:U1|riscvsingle:rvsingle|datapath:dp|regfile:rf|rf~321  ; 0                 ; 0       ;
;      - my_computer:U1|riscvsingle:rvsingle|datapath:dp|regfile:rf|rf~289  ; 0                 ; 0       ;
;      - my_computer:U1|riscvsingle:rvsingle|datapath:dp|regfile:rf|rf~257  ; 0                 ; 0       ;
;      - my_computer:U1|riscvsingle:rvsingle|datapath:dp|regfile:rf|rf~353  ; 0                 ; 0       ;
;      - my_computer:U1|riscvsingle:rvsingle|datapath:dp|regfile:rf|rf~160  ; 0                 ; 0       ;
;      - my_computer:U1|riscvsingle:rvsingle|datapath:dp|regfile:rf|rf~192  ; 0                 ; 0       ;
;      - my_computer:U1|riscvsingle:rvsingle|datapath:dp|regfile:rf|rf~128  ; 0                 ; 0       ;
;      - my_computer:U1|riscvsingle:rvsingle|datapath:dp|regfile:rf|rf~224  ; 0                 ; 0       ;
;      - my_computer:U1|riscvsingle:rvsingle|datapath:dp|regfile:rf|rf~64   ; 0                 ; 0       ;
;      - my_computer:U1|riscvsingle:rvsingle|datapath:dp|regfile:rf|rf~32   ; 0                 ; 0       ;
;      - my_computer:U1|riscvsingle:rvsingle|datapath:dp|regfile:rf|rf~0    ; 0                 ; 0       ;
;      - my_computer:U1|riscvsingle:rvsingle|datapath:dp|regfile:rf|rf~96   ; 0                 ; 0       ;
;      - my_computer:U1|riscvsingle:rvsingle|datapath:dp|regfile:rf|rf~576  ; 0                 ; 0       ;
;      - my_computer:U1|riscvsingle:rvsingle|datapath:dp|regfile:rf|rf~960  ; 0                 ; 0       ;
;      - my_computer:U1|riscvsingle:rvsingle|datapath:dp|regfile:rf|rf~704  ; 0                 ; 0       ;
;      - my_computer:U1|riscvsingle:rvsingle|datapath:dp|regfile:rf|rf~832  ; 0                 ; 0       ;
;      - my_computer:U1|riscvsingle:rvsingle|datapath:dp|regfile:rf|rf~928  ; 0                 ; 0       ;
;      - my_computer:U1|riscvsingle:rvsingle|datapath:dp|regfile:rf|rf~544  ; 0                 ; 0       ;
;      - my_computer:U1|riscvsingle:rvsingle|datapath:dp|regfile:rf|rf~672  ; 0                 ; 0       ;
;      - my_computer:U1|riscvsingle:rvsingle|datapath:dp|regfile:rf|rf~800  ; 0                 ; 0       ;
;      - my_computer:U1|riscvsingle:rvsingle|datapath:dp|regfile:rf|rf~512  ; 0                 ; 0       ;
;      - my_computer:U1|riscvsingle:rvsingle|datapath:dp|regfile:rf|rf~896  ; 0                 ; 0       ;
;      - my_computer:U1|riscvsingle:rvsingle|datapath:dp|regfile:rf|rf~640  ; 0                 ; 0       ;
;      - my_computer:U1|riscvsingle:rvsingle|datapath:dp|regfile:rf|rf~768  ; 0                 ; 0       ;
;      - my_computer:U1|riscvsingle:rvsingle|datapath:dp|regfile:rf|rf~992  ; 0                 ; 0       ;
;      - my_computer:U1|riscvsingle:rvsingle|datapath:dp|regfile:rf|rf~608  ; 0                 ; 0       ;
;      - my_computer:U1|riscvsingle:rvsingle|datapath:dp|regfile:rf|rf~736  ; 0                 ; 0       ;
;      - my_computer:U1|riscvsingle:rvsingle|datapath:dp|regfile:rf|rf~864  ; 0                 ; 0       ;
;      - my_computer:U1|riscvsingle:rvsingle|datapath:dp|regfile:rf|rf~448  ; 0                 ; 0       ;
;      - my_computer:U1|riscvsingle:rvsingle|datapath:dp|regfile:rf|rf~416  ; 0                 ; 0       ;
;      - my_computer:U1|riscvsingle:rvsingle|datapath:dp|regfile:rf|rf~384  ; 0                 ; 0       ;
;      - my_computer:U1|riscvsingle:rvsingle|datapath:dp|regfile:rf|rf~480  ; 0                 ; 0       ;
;      - my_computer:U1|riscvsingle:rvsingle|datapath:dp|regfile:rf|rf~288  ; 0                 ; 0       ;
;      - my_computer:U1|riscvsingle:rvsingle|datapath:dp|regfile:rf|rf~320  ; 0                 ; 0       ;
;      - my_computer:U1|riscvsingle:rvsingle|datapath:dp|regfile:rf|rf~256  ; 0                 ; 0       ;
;      - my_computer:U1|riscvsingle:rvsingle|datapath:dp|regfile:rf|rf~352  ; 0                 ; 0       ;
;      - my_computer:U1|riscvsingle:rvsingle|datapath:dp|regfile:rf|rf~165  ; 0                 ; 0       ;
;      - my_computer:U1|riscvsingle:rvsingle|datapath:dp|regfile:rf|rf~197  ; 0                 ; 0       ;
;      - my_computer:U1|riscvsingle:rvsingle|datapath:dp|regfile:rf|rf~133  ; 0                 ; 0       ;
;      - my_computer:U1|riscvsingle:rvsingle|datapath:dp|regfile:rf|rf~229  ; 0                 ; 0       ;
;      - my_computer:U1|riscvsingle:rvsingle|datapath:dp|regfile:rf|rf~69   ; 0                 ; 0       ;
;      - my_computer:U1|riscvsingle:rvsingle|datapath:dp|regfile:rf|rf~37   ; 0                 ; 0       ;
;      - my_computer:U1|riscvsingle:rvsingle|datapath:dp|regfile:rf|rf~5    ; 0                 ; 0       ;
;      - my_computer:U1|riscvsingle:rvsingle|datapath:dp|regfile:rf|rf~101  ; 0                 ; 0       ;
;      - my_computer:U1|riscvsingle:rvsingle|datapath:dp|regfile:rf|rf~549  ; 0                 ; 0       ;
;      - my_computer:U1|riscvsingle:rvsingle|datapath:dp|regfile:rf|rf~933  ; 0                 ; 0       ;
;      - my_computer:U1|riscvsingle:rvsingle|datapath:dp|regfile:rf|rf~677  ; 0                 ; 0       ;
;      - my_computer:U1|riscvsingle:rvsingle|datapath:dp|regfile:rf|rf~805  ; 0                 ; 0       ;
;      - my_computer:U1|riscvsingle:rvsingle|datapath:dp|regfile:rf|rf~965  ; 0                 ; 0       ;
;      - my_computer:U1|riscvsingle:rvsingle|datapath:dp|regfile:rf|rf~581  ; 0                 ; 0       ;
;      - my_computer:U1|riscvsingle:rvsingle|datapath:dp|regfile:rf|rf~709  ; 0                 ; 0       ;
;      - my_computer:U1|riscvsingle:rvsingle|datapath:dp|regfile:rf|rf~837  ; 0                 ; 0       ;
;      - my_computer:U1|riscvsingle:rvsingle|datapath:dp|regfile:rf|rf~901  ; 0                 ; 0       ;
;      - my_computer:U1|riscvsingle:rvsingle|datapath:dp|regfile:rf|rf~517  ; 0                 ; 0       ;
;      - my_computer:U1|riscvsingle:rvsingle|datapath:dp|regfile:rf|rf~645  ; 0                 ; 0       ;
;      - my_computer:U1|riscvsingle:rvsingle|datapath:dp|regfile:rf|rf~773  ; 0                 ; 0       ;
;      - my_computer:U1|riscvsingle:rvsingle|datapath:dp|regfile:rf|rf~613  ; 0                 ; 0       ;
;      - my_computer:U1|riscvsingle:rvsingle|datapath:dp|regfile:rf|rf~997  ; 0                 ; 0       ;
;      - my_computer:U1|riscvsingle:rvsingle|datapath:dp|regfile:rf|rf~741  ; 0                 ; 0       ;
;      - my_computer:U1|riscvsingle:rvsingle|datapath:dp|regfile:rf|rf~869  ; 0                 ; 0       ;
;      - my_computer:U1|riscvsingle:rvsingle|datapath:dp|regfile:rf|rf~421  ; 0                 ; 0       ;
;      - my_computer:U1|riscvsingle:rvsingle|datapath:dp|regfile:rf|rf~453  ; 0                 ; 0       ;
;      - my_computer:U1|riscvsingle:rvsingle|datapath:dp|regfile:rf|rf~389  ; 0                 ; 0       ;
;      - my_computer:U1|riscvsingle:rvsingle|datapath:dp|regfile:rf|rf~485  ; 0                 ; 0       ;
;      - my_computer:U1|riscvsingle:rvsingle|datapath:dp|regfile:rf|rf~325  ; 0                 ; 0       ;
;      - my_computer:U1|riscvsingle:rvsingle|datapath:dp|regfile:rf|rf~293  ; 0                 ; 0       ;
;      - my_computer:U1|riscvsingle:rvsingle|datapath:dp|regfile:rf|rf~261  ; 0                 ; 0       ;
;      - my_computer:U1|riscvsingle:rvsingle|datapath:dp|regfile:rf|rf~357  ; 0                 ; 0       ;
;      - my_computer:U1|riscvsingle:rvsingle|datapath:dp|regfile:rf|rf~185  ; 0                 ; 0       ;
;      - my_computer:U1|riscvsingle:rvsingle|datapath:dp|regfile:rf|rf~217  ; 0                 ; 0       ;
;      - my_computer:U1|riscvsingle:rvsingle|datapath:dp|regfile:rf|rf~153  ; 0                 ; 0       ;
;      - my_computer:U1|riscvsingle:rvsingle|datapath:dp|regfile:rf|rf~249  ; 0                 ; 0       ;
;      - my_computer:U1|riscvsingle:rvsingle|datapath:dp|regfile:rf|rf~89   ; 0                 ; 0       ;
;      - my_computer:U1|riscvsingle:rvsingle|datapath:dp|regfile:rf|rf~57   ; 0                 ; 0       ;
;      - my_computer:U1|riscvsingle:rvsingle|datapath:dp|regfile:rf|rf~25   ; 0                 ; 0       ;
;      - my_computer:U1|riscvsingle:rvsingle|datapath:dp|regfile:rf|rf~121  ; 0                 ; 0       ;
;      - my_computer:U1|riscvsingle:rvsingle|datapath:dp|regfile:rf|rf~569  ; 0                 ; 0       ;
;      - my_computer:U1|riscvsingle:rvsingle|datapath:dp|regfile:rf|rf~953  ; 0                 ; 0       ;
;      - my_computer:U1|riscvsingle:rvsingle|datapath:dp|regfile:rf|rf~697  ; 0                 ; 0       ;
;      - my_computer:U1|riscvsingle:rvsingle|datapath:dp|regfile:rf|rf~825  ; 0                 ; 0       ;
;      - my_computer:U1|riscvsingle:rvsingle|datapath:dp|regfile:rf|rf~985  ; 0                 ; 0       ;
;      - my_computer:U1|riscvsingle:rvsingle|datapath:dp|regfile:rf|rf~601  ; 0                 ; 0       ;
;      - my_computer:U1|riscvsingle:rvsingle|datapath:dp|regfile:rf|rf~729  ; 0                 ; 0       ;
;      - my_computer:U1|riscvsingle:rvsingle|datapath:dp|regfile:rf|rf~857  ; 0                 ; 0       ;
;      - my_computer:U1|riscvsingle:rvsingle|datapath:dp|regfile:rf|rf~921  ; 0                 ; 0       ;
;      - my_computer:U1|riscvsingle:rvsingle|datapath:dp|regfile:rf|rf~537  ; 0                 ; 0       ;
;      - my_computer:U1|riscvsingle:rvsingle|datapath:dp|regfile:rf|rf~665  ; 0                 ; 0       ;
;      - my_computer:U1|riscvsingle:rvsingle|datapath:dp|regfile:rf|rf~793  ; 0                 ; 0       ;
;      - my_computer:U1|riscvsingle:rvsingle|datapath:dp|regfile:rf|rf~633  ; 0                 ; 0       ;
;      - my_computer:U1|riscvsingle:rvsingle|datapath:dp|regfile:rf|rf~1017 ; 0                 ; 0       ;
;      - my_computer:U1|riscvsingle:rvsingle|datapath:dp|regfile:rf|rf~761  ; 0                 ; 0       ;
;      - my_computer:U1|riscvsingle:rvsingle|datapath:dp|regfile:rf|rf~889  ; 0                 ; 0       ;
;      - my_computer:U1|riscvsingle:rvsingle|datapath:dp|regfile:rf|rf~441  ; 0                 ; 0       ;
;      - my_computer:U1|riscvsingle:rvsingle|datapath:dp|regfile:rf|rf~473  ; 0                 ; 0       ;
;      - my_computer:U1|riscvsingle:rvsingle|datapath:dp|regfile:rf|rf~409  ; 0                 ; 0       ;
;      - my_computer:U1|riscvsingle:rvsingle|datapath:dp|regfile:rf|rf~505  ; 0                 ; 0       ;
;      - my_computer:U1|riscvsingle:rvsingle|datapath:dp|regfile:rf|rf~345  ; 0                 ; 0       ;
;      - my_computer:U1|riscvsingle:rvsingle|datapath:dp|regfile:rf|rf~313  ; 0                 ; 0       ;
;      - my_computer:U1|riscvsingle:rvsingle|datapath:dp|regfile:rf|rf~281  ; 0                 ; 0       ;
;      - my_computer:U1|riscvsingle:rvsingle|datapath:dp|regfile:rf|rf~377  ; 0                 ; 0       ;
;      - my_computer:U1|riscvsingle:rvsingle|datapath:dp|regfile:rf|rf~184  ; 0                 ; 0       ;
;      - my_computer:U1|riscvsingle:rvsingle|datapath:dp|regfile:rf|rf~216  ; 0                 ; 0       ;
;      - my_computer:U1|riscvsingle:rvsingle|datapath:dp|regfile:rf|rf~152  ; 0                 ; 0       ;
;      - my_computer:U1|riscvsingle:rvsingle|datapath:dp|regfile:rf|rf~248  ; 0                 ; 0       ;
;      - my_computer:U1|riscvsingle:rvsingle|datapath:dp|regfile:rf|rf~88   ; 0                 ; 0       ;
;      - my_computer:U1|riscvsingle:rvsingle|datapath:dp|regfile:rf|rf~56   ; 0                 ; 0       ;
;      - my_computer:U1|riscvsingle:rvsingle|datapath:dp|regfile:rf|rf~24   ; 0                 ; 0       ;
;      - my_computer:U1|riscvsingle:rvsingle|datapath:dp|regfile:rf|rf~120  ; 0                 ; 0       ;
;      - my_computer:U1|riscvsingle:rvsingle|datapath:dp|regfile:rf|rf~600  ; 0                 ; 0       ;
;      - my_computer:U1|riscvsingle:rvsingle|datapath:dp|regfile:rf|rf~984  ; 0                 ; 0       ;
;      - my_computer:U1|riscvsingle:rvsingle|datapath:dp|regfile:rf|rf~728  ; 0                 ; 0       ;
;      - my_computer:U1|riscvsingle:rvsingle|datapath:dp|regfile:rf|rf~856  ; 0                 ; 0       ;
;      - my_computer:U1|riscvsingle:rvsingle|datapath:dp|regfile:rf|rf~952  ; 0                 ; 0       ;
;      - my_computer:U1|riscvsingle:rvsingle|datapath:dp|regfile:rf|rf~568  ; 0                 ; 0       ;
;      - my_computer:U1|riscvsingle:rvsingle|datapath:dp|regfile:rf|rf~696  ; 0                 ; 0       ;
;      - my_computer:U1|riscvsingle:rvsingle|datapath:dp|regfile:rf|rf~824  ; 0                 ; 0       ;
;      - my_computer:U1|riscvsingle:rvsingle|datapath:dp|regfile:rf|rf~536  ; 0                 ; 0       ;
;      - my_computer:U1|riscvsingle:rvsingle|datapath:dp|regfile:rf|rf~920  ; 0                 ; 0       ;
;      - my_computer:U1|riscvsingle:rvsingle|datapath:dp|regfile:rf|rf~664  ; 0                 ; 0       ;
;      - my_computer:U1|riscvsingle:rvsingle|datapath:dp|regfile:rf|rf~792  ; 0                 ; 0       ;
;      - my_computer:U1|riscvsingle:rvsingle|datapath:dp|regfile:rf|rf~1016 ; 0                 ; 0       ;
;      - my_computer:U1|riscvsingle:rvsingle|datapath:dp|regfile:rf|rf~632  ; 0                 ; 0       ;
;      - my_computer:U1|riscvsingle:rvsingle|datapath:dp|regfile:rf|rf~760  ; 0                 ; 0       ;
;      - my_computer:U1|riscvsingle:rvsingle|datapath:dp|regfile:rf|rf~888  ; 0                 ; 0       ;
;      - my_computer:U1|riscvsingle:rvsingle|datapath:dp|regfile:rf|rf~472  ; 0                 ; 0       ;
;      - my_computer:U1|riscvsingle:rvsingle|datapath:dp|regfile:rf|rf~440  ; 0                 ; 0       ;
;      - my_computer:U1|riscvsingle:rvsingle|datapath:dp|regfile:rf|rf~408  ; 0                 ; 0       ;
;      - my_computer:U1|riscvsingle:rvsingle|datapath:dp|regfile:rf|rf~504  ; 0                 ; 0       ;
;      - my_computer:U1|riscvsingle:rvsingle|datapath:dp|regfile:rf|rf~312  ; 0                 ; 0       ;
;      - my_computer:U1|riscvsingle:rvsingle|datapath:dp|regfile:rf|rf~344  ; 0                 ; 0       ;
;      - my_computer:U1|riscvsingle:rvsingle|datapath:dp|regfile:rf|rf~280  ; 0                 ; 0       ;
;      - my_computer:U1|riscvsingle:rvsingle|datapath:dp|regfile:rf|rf~376  ; 0                 ; 0       ;
;      - my_computer:U1|riscvsingle:rvsingle|datapath:dp|regfile:rf|rf~183  ; 0                 ; 0       ;
;      - my_computer:U1|riscvsingle:rvsingle|datapath:dp|regfile:rf|rf~215  ; 0                 ; 0       ;
;      - my_computer:U1|riscvsingle:rvsingle|datapath:dp|regfile:rf|rf~151  ; 0                 ; 0       ;
;      - my_computer:U1|riscvsingle:rvsingle|datapath:dp|regfile:rf|rf~247  ; 0                 ; 0       ;
;      - my_computer:U1|riscvsingle:rvsingle|datapath:dp|regfile:rf|rf~87   ; 0                 ; 0       ;
;      - my_computer:U1|riscvsingle:rvsingle|datapath:dp|regfile:rf|rf~55   ; 0                 ; 0       ;
;      - my_computer:U1|riscvsingle:rvsingle|datapath:dp|regfile:rf|rf~23   ; 0                 ; 0       ;
;      - my_computer:U1|riscvsingle:rvsingle|datapath:dp|regfile:rf|rf~119  ; 0                 ; 0       ;
;      - my_computer:U1|riscvsingle:rvsingle|datapath:dp|regfile:rf|rf~567  ; 0                 ; 0       ;
;      - my_computer:U1|riscvsingle:rvsingle|datapath:dp|regfile:rf|rf~951  ; 0                 ; 0       ;
;      - my_computer:U1|riscvsingle:rvsingle|datapath:dp|regfile:rf|rf~695  ; 0                 ; 0       ;
;      - my_computer:U1|riscvsingle:rvsingle|datapath:dp|regfile:rf|rf~823  ; 0                 ; 0       ;
;      - my_computer:U1|riscvsingle:rvsingle|datapath:dp|regfile:rf|rf~983  ; 0                 ; 0       ;
;      - my_computer:U1|riscvsingle:rvsingle|datapath:dp|regfile:rf|rf~599  ; 0                 ; 0       ;
;      - my_computer:U1|riscvsingle:rvsingle|datapath:dp|regfile:rf|rf~727  ; 0                 ; 0       ;
;      - my_computer:U1|riscvsingle:rvsingle|datapath:dp|regfile:rf|rf~855  ; 0                 ; 0       ;
;      - my_computer:U1|riscvsingle:rvsingle|datapath:dp|regfile:rf|rf~919  ; 0                 ; 0       ;
;      - my_computer:U1|riscvsingle:rvsingle|datapath:dp|regfile:rf|rf~535  ; 0                 ; 0       ;
;      - my_computer:U1|riscvsingle:rvsingle|datapath:dp|regfile:rf|rf~663  ; 0                 ; 0       ;
;      - my_computer:U1|riscvsingle:rvsingle|datapath:dp|regfile:rf|rf~791  ; 0                 ; 0       ;
;      - my_computer:U1|riscvsingle:rvsingle|datapath:dp|regfile:rf|rf~631  ; 0                 ; 0       ;
;      - my_computer:U1|riscvsingle:rvsingle|datapath:dp|regfile:rf|rf~1015 ; 0                 ; 0       ;
;      - my_computer:U1|riscvsingle:rvsingle|datapath:dp|regfile:rf|rf~759  ; 0                 ; 0       ;
;      - my_computer:U1|riscvsingle:rvsingle|datapath:dp|regfile:rf|rf~887  ; 0                 ; 0       ;
;      - my_computer:U1|riscvsingle:rvsingle|datapath:dp|regfile:rf|rf~439  ; 0                 ; 0       ;
;      - my_computer:U1|riscvsingle:rvsingle|datapath:dp|regfile:rf|rf~471  ; 0                 ; 0       ;
;      - my_computer:U1|riscvsingle:rvsingle|datapath:dp|regfile:rf|rf~407  ; 0                 ; 0       ;
;      - my_computer:U1|riscvsingle:rvsingle|datapath:dp|regfile:rf|rf~503  ; 0                 ; 0       ;
;      - my_computer:U1|riscvsingle:rvsingle|datapath:dp|regfile:rf|rf~343  ; 0                 ; 0       ;
;      - my_computer:U1|riscvsingle:rvsingle|datapath:dp|regfile:rf|rf~311  ; 0                 ; 0       ;
;      - my_computer:U1|riscvsingle:rvsingle|datapath:dp|regfile:rf|rf~279  ; 0                 ; 0       ;
;      - my_computer:U1|riscvsingle:rvsingle|datapath:dp|regfile:rf|rf~375  ; 0                 ; 0       ;
;      - my_computer:U1|riscvsingle:rvsingle|datapath:dp|regfile:rf|rf~182  ; 0                 ; 0       ;
;      - my_computer:U1|riscvsingle:rvsingle|datapath:dp|regfile:rf|rf~214  ; 0                 ; 0       ;
;      - my_computer:U1|riscvsingle:rvsingle|datapath:dp|regfile:rf|rf~150  ; 0                 ; 0       ;
;      - my_computer:U1|riscvsingle:rvsingle|datapath:dp|regfile:rf|rf~246  ; 0                 ; 0       ;
;      - my_computer:U1|riscvsingle:rvsingle|datapath:dp|regfile:rf|rf~86   ; 0                 ; 0       ;
;      - my_computer:U1|riscvsingle:rvsingle|datapath:dp|regfile:rf|rf~54   ; 0                 ; 0       ;
;      - my_computer:U1|riscvsingle:rvsingle|datapath:dp|regfile:rf|rf~22   ; 0                 ; 0       ;
;      - my_computer:U1|riscvsingle:rvsingle|datapath:dp|regfile:rf|rf~118  ; 0                 ; 0       ;
;      - my_computer:U1|riscvsingle:rvsingle|datapath:dp|regfile:rf|rf~598  ; 0                 ; 0       ;
;      - my_computer:U1|riscvsingle:rvsingle|datapath:dp|regfile:rf|rf~982  ; 0                 ; 0       ;
;      - my_computer:U1|riscvsingle:rvsingle|datapath:dp|regfile:rf|rf~726  ; 0                 ; 0       ;
;      - my_computer:U1|riscvsingle:rvsingle|datapath:dp|regfile:rf|rf~854  ; 0                 ; 0       ;
;      - my_computer:U1|riscvsingle:rvsingle|datapath:dp|regfile:rf|rf~950  ; 0                 ; 0       ;
;      - my_computer:U1|riscvsingle:rvsingle|datapath:dp|regfile:rf|rf~566  ; 0                 ; 0       ;
;      - my_computer:U1|riscvsingle:rvsingle|datapath:dp|regfile:rf|rf~694  ; 0                 ; 0       ;
;      - my_computer:U1|riscvsingle:rvsingle|datapath:dp|regfile:rf|rf~822  ; 0                 ; 0       ;
;      - my_computer:U1|riscvsingle:rvsingle|datapath:dp|regfile:rf|rf~534  ; 0                 ; 0       ;
;      - my_computer:U1|riscvsingle:rvsingle|datapath:dp|regfile:rf|rf~918  ; 0                 ; 0       ;
;      - my_computer:U1|riscvsingle:rvsingle|datapath:dp|regfile:rf|rf~662  ; 0                 ; 0       ;
;      - my_computer:U1|riscvsingle:rvsingle|datapath:dp|regfile:rf|rf~790  ; 0                 ; 0       ;
;      - my_computer:U1|riscvsingle:rvsingle|datapath:dp|regfile:rf|rf~1014 ; 0                 ; 0       ;
;      - my_computer:U1|riscvsingle:rvsingle|datapath:dp|regfile:rf|rf~630  ; 0                 ; 0       ;
;      - my_computer:U1|riscvsingle:rvsingle|datapath:dp|regfile:rf|rf~758  ; 0                 ; 0       ;
;      - my_computer:U1|riscvsingle:rvsingle|datapath:dp|regfile:rf|rf~886  ; 0                 ; 0       ;
;      - my_computer:U1|riscvsingle:rvsingle|datapath:dp|regfile:rf|rf~470  ; 0                 ; 0       ;
;      - my_computer:U1|riscvsingle:rvsingle|datapath:dp|regfile:rf|rf~438  ; 0                 ; 0       ;
;      - my_computer:U1|riscvsingle:rvsingle|datapath:dp|regfile:rf|rf~406  ; 0                 ; 0       ;
;      - my_computer:U1|riscvsingle:rvsingle|datapath:dp|regfile:rf|rf~502  ; 0                 ; 0       ;
;      - my_computer:U1|riscvsingle:rvsingle|datapath:dp|regfile:rf|rf~310  ; 0                 ; 0       ;
;      - my_computer:U1|riscvsingle:rvsingle|datapath:dp|regfile:rf|rf~342  ; 0                 ; 0       ;
;      - my_computer:U1|riscvsingle:rvsingle|datapath:dp|regfile:rf|rf~278  ; 0                 ; 0       ;
;      - my_computer:U1|riscvsingle:rvsingle|datapath:dp|regfile:rf|rf~374  ; 0                 ; 0       ;
;      - my_computer:U1|riscvsingle:rvsingle|datapath:dp|regfile:rf|rf~181  ; 0                 ; 0       ;
;      - my_computer:U1|riscvsingle:rvsingle|datapath:dp|regfile:rf|rf~213  ; 0                 ; 0       ;
;      - my_computer:U1|riscvsingle:rvsingle|datapath:dp|regfile:rf|rf~149  ; 0                 ; 0       ;
;      - my_computer:U1|riscvsingle:rvsingle|datapath:dp|regfile:rf|rf~245  ; 0                 ; 0       ;
;      - my_computer:U1|riscvsingle:rvsingle|datapath:dp|regfile:rf|rf~85   ; 0                 ; 0       ;
;      - my_computer:U1|riscvsingle:rvsingle|datapath:dp|regfile:rf|rf~53   ; 0                 ; 0       ;
;      - my_computer:U1|riscvsingle:rvsingle|datapath:dp|regfile:rf|rf~21   ; 0                 ; 0       ;
;      - my_computer:U1|riscvsingle:rvsingle|datapath:dp|regfile:rf|rf~117  ; 0                 ; 0       ;
;      - my_computer:U1|riscvsingle:rvsingle|datapath:dp|regfile:rf|rf~565  ; 0                 ; 0       ;
;      - my_computer:U1|riscvsingle:rvsingle|datapath:dp|regfile:rf|rf~949  ; 0                 ; 0       ;
;      - my_computer:U1|riscvsingle:rvsingle|datapath:dp|regfile:rf|rf~693  ; 0                 ; 0       ;
;      - my_computer:U1|riscvsingle:rvsingle|datapath:dp|regfile:rf|rf~821  ; 0                 ; 0       ;
;      - my_computer:U1|riscvsingle:rvsingle|datapath:dp|regfile:rf|rf~981  ; 0                 ; 0       ;
;      - my_computer:U1|riscvsingle:rvsingle|datapath:dp|regfile:rf|rf~597  ; 0                 ; 0       ;
;      - my_computer:U1|riscvsingle:rvsingle|datapath:dp|regfile:rf|rf~725  ; 0                 ; 0       ;
;      - my_computer:U1|riscvsingle:rvsingle|datapath:dp|regfile:rf|rf~853  ; 0                 ; 0       ;
;      - my_computer:U1|riscvsingle:rvsingle|datapath:dp|regfile:rf|rf~917  ; 0                 ; 0       ;
;      - my_computer:U1|riscvsingle:rvsingle|datapath:dp|regfile:rf|rf~533  ; 0                 ; 0       ;
;      - my_computer:U1|riscvsingle:rvsingle|datapath:dp|regfile:rf|rf~661  ; 0                 ; 0       ;
;      - my_computer:U1|riscvsingle:rvsingle|datapath:dp|regfile:rf|rf~789  ; 0                 ; 0       ;
;      - my_computer:U1|riscvsingle:rvsingle|datapath:dp|regfile:rf|rf~629  ; 0                 ; 0       ;
;      - my_computer:U1|riscvsingle:rvsingle|datapath:dp|regfile:rf|rf~1013 ; 0                 ; 0       ;
;      - my_computer:U1|riscvsingle:rvsingle|datapath:dp|regfile:rf|rf~757  ; 0                 ; 0       ;
;      - my_computer:U1|riscvsingle:rvsingle|datapath:dp|regfile:rf|rf~885  ; 0                 ; 0       ;
;      - my_computer:U1|riscvsingle:rvsingle|datapath:dp|regfile:rf|rf~437  ; 0                 ; 0       ;
;      - my_computer:U1|riscvsingle:rvsingle|datapath:dp|regfile:rf|rf~469  ; 0                 ; 0       ;
;      - my_computer:U1|riscvsingle:rvsingle|datapath:dp|regfile:rf|rf~405  ; 0                 ; 0       ;
;      - my_computer:U1|riscvsingle:rvsingle|datapath:dp|regfile:rf|rf~501  ; 0                 ; 0       ;
;      - my_computer:U1|riscvsingle:rvsingle|datapath:dp|regfile:rf|rf~341  ; 0                 ; 0       ;
;      - my_computer:U1|riscvsingle:rvsingle|datapath:dp|regfile:rf|rf~309  ; 0                 ; 0       ;
;      - my_computer:U1|riscvsingle:rvsingle|datapath:dp|regfile:rf|rf~277  ; 0                 ; 0       ;
;      - my_computer:U1|riscvsingle:rvsingle|datapath:dp|regfile:rf|rf~373  ; 0                 ; 0       ;
;      - my_computer:U1|riscvsingle:rvsingle|datapath:dp|regfile:rf|rf~180  ; 0                 ; 0       ;
;      - my_computer:U1|riscvsingle:rvsingle|datapath:dp|regfile:rf|rf~212  ; 0                 ; 0       ;
;      - my_computer:U1|riscvsingle:rvsingle|datapath:dp|regfile:rf|rf~148  ; 0                 ; 0       ;
;      - my_computer:U1|riscvsingle:rvsingle|datapath:dp|regfile:rf|rf~244  ; 0                 ; 0       ;
;      - my_computer:U1|riscvsingle:rvsingle|datapath:dp|regfile:rf|rf~84   ; 0                 ; 0       ;
;      - my_computer:U1|riscvsingle:rvsingle|datapath:dp|regfile:rf|rf~52   ; 0                 ; 0       ;
;      - my_computer:U1|riscvsingle:rvsingle|datapath:dp|regfile:rf|rf~20   ; 0                 ; 0       ;
;      - my_computer:U1|riscvsingle:rvsingle|datapath:dp|regfile:rf|rf~116  ; 0                 ; 0       ;
;      - my_computer:U1|riscvsingle:rvsingle|datapath:dp|regfile:rf|rf~596  ; 0                 ; 0       ;
;      - my_computer:U1|riscvsingle:rvsingle|datapath:dp|regfile:rf|rf~980  ; 0                 ; 0       ;
;      - my_computer:U1|riscvsingle:rvsingle|datapath:dp|regfile:rf|rf~724  ; 0                 ; 0       ;
;      - my_computer:U1|riscvsingle:rvsingle|datapath:dp|regfile:rf|rf~852  ; 0                 ; 0       ;
;      - my_computer:U1|riscvsingle:rvsingle|datapath:dp|regfile:rf|rf~948  ; 0                 ; 0       ;
;      - my_computer:U1|riscvsingle:rvsingle|datapath:dp|regfile:rf|rf~564  ; 0                 ; 0       ;
;      - my_computer:U1|riscvsingle:rvsingle|datapath:dp|regfile:rf|rf~692  ; 0                 ; 0       ;
;      - my_computer:U1|riscvsingle:rvsingle|datapath:dp|regfile:rf|rf~820  ; 0                 ; 0       ;
;      - my_computer:U1|riscvsingle:rvsingle|datapath:dp|regfile:rf|rf~532  ; 0                 ; 0       ;
;      - my_computer:U1|riscvsingle:rvsingle|datapath:dp|regfile:rf|rf~916  ; 0                 ; 0       ;
;      - my_computer:U1|riscvsingle:rvsingle|datapath:dp|regfile:rf|rf~660  ; 0                 ; 0       ;
;      - my_computer:U1|riscvsingle:rvsingle|datapath:dp|regfile:rf|rf~788  ; 0                 ; 0       ;
;      - my_computer:U1|riscvsingle:rvsingle|datapath:dp|regfile:rf|rf~1012 ; 0                 ; 0       ;
;      - my_computer:U1|riscvsingle:rvsingle|datapath:dp|regfile:rf|rf~628  ; 0                 ; 0       ;
;      - my_computer:U1|riscvsingle:rvsingle|datapath:dp|regfile:rf|rf~756  ; 0                 ; 0       ;
;      - my_computer:U1|riscvsingle:rvsingle|datapath:dp|regfile:rf|rf~884  ; 0                 ; 0       ;
;      - my_computer:U1|riscvsingle:rvsingle|datapath:dp|regfile:rf|rf~468  ; 0                 ; 0       ;
;      - my_computer:U1|riscvsingle:rvsingle|datapath:dp|regfile:rf|rf~436  ; 0                 ; 0       ;
;      - my_computer:U1|riscvsingle:rvsingle|datapath:dp|regfile:rf|rf~404  ; 0                 ; 0       ;
;      - my_computer:U1|riscvsingle:rvsingle|datapath:dp|regfile:rf|rf~500  ; 0                 ; 0       ;
;      - my_computer:U1|riscvsingle:rvsingle|datapath:dp|regfile:rf|rf~308  ; 0                 ; 0       ;
;      - my_computer:U1|riscvsingle:rvsingle|datapath:dp|regfile:rf|rf~340  ; 0                 ; 0       ;
;      - my_computer:U1|riscvsingle:rvsingle|datapath:dp|regfile:rf|rf~276  ; 0                 ; 0       ;
;      - my_computer:U1|riscvsingle:rvsingle|datapath:dp|regfile:rf|rf~372  ; 0                 ; 0       ;
;      - my_computer:U1|riscvsingle:rvsingle|datapath:dp|regfile:rf|rf~179  ; 0                 ; 0       ;
;      - my_computer:U1|riscvsingle:rvsingle|datapath:dp|regfile:rf|rf~211  ; 0                 ; 0       ;
;      - my_computer:U1|riscvsingle:rvsingle|datapath:dp|regfile:rf|rf~147  ; 0                 ; 0       ;
;      - my_computer:U1|riscvsingle:rvsingle|datapath:dp|regfile:rf|rf~243  ; 0                 ; 0       ;
;      - my_computer:U1|riscvsingle:rvsingle|datapath:dp|regfile:rf|rf~83   ; 0                 ; 0       ;
;      - my_computer:U1|riscvsingle:rvsingle|datapath:dp|regfile:rf|rf~51   ; 0                 ; 0       ;
;      - my_computer:U1|riscvsingle:rvsingle|datapath:dp|regfile:rf|rf~19   ; 0                 ; 0       ;
;      - my_computer:U1|riscvsingle:rvsingle|datapath:dp|regfile:rf|rf~115  ; 0                 ; 0       ;
;      - my_computer:U1|riscvsingle:rvsingle|datapath:dp|regfile:rf|rf~563  ; 0                 ; 0       ;
;      - my_computer:U1|riscvsingle:rvsingle|datapath:dp|regfile:rf|rf~947  ; 0                 ; 0       ;
;      - my_computer:U1|riscvsingle:rvsingle|datapath:dp|regfile:rf|rf~691  ; 0                 ; 0       ;
;      - my_computer:U1|riscvsingle:rvsingle|datapath:dp|regfile:rf|rf~819  ; 0                 ; 0       ;
;      - my_computer:U1|riscvsingle:rvsingle|datapath:dp|regfile:rf|rf~979  ; 0                 ; 0       ;
;      - my_computer:U1|riscvsingle:rvsingle|datapath:dp|regfile:rf|rf~595  ; 0                 ; 0       ;
;      - my_computer:U1|riscvsingle:rvsingle|datapath:dp|regfile:rf|rf~723  ; 0                 ; 0       ;
;      - my_computer:U1|riscvsingle:rvsingle|datapath:dp|regfile:rf|rf~851  ; 0                 ; 0       ;
;      - my_computer:U1|riscvsingle:rvsingle|datapath:dp|regfile:rf|rf~915  ; 0                 ; 0       ;
;      - my_computer:U1|riscvsingle:rvsingle|datapath:dp|regfile:rf|rf~531  ; 0                 ; 0       ;
;      - my_computer:U1|riscvsingle:rvsingle|datapath:dp|regfile:rf|rf~659  ; 0                 ; 0       ;
;      - my_computer:U1|riscvsingle:rvsingle|datapath:dp|regfile:rf|rf~787  ; 0                 ; 0       ;
;      - my_computer:U1|riscvsingle:rvsingle|datapath:dp|regfile:rf|rf~627  ; 0                 ; 0       ;
;      - my_computer:U1|riscvsingle:rvsingle|datapath:dp|regfile:rf|rf~1011 ; 0                 ; 0       ;
;      - my_computer:U1|riscvsingle:rvsingle|datapath:dp|regfile:rf|rf~755  ; 0                 ; 0       ;
;      - my_computer:U1|riscvsingle:rvsingle|datapath:dp|regfile:rf|rf~883  ; 0                 ; 0       ;
;      - my_computer:U1|riscvsingle:rvsingle|datapath:dp|regfile:rf|rf~435  ; 0                 ; 0       ;
;      - my_computer:U1|riscvsingle:rvsingle|datapath:dp|regfile:rf|rf~467  ; 0                 ; 0       ;
;      - my_computer:U1|riscvsingle:rvsingle|datapath:dp|regfile:rf|rf~403  ; 0                 ; 0       ;
;      - my_computer:U1|riscvsingle:rvsingle|datapath:dp|regfile:rf|rf~499  ; 0                 ; 0       ;
;      - my_computer:U1|riscvsingle:rvsingle|datapath:dp|regfile:rf|rf~339  ; 0                 ; 0       ;
;      - my_computer:U1|riscvsingle:rvsingle|datapath:dp|regfile:rf|rf~307  ; 0                 ; 0       ;
;      - my_computer:U1|riscvsingle:rvsingle|datapath:dp|regfile:rf|rf~275  ; 0                 ; 0       ;
;      - my_computer:U1|riscvsingle:rvsingle|datapath:dp|regfile:rf|rf~371  ; 0                 ; 0       ;
;      - my_computer:U1|riscvsingle:rvsingle|datapath:dp|regfile:rf|rf~178  ; 0                 ; 0       ;
;      - my_computer:U1|riscvsingle:rvsingle|datapath:dp|regfile:rf|rf~210  ; 0                 ; 0       ;
;      - my_computer:U1|riscvsingle:rvsingle|datapath:dp|regfile:rf|rf~146  ; 0                 ; 0       ;
;      - my_computer:U1|riscvsingle:rvsingle|datapath:dp|regfile:rf|rf~242  ; 0                 ; 0       ;
;      - my_computer:U1|riscvsingle:rvsingle|datapath:dp|regfile:rf|rf~82   ; 0                 ; 0       ;
;      - my_computer:U1|riscvsingle:rvsingle|datapath:dp|regfile:rf|rf~50   ; 0                 ; 0       ;
;      - my_computer:U1|riscvsingle:rvsingle|datapath:dp|regfile:rf|rf~18   ; 0                 ; 0       ;
;      - my_computer:U1|riscvsingle:rvsingle|datapath:dp|regfile:rf|rf~114  ; 0                 ; 0       ;
;      - my_computer:U1|riscvsingle:rvsingle|datapath:dp|regfile:rf|rf~594  ; 0                 ; 0       ;
;      - my_computer:U1|riscvsingle:rvsingle|datapath:dp|regfile:rf|rf~978  ; 0                 ; 0       ;
;      - my_computer:U1|riscvsingle:rvsingle|datapath:dp|regfile:rf|rf~722  ; 0                 ; 0       ;
;      - my_computer:U1|riscvsingle:rvsingle|datapath:dp|regfile:rf|rf~850  ; 0                 ; 0       ;
;      - my_computer:U1|riscvsingle:rvsingle|datapath:dp|regfile:rf|rf~946  ; 0                 ; 0       ;
;      - my_computer:U1|riscvsingle:rvsingle|datapath:dp|regfile:rf|rf~562  ; 0                 ; 0       ;
;      - my_computer:U1|riscvsingle:rvsingle|datapath:dp|regfile:rf|rf~690  ; 0                 ; 0       ;
;      - my_computer:U1|riscvsingle:rvsingle|datapath:dp|regfile:rf|rf~818  ; 0                 ; 0       ;
;      - my_computer:U1|riscvsingle:rvsingle|datapath:dp|regfile:rf|rf~530  ; 0                 ; 0       ;
;      - my_computer:U1|riscvsingle:rvsingle|datapath:dp|regfile:rf|rf~914  ; 0                 ; 0       ;
;      - my_computer:U1|riscvsingle:rvsingle|datapath:dp|regfile:rf|rf~658  ; 0                 ; 0       ;
;      - my_computer:U1|riscvsingle:rvsingle|datapath:dp|regfile:rf|rf~786  ; 0                 ; 0       ;
;      - my_computer:U1|riscvsingle:rvsingle|datapath:dp|regfile:rf|rf~1010 ; 0                 ; 0       ;
;      - my_computer:U1|riscvsingle:rvsingle|datapath:dp|regfile:rf|rf~626  ; 0                 ; 0       ;
;      - my_computer:U1|riscvsingle:rvsingle|datapath:dp|regfile:rf|rf~754  ; 0                 ; 0       ;
;      - my_computer:U1|riscvsingle:rvsingle|datapath:dp|regfile:rf|rf~882  ; 0                 ; 0       ;
;      - my_computer:U1|riscvsingle:rvsingle|datapath:dp|regfile:rf|rf~466  ; 0                 ; 0       ;
;      - my_computer:U1|riscvsingle:rvsingle|datapath:dp|regfile:rf|rf~434  ; 0                 ; 0       ;
;      - my_computer:U1|riscvsingle:rvsingle|datapath:dp|regfile:rf|rf~402  ; 0                 ; 0       ;
;      - my_computer:U1|riscvsingle:rvsingle|datapath:dp|regfile:rf|rf~498  ; 0                 ; 0       ;
;      - my_computer:U1|riscvsingle:rvsingle|datapath:dp|regfile:rf|rf~306  ; 0                 ; 0       ;
;      - my_computer:U1|riscvsingle:rvsingle|datapath:dp|regfile:rf|rf~338  ; 0                 ; 0       ;
;      - my_computer:U1|riscvsingle:rvsingle|datapath:dp|regfile:rf|rf~274  ; 0                 ; 0       ;
;      - my_computer:U1|riscvsingle:rvsingle|datapath:dp|regfile:rf|rf~370  ; 0                 ; 0       ;
;      - my_computer:U1|riscvsingle:rvsingle|datapath:dp|regfile:rf|rf~177  ; 0                 ; 0       ;
;      - my_computer:U1|riscvsingle:rvsingle|datapath:dp|regfile:rf|rf~209  ; 0                 ; 0       ;
;      - my_computer:U1|riscvsingle:rvsingle|datapath:dp|regfile:rf|rf~145  ; 0                 ; 0       ;
;      - my_computer:U1|riscvsingle:rvsingle|datapath:dp|regfile:rf|rf~241  ; 0                 ; 0       ;
;      - my_computer:U1|riscvsingle:rvsingle|datapath:dp|regfile:rf|rf~81   ; 0                 ; 0       ;
;      - my_computer:U1|riscvsingle:rvsingle|datapath:dp|regfile:rf|rf~49   ; 0                 ; 0       ;
;      - my_computer:U1|riscvsingle:rvsingle|datapath:dp|regfile:rf|rf~17   ; 0                 ; 0       ;
;      - my_computer:U1|riscvsingle:rvsingle|datapath:dp|regfile:rf|rf~113  ; 0                 ; 0       ;
;      - my_computer:U1|riscvsingle:rvsingle|datapath:dp|regfile:rf|rf~561  ; 0                 ; 0       ;
;      - my_computer:U1|riscvsingle:rvsingle|datapath:dp|regfile:rf|rf~945  ; 0                 ; 0       ;
;      - my_computer:U1|riscvsingle:rvsingle|datapath:dp|regfile:rf|rf~689  ; 0                 ; 0       ;
;      - my_computer:U1|riscvsingle:rvsingle|datapath:dp|regfile:rf|rf~817  ; 0                 ; 0       ;
;      - my_computer:U1|riscvsingle:rvsingle|datapath:dp|regfile:rf|rf~977  ; 0                 ; 0       ;
;      - my_computer:U1|riscvsingle:rvsingle|datapath:dp|regfile:rf|rf~593  ; 0                 ; 0       ;
;      - my_computer:U1|riscvsingle:rvsingle|datapath:dp|regfile:rf|rf~721  ; 0                 ; 0       ;
;      - my_computer:U1|riscvsingle:rvsingle|datapath:dp|regfile:rf|rf~849  ; 0                 ; 0       ;
;      - my_computer:U1|riscvsingle:rvsingle|datapath:dp|regfile:rf|rf~913  ; 0                 ; 0       ;
;      - my_computer:U1|riscvsingle:rvsingle|datapath:dp|regfile:rf|rf~529  ; 0                 ; 0       ;
;      - my_computer:U1|riscvsingle:rvsingle|datapath:dp|regfile:rf|rf~657  ; 0                 ; 0       ;
;      - my_computer:U1|riscvsingle:rvsingle|datapath:dp|regfile:rf|rf~785  ; 0                 ; 0       ;
;      - my_computer:U1|riscvsingle:rvsingle|datapath:dp|regfile:rf|rf~625  ; 0                 ; 0       ;
;      - my_computer:U1|riscvsingle:rvsingle|datapath:dp|regfile:rf|rf~1009 ; 0                 ; 0       ;
;      - my_computer:U1|riscvsingle:rvsingle|datapath:dp|regfile:rf|rf~753  ; 0                 ; 0       ;
;      - my_computer:U1|riscvsingle:rvsingle|datapath:dp|regfile:rf|rf~881  ; 0                 ; 0       ;
;      - my_computer:U1|riscvsingle:rvsingle|datapath:dp|regfile:rf|rf~433  ; 0                 ; 0       ;
;      - my_computer:U1|riscvsingle:rvsingle|datapath:dp|regfile:rf|rf~465  ; 0                 ; 0       ;
;      - my_computer:U1|riscvsingle:rvsingle|datapath:dp|regfile:rf|rf~401  ; 0                 ; 0       ;
;      - my_computer:U1|riscvsingle:rvsingle|datapath:dp|regfile:rf|rf~497  ; 0                 ; 0       ;
;      - my_computer:U1|riscvsingle:rvsingle|datapath:dp|regfile:rf|rf~337  ; 0                 ; 0       ;
;      - my_computer:U1|riscvsingle:rvsingle|datapath:dp|regfile:rf|rf~305  ; 0                 ; 0       ;
;      - my_computer:U1|riscvsingle:rvsingle|datapath:dp|regfile:rf|rf~273  ; 0                 ; 0       ;
;      - my_computer:U1|riscvsingle:rvsingle|datapath:dp|regfile:rf|rf~369  ; 0                 ; 0       ;
;      - my_computer:U1|riscvsingle:rvsingle|datapath:dp|regfile:rf|rf~176  ; 0                 ; 0       ;
;      - my_computer:U1|riscvsingle:rvsingle|datapath:dp|regfile:rf|rf~208  ; 0                 ; 0       ;
;      - my_computer:U1|riscvsingle:rvsingle|datapath:dp|regfile:rf|rf~144  ; 0                 ; 0       ;
;      - my_computer:U1|riscvsingle:rvsingle|datapath:dp|regfile:rf|rf~240  ; 0                 ; 0       ;
;      - my_computer:U1|riscvsingle:rvsingle|datapath:dp|regfile:rf|rf~80   ; 0                 ; 0       ;
;      - my_computer:U1|riscvsingle:rvsingle|datapath:dp|regfile:rf|rf~48   ; 0                 ; 0       ;
;      - my_computer:U1|riscvsingle:rvsingle|datapath:dp|regfile:rf|rf~16   ; 0                 ; 0       ;
;      - my_computer:U1|riscvsingle:rvsingle|datapath:dp|regfile:rf|rf~112  ; 0                 ; 0       ;
;      - my_computer:U1|riscvsingle:rvsingle|datapath:dp|regfile:rf|rf~592  ; 0                 ; 0       ;
;      - my_computer:U1|riscvsingle:rvsingle|datapath:dp|regfile:rf|rf~976  ; 0                 ; 0       ;
;      - my_computer:U1|riscvsingle:rvsingle|datapath:dp|regfile:rf|rf~720  ; 0                 ; 0       ;
;      - my_computer:U1|riscvsingle:rvsingle|datapath:dp|regfile:rf|rf~848  ; 0                 ; 0       ;
;      - my_computer:U1|riscvsingle:rvsingle|datapath:dp|regfile:rf|rf~944  ; 0                 ; 0       ;
;      - my_computer:U1|riscvsingle:rvsingle|datapath:dp|regfile:rf|rf~560  ; 0                 ; 0       ;
;      - my_computer:U1|riscvsingle:rvsingle|datapath:dp|regfile:rf|rf~688  ; 0                 ; 0       ;
;      - my_computer:U1|riscvsingle:rvsingle|datapath:dp|regfile:rf|rf~816  ; 0                 ; 0       ;
;      - my_computer:U1|riscvsingle:rvsingle|datapath:dp|regfile:rf|rf~528  ; 0                 ; 0       ;
;      - my_computer:U1|riscvsingle:rvsingle|datapath:dp|regfile:rf|rf~912  ; 0                 ; 0       ;
;      - my_computer:U1|riscvsingle:rvsingle|datapath:dp|regfile:rf|rf~656  ; 0                 ; 0       ;
;      - my_computer:U1|riscvsingle:rvsingle|datapath:dp|regfile:rf|rf~784  ; 0                 ; 0       ;
;      - my_computer:U1|riscvsingle:rvsingle|datapath:dp|regfile:rf|rf~1008 ; 0                 ; 0       ;
;      - my_computer:U1|riscvsingle:rvsingle|datapath:dp|regfile:rf|rf~624  ; 0                 ; 0       ;
;      - my_computer:U1|riscvsingle:rvsingle|datapath:dp|regfile:rf|rf~752  ; 0                 ; 0       ;
;      - my_computer:U1|riscvsingle:rvsingle|datapath:dp|regfile:rf|rf~880  ; 0                 ; 0       ;
;      - my_computer:U1|riscvsingle:rvsingle|datapath:dp|regfile:rf|rf~464  ; 0                 ; 0       ;
;      - my_computer:U1|riscvsingle:rvsingle|datapath:dp|regfile:rf|rf~432  ; 0                 ; 0       ;
;      - my_computer:U1|riscvsingle:rvsingle|datapath:dp|regfile:rf|rf~400  ; 0                 ; 0       ;
;      - my_computer:U1|riscvsingle:rvsingle|datapath:dp|regfile:rf|rf~496  ; 0                 ; 0       ;
;      - my_computer:U1|riscvsingle:rvsingle|datapath:dp|regfile:rf|rf~304  ; 0                 ; 0       ;
;      - my_computer:U1|riscvsingle:rvsingle|datapath:dp|regfile:rf|rf~336  ; 0                 ; 0       ;
;      - my_computer:U1|riscvsingle:rvsingle|datapath:dp|regfile:rf|rf~272  ; 0                 ; 0       ;
;      - my_computer:U1|riscvsingle:rvsingle|datapath:dp|regfile:rf|rf~368  ; 0                 ; 0       ;
;      - my_computer:U1|riscvsingle:rvsingle|datapath:dp|regfile:rf|rf~175  ; 0                 ; 0       ;
;      - my_computer:U1|riscvsingle:rvsingle|datapath:dp|regfile:rf|rf~207  ; 0                 ; 0       ;
;      - my_computer:U1|riscvsingle:rvsingle|datapath:dp|regfile:rf|rf~143  ; 0                 ; 0       ;
;      - my_computer:U1|riscvsingle:rvsingle|datapath:dp|regfile:rf|rf~239  ; 0                 ; 0       ;
;      - my_computer:U1|riscvsingle:rvsingle|datapath:dp|regfile:rf|rf~79   ; 0                 ; 0       ;
;      - my_computer:U1|riscvsingle:rvsingle|datapath:dp|regfile:rf|rf~47   ; 0                 ; 0       ;
;      - my_computer:U1|riscvsingle:rvsingle|datapath:dp|regfile:rf|rf~15   ; 0                 ; 0       ;
;      - my_computer:U1|riscvsingle:rvsingle|datapath:dp|regfile:rf|rf~111  ; 0                 ; 0       ;
;      - my_computer:U1|riscvsingle:rvsingle|datapath:dp|regfile:rf|rf~559  ; 0                 ; 0       ;
;      - my_computer:U1|riscvsingle:rvsingle|datapath:dp|regfile:rf|rf~943  ; 0                 ; 0       ;
;      - my_computer:U1|riscvsingle:rvsingle|datapath:dp|regfile:rf|rf~687  ; 0                 ; 0       ;
;      - my_computer:U1|riscvsingle:rvsingle|datapath:dp|regfile:rf|rf~815  ; 0                 ; 0       ;
;      - my_computer:U1|riscvsingle:rvsingle|datapath:dp|regfile:rf|rf~975  ; 0                 ; 0       ;
;      - my_computer:U1|riscvsingle:rvsingle|datapath:dp|regfile:rf|rf~591  ; 0                 ; 0       ;
;      - my_computer:U1|riscvsingle:rvsingle|datapath:dp|regfile:rf|rf~719  ; 0                 ; 0       ;
;      - my_computer:U1|riscvsingle:rvsingle|datapath:dp|regfile:rf|rf~847  ; 0                 ; 0       ;
;      - my_computer:U1|riscvsingle:rvsingle|datapath:dp|regfile:rf|rf~911  ; 0                 ; 0       ;
;      - my_computer:U1|riscvsingle:rvsingle|datapath:dp|regfile:rf|rf~527  ; 0                 ; 0       ;
;      - my_computer:U1|riscvsingle:rvsingle|datapath:dp|regfile:rf|rf~655  ; 0                 ; 0       ;
;      - my_computer:U1|riscvsingle:rvsingle|datapath:dp|regfile:rf|rf~783  ; 0                 ; 0       ;
;      - my_computer:U1|riscvsingle:rvsingle|datapath:dp|regfile:rf|rf~623  ; 0                 ; 0       ;
;      - my_computer:U1|riscvsingle:rvsingle|datapath:dp|regfile:rf|rf~1007 ; 0                 ; 0       ;
;      - my_computer:U1|riscvsingle:rvsingle|datapath:dp|regfile:rf|rf~751  ; 0                 ; 0       ;
;      - my_computer:U1|riscvsingle:rvsingle|datapath:dp|regfile:rf|rf~879  ; 0                 ; 0       ;
;      - my_computer:U1|riscvsingle:rvsingle|datapath:dp|regfile:rf|rf~431  ; 0                 ; 0       ;
;      - my_computer:U1|riscvsingle:rvsingle|datapath:dp|regfile:rf|rf~463  ; 0                 ; 0       ;
;      - my_computer:U1|riscvsingle:rvsingle|datapath:dp|regfile:rf|rf~399  ; 0                 ; 0       ;
;      - my_computer:U1|riscvsingle:rvsingle|datapath:dp|regfile:rf|rf~495  ; 0                 ; 0       ;
;      - my_computer:U1|riscvsingle:rvsingle|datapath:dp|regfile:rf|rf~335  ; 0                 ; 0       ;
;      - my_computer:U1|riscvsingle:rvsingle|datapath:dp|regfile:rf|rf~303  ; 0                 ; 0       ;
;      - my_computer:U1|riscvsingle:rvsingle|datapath:dp|regfile:rf|rf~271  ; 0                 ; 0       ;
;      - my_computer:U1|riscvsingle:rvsingle|datapath:dp|regfile:rf|rf~367  ; 0                 ; 0       ;
;      - my_computer:U1|riscvsingle:rvsingle|datapath:dp|regfile:rf|rf~174  ; 0                 ; 0       ;
;      - my_computer:U1|riscvsingle:rvsingle|datapath:dp|regfile:rf|rf~206  ; 0                 ; 0       ;
;      - my_computer:U1|riscvsingle:rvsingle|datapath:dp|regfile:rf|rf~142  ; 0                 ; 0       ;
;      - my_computer:U1|riscvsingle:rvsingle|datapath:dp|regfile:rf|rf~238  ; 0                 ; 0       ;
;      - my_computer:U1|riscvsingle:rvsingle|datapath:dp|regfile:rf|rf~78   ; 0                 ; 0       ;
;      - my_computer:U1|riscvsingle:rvsingle|datapath:dp|regfile:rf|rf~46   ; 0                 ; 0       ;
;      - my_computer:U1|riscvsingle:rvsingle|datapath:dp|regfile:rf|rf~14   ; 0                 ; 0       ;
;      - my_computer:U1|riscvsingle:rvsingle|datapath:dp|regfile:rf|rf~110  ; 0                 ; 0       ;
;      - my_computer:U1|riscvsingle:rvsingle|datapath:dp|regfile:rf|rf~590  ; 0                 ; 0       ;
;      - my_computer:U1|riscvsingle:rvsingle|datapath:dp|regfile:rf|rf~974  ; 0                 ; 0       ;
;      - my_computer:U1|riscvsingle:rvsingle|datapath:dp|regfile:rf|rf~718  ; 0                 ; 0       ;
;      - my_computer:U1|riscvsingle:rvsingle|datapath:dp|regfile:rf|rf~846  ; 0                 ; 0       ;
;      - my_computer:U1|riscvsingle:rvsingle|datapath:dp|regfile:rf|rf~942  ; 0                 ; 0       ;
;      - my_computer:U1|riscvsingle:rvsingle|datapath:dp|regfile:rf|rf~558  ; 0                 ; 0       ;
;      - my_computer:U1|riscvsingle:rvsingle|datapath:dp|regfile:rf|rf~686  ; 0                 ; 0       ;
;      - my_computer:U1|riscvsingle:rvsingle|datapath:dp|regfile:rf|rf~814  ; 0                 ; 0       ;
;      - my_computer:U1|riscvsingle:rvsingle|datapath:dp|regfile:rf|rf~526  ; 0                 ; 0       ;
;      - my_computer:U1|riscvsingle:rvsingle|datapath:dp|regfile:rf|rf~910  ; 0                 ; 0       ;
;      - my_computer:U1|riscvsingle:rvsingle|datapath:dp|regfile:rf|rf~654  ; 0                 ; 0       ;
;      - my_computer:U1|riscvsingle:rvsingle|datapath:dp|regfile:rf|rf~782  ; 0                 ; 0       ;
;      - my_computer:U1|riscvsingle:rvsingle|datapath:dp|regfile:rf|rf~1006 ; 0                 ; 0       ;
;      - my_computer:U1|riscvsingle:rvsingle|datapath:dp|regfile:rf|rf~622  ; 0                 ; 0       ;
;      - my_computer:U1|riscvsingle:rvsingle|datapath:dp|regfile:rf|rf~750  ; 0                 ; 0       ;
;      - my_computer:U1|riscvsingle:rvsingle|datapath:dp|regfile:rf|rf~878  ; 0                 ; 0       ;
;      - my_computer:U1|riscvsingle:rvsingle|datapath:dp|regfile:rf|rf~462  ; 0                 ; 0       ;
;      - my_computer:U1|riscvsingle:rvsingle|datapath:dp|regfile:rf|rf~430  ; 0                 ; 0       ;
;      - my_computer:U1|riscvsingle:rvsingle|datapath:dp|regfile:rf|rf~398  ; 0                 ; 0       ;
;      - my_computer:U1|riscvsingle:rvsingle|datapath:dp|regfile:rf|rf~494  ; 0                 ; 0       ;
;      - my_computer:U1|riscvsingle:rvsingle|datapath:dp|regfile:rf|rf~302  ; 0                 ; 0       ;
;      - my_computer:U1|riscvsingle:rvsingle|datapath:dp|regfile:rf|rf~334  ; 0                 ; 0       ;
;      - my_computer:U1|riscvsingle:rvsingle|datapath:dp|regfile:rf|rf~270  ; 0                 ; 0       ;
;      - my_computer:U1|riscvsingle:rvsingle|datapath:dp|regfile:rf|rf~366  ; 0                 ; 0       ;
;      - my_computer:U1|riscvsingle:rvsingle|datapath:dp|regfile:rf|rf~173  ; 0                 ; 0       ;
;      - my_computer:U1|riscvsingle:rvsingle|datapath:dp|regfile:rf|rf~205  ; 0                 ; 0       ;
;      - my_computer:U1|riscvsingle:rvsingle|datapath:dp|regfile:rf|rf~141  ; 0                 ; 0       ;
;      - my_computer:U1|riscvsingle:rvsingle|datapath:dp|regfile:rf|rf~237  ; 0                 ; 0       ;
;      - my_computer:U1|riscvsingle:rvsingle|datapath:dp|regfile:rf|rf~77   ; 0                 ; 0       ;
;      - my_computer:U1|riscvsingle:rvsingle|datapath:dp|regfile:rf|rf~45   ; 0                 ; 0       ;
;      - my_computer:U1|riscvsingle:rvsingle|datapath:dp|regfile:rf|rf~13   ; 0                 ; 0       ;
;      - my_computer:U1|riscvsingle:rvsingle|datapath:dp|regfile:rf|rf~109  ; 0                 ; 0       ;
;      - my_computer:U1|riscvsingle:rvsingle|datapath:dp|regfile:rf|rf~557  ; 0                 ; 0       ;
;      - my_computer:U1|riscvsingle:rvsingle|datapath:dp|regfile:rf|rf~941  ; 0                 ; 0       ;
;      - my_computer:U1|riscvsingle:rvsingle|datapath:dp|regfile:rf|rf~685  ; 0                 ; 0       ;
;      - my_computer:U1|riscvsingle:rvsingle|datapath:dp|regfile:rf|rf~813  ; 0                 ; 0       ;
;      - my_computer:U1|riscvsingle:rvsingle|datapath:dp|regfile:rf|rf~973  ; 0                 ; 0       ;
;      - my_computer:U1|riscvsingle:rvsingle|datapath:dp|regfile:rf|rf~589  ; 0                 ; 0       ;
;      - my_computer:U1|riscvsingle:rvsingle|datapath:dp|regfile:rf|rf~717  ; 0                 ; 0       ;
;      - my_computer:U1|riscvsingle:rvsingle|datapath:dp|regfile:rf|rf~845  ; 0                 ; 0       ;
;      - my_computer:U1|riscvsingle:rvsingle|datapath:dp|regfile:rf|rf~909  ; 0                 ; 0       ;
;      - my_computer:U1|riscvsingle:rvsingle|datapath:dp|regfile:rf|rf~525  ; 0                 ; 0       ;
;      - my_computer:U1|riscvsingle:rvsingle|datapath:dp|regfile:rf|rf~653  ; 0                 ; 0       ;
;      - my_computer:U1|riscvsingle:rvsingle|datapath:dp|regfile:rf|rf~781  ; 0                 ; 0       ;
;      - my_computer:U1|riscvsingle:rvsingle|datapath:dp|regfile:rf|rf~621  ; 0                 ; 0       ;
;      - my_computer:U1|riscvsingle:rvsingle|datapath:dp|regfile:rf|rf~1005 ; 0                 ; 0       ;
;      - my_computer:U1|riscvsingle:rvsingle|datapath:dp|regfile:rf|rf~749  ; 0                 ; 0       ;
;      - my_computer:U1|riscvsingle:rvsingle|datapath:dp|regfile:rf|rf~877  ; 0                 ; 0       ;
;      - my_computer:U1|riscvsingle:rvsingle|datapath:dp|regfile:rf|rf~429  ; 0                 ; 0       ;
;      - my_computer:U1|riscvsingle:rvsingle|datapath:dp|regfile:rf|rf~461  ; 0                 ; 0       ;
;      - my_computer:U1|riscvsingle:rvsingle|datapath:dp|regfile:rf|rf~397  ; 0                 ; 0       ;
;      - my_computer:U1|riscvsingle:rvsingle|datapath:dp|regfile:rf|rf~493  ; 0                 ; 0       ;
;      - my_computer:U1|riscvsingle:rvsingle|datapath:dp|regfile:rf|rf~333  ; 0                 ; 0       ;
;      - my_computer:U1|riscvsingle:rvsingle|datapath:dp|regfile:rf|rf~301  ; 0                 ; 0       ;
;      - my_computer:U1|riscvsingle:rvsingle|datapath:dp|regfile:rf|rf~269  ; 0                 ; 0       ;
;      - my_computer:U1|riscvsingle:rvsingle|datapath:dp|regfile:rf|rf~365  ; 0                 ; 0       ;
;      - my_computer:U1|riscvsingle:rvsingle|datapath:dp|regfile:rf|rf~172  ; 0                 ; 0       ;
;      - my_computer:U1|riscvsingle:rvsingle|datapath:dp|regfile:rf|rf~204  ; 0                 ; 0       ;
;      - my_computer:U1|riscvsingle:rvsingle|datapath:dp|regfile:rf|rf~140  ; 0                 ; 0       ;
;      - my_computer:U1|riscvsingle:rvsingle|datapath:dp|regfile:rf|rf~236  ; 0                 ; 0       ;
;      - my_computer:U1|riscvsingle:rvsingle|datapath:dp|regfile:rf|rf~76   ; 0                 ; 0       ;
;      - my_computer:U1|riscvsingle:rvsingle|datapath:dp|regfile:rf|rf~44   ; 0                 ; 0       ;
;      - my_computer:U1|riscvsingle:rvsingle|datapath:dp|regfile:rf|rf~12   ; 0                 ; 0       ;
;      - my_computer:U1|riscvsingle:rvsingle|datapath:dp|regfile:rf|rf~108  ; 0                 ; 0       ;
;      - my_computer:U1|riscvsingle:rvsingle|datapath:dp|regfile:rf|rf~588  ; 0                 ; 0       ;
;      - my_computer:U1|riscvsingle:rvsingle|datapath:dp|regfile:rf|rf~972  ; 0                 ; 0       ;
;      - my_computer:U1|riscvsingle:rvsingle|datapath:dp|regfile:rf|rf~716  ; 0                 ; 0       ;
;      - my_computer:U1|riscvsingle:rvsingle|datapath:dp|regfile:rf|rf~844  ; 0                 ; 0       ;
;      - my_computer:U1|riscvsingle:rvsingle|datapath:dp|regfile:rf|rf~940  ; 0                 ; 0       ;
;      - my_computer:U1|riscvsingle:rvsingle|datapath:dp|regfile:rf|rf~556  ; 0                 ; 0       ;
;      - my_computer:U1|riscvsingle:rvsingle|datapath:dp|regfile:rf|rf~684  ; 0                 ; 0       ;
;      - my_computer:U1|riscvsingle:rvsingle|datapath:dp|regfile:rf|rf~812  ; 0                 ; 0       ;
;      - my_computer:U1|riscvsingle:rvsingle|datapath:dp|regfile:rf|rf~524  ; 0                 ; 0       ;
;      - my_computer:U1|riscvsingle:rvsingle|datapath:dp|regfile:rf|rf~908  ; 0                 ; 0       ;
;      - my_computer:U1|riscvsingle:rvsingle|datapath:dp|regfile:rf|rf~652  ; 0                 ; 0       ;
;      - my_computer:U1|riscvsingle:rvsingle|datapath:dp|regfile:rf|rf~780  ; 0                 ; 0       ;
;      - my_computer:U1|riscvsingle:rvsingle|datapath:dp|regfile:rf|rf~1004 ; 0                 ; 0       ;
;      - my_computer:U1|riscvsingle:rvsingle|datapath:dp|regfile:rf|rf~620  ; 0                 ; 0       ;
;      - my_computer:U1|riscvsingle:rvsingle|datapath:dp|regfile:rf|rf~748  ; 0                 ; 0       ;
;      - my_computer:U1|riscvsingle:rvsingle|datapath:dp|regfile:rf|rf~876  ; 0                 ; 0       ;
;      - my_computer:U1|riscvsingle:rvsingle|datapath:dp|regfile:rf|rf~460  ; 0                 ; 0       ;
;      - my_computer:U1|riscvsingle:rvsingle|datapath:dp|regfile:rf|rf~428  ; 0                 ; 0       ;
;      - my_computer:U1|riscvsingle:rvsingle|datapath:dp|regfile:rf|rf~396  ; 0                 ; 0       ;
;      - my_computer:U1|riscvsingle:rvsingle|datapath:dp|regfile:rf|rf~492  ; 0                 ; 0       ;
;      - my_computer:U1|riscvsingle:rvsingle|datapath:dp|regfile:rf|rf~300  ; 0                 ; 0       ;
;      - my_computer:U1|riscvsingle:rvsingle|datapath:dp|regfile:rf|rf~332  ; 0                 ; 0       ;
;      - my_computer:U1|riscvsingle:rvsingle|datapath:dp|regfile:rf|rf~268  ; 0                 ; 0       ;
;      - my_computer:U1|riscvsingle:rvsingle|datapath:dp|regfile:rf|rf~364  ; 0                 ; 0       ;
;      - my_computer:U1|riscvsingle:rvsingle|datapath:dp|regfile:rf|rf~171  ; 0                 ; 0       ;
;      - my_computer:U1|riscvsingle:rvsingle|datapath:dp|regfile:rf|rf~203  ; 0                 ; 0       ;
;      - my_computer:U1|riscvsingle:rvsingle|datapath:dp|regfile:rf|rf~139  ; 0                 ; 0       ;
;      - my_computer:U1|riscvsingle:rvsingle|datapath:dp|regfile:rf|rf~235  ; 0                 ; 0       ;
;      - my_computer:U1|riscvsingle:rvsingle|datapath:dp|regfile:rf|rf~75   ; 0                 ; 0       ;
;      - my_computer:U1|riscvsingle:rvsingle|datapath:dp|regfile:rf|rf~43   ; 0                 ; 0       ;
;      - my_computer:U1|riscvsingle:rvsingle|datapath:dp|regfile:rf|rf~11   ; 0                 ; 0       ;
;      - my_computer:U1|riscvsingle:rvsingle|datapath:dp|regfile:rf|rf~107  ; 0                 ; 0       ;
;      - my_computer:U1|riscvsingle:rvsingle|datapath:dp|regfile:rf|rf~555  ; 0                 ; 0       ;
;      - my_computer:U1|riscvsingle:rvsingle|datapath:dp|regfile:rf|rf~939  ; 0                 ; 0       ;
;      - my_computer:U1|riscvsingle:rvsingle|datapath:dp|regfile:rf|rf~683  ; 0                 ; 0       ;
;      - my_computer:U1|riscvsingle:rvsingle|datapath:dp|regfile:rf|rf~811  ; 0                 ; 0       ;
;      - my_computer:U1|riscvsingle:rvsingle|datapath:dp|regfile:rf|rf~971  ; 0                 ; 0       ;
;      - my_computer:U1|riscvsingle:rvsingle|datapath:dp|regfile:rf|rf~587  ; 0                 ; 0       ;
;      - my_computer:U1|riscvsingle:rvsingle|datapath:dp|regfile:rf|rf~715  ; 0                 ; 0       ;
;      - my_computer:U1|riscvsingle:rvsingle|datapath:dp|regfile:rf|rf~843  ; 0                 ; 0       ;
;      - my_computer:U1|riscvsingle:rvsingle|datapath:dp|regfile:rf|rf~907  ; 0                 ; 0       ;
;      - my_computer:U1|riscvsingle:rvsingle|datapath:dp|regfile:rf|rf~523  ; 0                 ; 0       ;
;      - my_computer:U1|riscvsingle:rvsingle|datapath:dp|regfile:rf|rf~651  ; 0                 ; 0       ;
;      - my_computer:U1|riscvsingle:rvsingle|datapath:dp|regfile:rf|rf~779  ; 0                 ; 0       ;
;      - my_computer:U1|riscvsingle:rvsingle|datapath:dp|regfile:rf|rf~619  ; 0                 ; 0       ;
;      - my_computer:U1|riscvsingle:rvsingle|datapath:dp|regfile:rf|rf~1003 ; 0                 ; 0       ;
;      - my_computer:U1|riscvsingle:rvsingle|datapath:dp|regfile:rf|rf~747  ; 0                 ; 0       ;
;      - my_computer:U1|riscvsingle:rvsingle|datapath:dp|regfile:rf|rf~875  ; 0                 ; 0       ;
;      - my_computer:U1|riscvsingle:rvsingle|datapath:dp|regfile:rf|rf~427  ; 0                 ; 0       ;
;      - my_computer:U1|riscvsingle:rvsingle|datapath:dp|regfile:rf|rf~459  ; 0                 ; 0       ;
;      - my_computer:U1|riscvsingle:rvsingle|datapath:dp|regfile:rf|rf~395  ; 0                 ; 0       ;
;      - my_computer:U1|riscvsingle:rvsingle|datapath:dp|regfile:rf|rf~491  ; 0                 ; 0       ;
;      - my_computer:U1|riscvsingle:rvsingle|datapath:dp|regfile:rf|rf~331  ; 0                 ; 0       ;
;      - my_computer:U1|riscvsingle:rvsingle|datapath:dp|regfile:rf|rf~299  ; 0                 ; 0       ;
;      - my_computer:U1|riscvsingle:rvsingle|datapath:dp|regfile:rf|rf~267  ; 0                 ; 0       ;
;      - my_computer:U1|riscvsingle:rvsingle|datapath:dp|regfile:rf|rf~363  ; 0                 ; 0       ;
;      - my_computer:U1|riscvsingle:rvsingle|datapath:dp|regfile:rf|rf~170  ; 0                 ; 0       ;
;      - my_computer:U1|riscvsingle:rvsingle|datapath:dp|regfile:rf|rf~202  ; 0                 ; 0       ;
;      - my_computer:U1|riscvsingle:rvsingle|datapath:dp|regfile:rf|rf~138  ; 0                 ; 0       ;
;      - my_computer:U1|riscvsingle:rvsingle|datapath:dp|regfile:rf|rf~234  ; 0                 ; 0       ;
;      - my_computer:U1|riscvsingle:rvsingle|datapath:dp|regfile:rf|rf~74   ; 0                 ; 0       ;
;      - my_computer:U1|riscvsingle:rvsingle|datapath:dp|regfile:rf|rf~42   ; 0                 ; 0       ;
;      - my_computer:U1|riscvsingle:rvsingle|datapath:dp|regfile:rf|rf~10   ; 0                 ; 0       ;
;      - my_computer:U1|riscvsingle:rvsingle|datapath:dp|regfile:rf|rf~106  ; 0                 ; 0       ;
;      - my_computer:U1|riscvsingle:rvsingle|datapath:dp|regfile:rf|rf~586  ; 0                 ; 0       ;
;      - my_computer:U1|riscvsingle:rvsingle|datapath:dp|regfile:rf|rf~970  ; 0                 ; 0       ;
;      - my_computer:U1|riscvsingle:rvsingle|datapath:dp|regfile:rf|rf~714  ; 0                 ; 0       ;
;      - my_computer:U1|riscvsingle:rvsingle|datapath:dp|regfile:rf|rf~842  ; 0                 ; 0       ;
;      - my_computer:U1|riscvsingle:rvsingle|datapath:dp|regfile:rf|rf~938  ; 0                 ; 0       ;
;      - my_computer:U1|riscvsingle:rvsingle|datapath:dp|regfile:rf|rf~554  ; 0                 ; 0       ;
;      - my_computer:U1|riscvsingle:rvsingle|datapath:dp|regfile:rf|rf~682  ; 0                 ; 0       ;
;      - my_computer:U1|riscvsingle:rvsingle|datapath:dp|regfile:rf|rf~810  ; 0                 ; 0       ;
;      - my_computer:U1|riscvsingle:rvsingle|datapath:dp|regfile:rf|rf~522  ; 0                 ; 0       ;
;      - my_computer:U1|riscvsingle:rvsingle|datapath:dp|regfile:rf|rf~906  ; 0                 ; 0       ;
;      - my_computer:U1|riscvsingle:rvsingle|datapath:dp|regfile:rf|rf~650  ; 0                 ; 0       ;
;      - my_computer:U1|riscvsingle:rvsingle|datapath:dp|regfile:rf|rf~778  ; 0                 ; 0       ;
;      - my_computer:U1|riscvsingle:rvsingle|datapath:dp|regfile:rf|rf~1002 ; 0                 ; 0       ;
;      - my_computer:U1|riscvsingle:rvsingle|datapath:dp|regfile:rf|rf~618  ; 0                 ; 0       ;
;      - my_computer:U1|riscvsingle:rvsingle|datapath:dp|regfile:rf|rf~746  ; 0                 ; 0       ;
;      - my_computer:U1|riscvsingle:rvsingle|datapath:dp|regfile:rf|rf~874  ; 0                 ; 0       ;
;      - my_computer:U1|riscvsingle:rvsingle|datapath:dp|regfile:rf|rf~458  ; 0                 ; 0       ;
;      - my_computer:U1|riscvsingle:rvsingle|datapath:dp|regfile:rf|rf~426  ; 0                 ; 0       ;
;      - my_computer:U1|riscvsingle:rvsingle|datapath:dp|regfile:rf|rf~394  ; 0                 ; 0       ;
;      - my_computer:U1|riscvsingle:rvsingle|datapath:dp|regfile:rf|rf~490  ; 0                 ; 0       ;
;      - my_computer:U1|riscvsingle:rvsingle|datapath:dp|regfile:rf|rf~298  ; 0                 ; 0       ;
;      - my_computer:U1|riscvsingle:rvsingle|datapath:dp|regfile:rf|rf~330  ; 0                 ; 0       ;
;      - my_computer:U1|riscvsingle:rvsingle|datapath:dp|regfile:rf|rf~266  ; 0                 ; 0       ;
;      - my_computer:U1|riscvsingle:rvsingle|datapath:dp|regfile:rf|rf~362  ; 0                 ; 0       ;
;      - my_computer:U1|riscvsingle:rvsingle|datapath:dp|regfile:rf|rf~169  ; 0                 ; 0       ;
;      - my_computer:U1|riscvsingle:rvsingle|datapath:dp|regfile:rf|rf~201  ; 0                 ; 0       ;
;      - my_computer:U1|riscvsingle:rvsingle|datapath:dp|regfile:rf|rf~137  ; 0                 ; 0       ;
;      - my_computer:U1|riscvsingle:rvsingle|datapath:dp|regfile:rf|rf~233  ; 0                 ; 0       ;
;      - my_computer:U1|riscvsingle:rvsingle|datapath:dp|regfile:rf|rf~73   ; 0                 ; 0       ;
;      - my_computer:U1|riscvsingle:rvsingle|datapath:dp|regfile:rf|rf~41   ; 0                 ; 0       ;
;      - my_computer:U1|riscvsingle:rvsingle|datapath:dp|regfile:rf|rf~9    ; 0                 ; 0       ;
;      - my_computer:U1|riscvsingle:rvsingle|datapath:dp|regfile:rf|rf~105  ; 0                 ; 0       ;
;      - my_computer:U1|riscvsingle:rvsingle|datapath:dp|regfile:rf|rf~553  ; 0                 ; 0       ;
;      - my_computer:U1|riscvsingle:rvsingle|datapath:dp|regfile:rf|rf~937  ; 0                 ; 0       ;
;      - my_computer:U1|riscvsingle:rvsingle|datapath:dp|regfile:rf|rf~681  ; 0                 ; 0       ;
;      - my_computer:U1|riscvsingle:rvsingle|datapath:dp|regfile:rf|rf~809  ; 0                 ; 0       ;
;      - my_computer:U1|riscvsingle:rvsingle|datapath:dp|regfile:rf|rf~969  ; 0                 ; 0       ;
;      - my_computer:U1|riscvsingle:rvsingle|datapath:dp|regfile:rf|rf~585  ; 0                 ; 0       ;
;      - my_computer:U1|riscvsingle:rvsingle|datapath:dp|regfile:rf|rf~713  ; 0                 ; 0       ;
;      - my_computer:U1|riscvsingle:rvsingle|datapath:dp|regfile:rf|rf~841  ; 0                 ; 0       ;
;      - my_computer:U1|riscvsingle:rvsingle|datapath:dp|regfile:rf|rf~905  ; 0                 ; 0       ;
;      - my_computer:U1|riscvsingle:rvsingle|datapath:dp|regfile:rf|rf~521  ; 0                 ; 0       ;
;      - my_computer:U1|riscvsingle:rvsingle|datapath:dp|regfile:rf|rf~649  ; 0                 ; 0       ;
;      - my_computer:U1|riscvsingle:rvsingle|datapath:dp|regfile:rf|rf~777  ; 0                 ; 0       ;
;      - my_computer:U1|riscvsingle:rvsingle|datapath:dp|regfile:rf|rf~617  ; 0                 ; 0       ;
;      - my_computer:U1|riscvsingle:rvsingle|datapath:dp|regfile:rf|rf~1001 ; 0                 ; 0       ;
;      - my_computer:U1|riscvsingle:rvsingle|datapath:dp|regfile:rf|rf~745  ; 0                 ; 0       ;
;      - my_computer:U1|riscvsingle:rvsingle|datapath:dp|regfile:rf|rf~873  ; 0                 ; 0       ;
;      - my_computer:U1|riscvsingle:rvsingle|datapath:dp|regfile:rf|rf~425  ; 0                 ; 0       ;
;      - my_computer:U1|riscvsingle:rvsingle|datapath:dp|regfile:rf|rf~457  ; 0                 ; 0       ;
;      - my_computer:U1|riscvsingle:rvsingle|datapath:dp|regfile:rf|rf~393  ; 0                 ; 0       ;
;      - my_computer:U1|riscvsingle:rvsingle|datapath:dp|regfile:rf|rf~489  ; 0                 ; 0       ;
;      - my_computer:U1|riscvsingle:rvsingle|datapath:dp|regfile:rf|rf~329  ; 0                 ; 0       ;
;      - my_computer:U1|riscvsingle:rvsingle|datapath:dp|regfile:rf|rf~297  ; 0                 ; 0       ;
;      - my_computer:U1|riscvsingle:rvsingle|datapath:dp|regfile:rf|rf~265  ; 0                 ; 0       ;
;      - my_computer:U1|riscvsingle:rvsingle|datapath:dp|regfile:rf|rf~361  ; 0                 ; 0       ;
;      - my_computer:U1|riscvsingle:rvsingle|datapath:dp|regfile:rf|rf~168  ; 0                 ; 0       ;
;      - my_computer:U1|riscvsingle:rvsingle|datapath:dp|regfile:rf|rf~200  ; 0                 ; 0       ;
;      - my_computer:U1|riscvsingle:rvsingle|datapath:dp|regfile:rf|rf~136  ; 0                 ; 0       ;
;      - my_computer:U1|riscvsingle:rvsingle|datapath:dp|regfile:rf|rf~232  ; 0                 ; 0       ;
;      - my_computer:U1|riscvsingle:rvsingle|datapath:dp|regfile:rf|rf~72   ; 0                 ; 0       ;
;      - my_computer:U1|riscvsingle:rvsingle|datapath:dp|regfile:rf|rf~40   ; 0                 ; 0       ;
;      - my_computer:U1|riscvsingle:rvsingle|datapath:dp|regfile:rf|rf~8    ; 0                 ; 0       ;
;      - my_computer:U1|riscvsingle:rvsingle|datapath:dp|regfile:rf|rf~104  ; 0                 ; 0       ;
;      - my_computer:U1|riscvsingle:rvsingle|datapath:dp|regfile:rf|rf~584  ; 0                 ; 0       ;
;      - my_computer:U1|riscvsingle:rvsingle|datapath:dp|regfile:rf|rf~968  ; 0                 ; 0       ;
;      - my_computer:U1|riscvsingle:rvsingle|datapath:dp|regfile:rf|rf~712  ; 0                 ; 0       ;
;      - my_computer:U1|riscvsingle:rvsingle|datapath:dp|regfile:rf|rf~840  ; 0                 ; 0       ;
;      - my_computer:U1|riscvsingle:rvsingle|datapath:dp|regfile:rf|rf~936  ; 0                 ; 0       ;
;      - my_computer:U1|riscvsingle:rvsingle|datapath:dp|regfile:rf|rf~552  ; 0                 ; 0       ;
;      - my_computer:U1|riscvsingle:rvsingle|datapath:dp|regfile:rf|rf~680  ; 0                 ; 0       ;
;      - my_computer:U1|riscvsingle:rvsingle|datapath:dp|regfile:rf|rf~808  ; 0                 ; 0       ;
;      - my_computer:U1|riscvsingle:rvsingle|datapath:dp|regfile:rf|rf~520  ; 0                 ; 0       ;
;      - my_computer:U1|riscvsingle:rvsingle|datapath:dp|regfile:rf|rf~904  ; 0                 ; 0       ;
;      - my_computer:U1|riscvsingle:rvsingle|datapath:dp|regfile:rf|rf~648  ; 0                 ; 0       ;
;      - my_computer:U1|riscvsingle:rvsingle|datapath:dp|regfile:rf|rf~776  ; 0                 ; 0       ;
;      - my_computer:U1|riscvsingle:rvsingle|datapath:dp|regfile:rf|rf~1000 ; 0                 ; 0       ;
;      - my_computer:U1|riscvsingle:rvsingle|datapath:dp|regfile:rf|rf~616  ; 0                 ; 0       ;
;      - my_computer:U1|riscvsingle:rvsingle|datapath:dp|regfile:rf|rf~744  ; 0                 ; 0       ;
;      - my_computer:U1|riscvsingle:rvsingle|datapath:dp|regfile:rf|rf~872  ; 0                 ; 0       ;
;      - my_computer:U1|riscvsingle:rvsingle|datapath:dp|regfile:rf|rf~456  ; 0                 ; 0       ;
;      - my_computer:U1|riscvsingle:rvsingle|datapath:dp|regfile:rf|rf~424  ; 0                 ; 0       ;
;      - my_computer:U1|riscvsingle:rvsingle|datapath:dp|regfile:rf|rf~392  ; 0                 ; 0       ;
;      - my_computer:U1|riscvsingle:rvsingle|datapath:dp|regfile:rf|rf~488  ; 0                 ; 0       ;
;      - my_computer:U1|riscvsingle:rvsingle|datapath:dp|regfile:rf|rf~296  ; 0                 ; 0       ;
;      - my_computer:U1|riscvsingle:rvsingle|datapath:dp|regfile:rf|rf~328  ; 0                 ; 0       ;
;      - my_computer:U1|riscvsingle:rvsingle|datapath:dp|regfile:rf|rf~264  ; 0                 ; 0       ;
;      - my_computer:U1|riscvsingle:rvsingle|datapath:dp|regfile:rf|rf~360  ; 0                 ; 0       ;
;      - my_computer:U1|riscvsingle:rvsingle|datapath:dp|regfile:rf|rf~167  ; 0                 ; 0       ;
;      - my_computer:U1|riscvsingle:rvsingle|datapath:dp|regfile:rf|rf~199  ; 0                 ; 0       ;
;      - my_computer:U1|riscvsingle:rvsingle|datapath:dp|regfile:rf|rf~135  ; 0                 ; 0       ;
;      - my_computer:U1|riscvsingle:rvsingle|datapath:dp|regfile:rf|rf~231  ; 0                 ; 0       ;
;      - my_computer:U1|riscvsingle:rvsingle|datapath:dp|regfile:rf|rf~71   ; 0                 ; 0       ;
;      - my_computer:U1|riscvsingle:rvsingle|datapath:dp|regfile:rf|rf~39   ; 0                 ; 0       ;
;      - my_computer:U1|riscvsingle:rvsingle|datapath:dp|regfile:rf|rf~7    ; 0                 ; 0       ;
;      - my_computer:U1|riscvsingle:rvsingle|datapath:dp|regfile:rf|rf~103  ; 0                 ; 0       ;
;      - my_computer:U1|riscvsingle:rvsingle|datapath:dp|regfile:rf|rf~551  ; 0                 ; 0       ;
;      - my_computer:U1|riscvsingle:rvsingle|datapath:dp|regfile:rf|rf~935  ; 0                 ; 0       ;
;      - my_computer:U1|riscvsingle:rvsingle|datapath:dp|regfile:rf|rf~679  ; 0                 ; 0       ;
;      - my_computer:U1|riscvsingle:rvsingle|datapath:dp|regfile:rf|rf~807  ; 0                 ; 0       ;
;      - my_computer:U1|riscvsingle:rvsingle|datapath:dp|regfile:rf|rf~967  ; 0                 ; 0       ;
;      - my_computer:U1|riscvsingle:rvsingle|datapath:dp|regfile:rf|rf~583  ; 0                 ; 0       ;
;      - my_computer:U1|riscvsingle:rvsingle|datapath:dp|regfile:rf|rf~711  ; 0                 ; 0       ;
;      - my_computer:U1|riscvsingle:rvsingle|datapath:dp|regfile:rf|rf~839  ; 0                 ; 0       ;
;      - my_computer:U1|riscvsingle:rvsingle|datapath:dp|regfile:rf|rf~903  ; 0                 ; 0       ;
;      - my_computer:U1|riscvsingle:rvsingle|datapath:dp|regfile:rf|rf~519  ; 0                 ; 0       ;
;      - my_computer:U1|riscvsingle:rvsingle|datapath:dp|regfile:rf|rf~647  ; 0                 ; 0       ;
;      - my_computer:U1|riscvsingle:rvsingle|datapath:dp|regfile:rf|rf~775  ; 0                 ; 0       ;
;      - my_computer:U1|riscvsingle:rvsingle|datapath:dp|regfile:rf|rf~615  ; 0                 ; 0       ;
;      - my_computer:U1|riscvsingle:rvsingle|datapath:dp|regfile:rf|rf~999  ; 0                 ; 0       ;
;      - my_computer:U1|riscvsingle:rvsingle|datapath:dp|regfile:rf|rf~743  ; 0                 ; 0       ;
;      - my_computer:U1|riscvsingle:rvsingle|datapath:dp|regfile:rf|rf~871  ; 0                 ; 0       ;
;      - my_computer:U1|riscvsingle:rvsingle|datapath:dp|regfile:rf|rf~423  ; 0                 ; 0       ;
;      - my_computer:U1|riscvsingle:rvsingle|datapath:dp|regfile:rf|rf~455  ; 0                 ; 0       ;
;      - my_computer:U1|riscvsingle:rvsingle|datapath:dp|regfile:rf|rf~391  ; 0                 ; 0       ;
;      - my_computer:U1|riscvsingle:rvsingle|datapath:dp|regfile:rf|rf~487  ; 0                 ; 0       ;
;      - my_computer:U1|riscvsingle:rvsingle|datapath:dp|regfile:rf|rf~327  ; 0                 ; 0       ;
;      - my_computer:U1|riscvsingle:rvsingle|datapath:dp|regfile:rf|rf~295  ; 0                 ; 0       ;
;      - my_computer:U1|riscvsingle:rvsingle|datapath:dp|regfile:rf|rf~263  ; 0                 ; 0       ;
;      - my_computer:U1|riscvsingle:rvsingle|datapath:dp|regfile:rf|rf~359  ; 0                 ; 0       ;
;      - my_computer:U1|riscvsingle:rvsingle|datapath:dp|regfile:rf|rf~166  ; 0                 ; 0       ;
;      - my_computer:U1|riscvsingle:rvsingle|datapath:dp|regfile:rf|rf~198  ; 0                 ; 0       ;
;      - my_computer:U1|riscvsingle:rvsingle|datapath:dp|regfile:rf|rf~134  ; 0                 ; 0       ;
;      - my_computer:U1|riscvsingle:rvsingle|datapath:dp|regfile:rf|rf~230  ; 0                 ; 0       ;
;      - my_computer:U1|riscvsingle:rvsingle|datapath:dp|regfile:rf|rf~70   ; 0                 ; 0       ;
;      - my_computer:U1|riscvsingle:rvsingle|datapath:dp|regfile:rf|rf~38   ; 0                 ; 0       ;
;      - my_computer:U1|riscvsingle:rvsingle|datapath:dp|regfile:rf|rf~6    ; 0                 ; 0       ;
;      - my_computer:U1|riscvsingle:rvsingle|datapath:dp|regfile:rf|rf~102  ; 0                 ; 0       ;
;      - my_computer:U1|riscvsingle:rvsingle|datapath:dp|regfile:rf|rf~582  ; 0                 ; 0       ;
;      - my_computer:U1|riscvsingle:rvsingle|datapath:dp|regfile:rf|rf~966  ; 0                 ; 0       ;
;      - my_computer:U1|riscvsingle:rvsingle|datapath:dp|regfile:rf|rf~710  ; 0                 ; 0       ;
;      - my_computer:U1|riscvsingle:rvsingle|datapath:dp|regfile:rf|rf~838  ; 0                 ; 0       ;
;      - my_computer:U1|riscvsingle:rvsingle|datapath:dp|regfile:rf|rf~934  ; 0                 ; 0       ;
;      - my_computer:U1|riscvsingle:rvsingle|datapath:dp|regfile:rf|rf~550  ; 0                 ; 0       ;
;      - my_computer:U1|riscvsingle:rvsingle|datapath:dp|regfile:rf|rf~678  ; 0                 ; 0       ;
;      - my_computer:U1|riscvsingle:rvsingle|datapath:dp|regfile:rf|rf~806  ; 0                 ; 0       ;
;      - my_computer:U1|riscvsingle:rvsingle|datapath:dp|regfile:rf|rf~518  ; 0                 ; 0       ;
;      - my_computer:U1|riscvsingle:rvsingle|datapath:dp|regfile:rf|rf~902  ; 0                 ; 0       ;
;      - my_computer:U1|riscvsingle:rvsingle|datapath:dp|regfile:rf|rf~646  ; 0                 ; 0       ;
;      - my_computer:U1|riscvsingle:rvsingle|datapath:dp|regfile:rf|rf~774  ; 0                 ; 0       ;
;      - my_computer:U1|riscvsingle:rvsingle|datapath:dp|regfile:rf|rf~998  ; 0                 ; 0       ;
;      - my_computer:U1|riscvsingle:rvsingle|datapath:dp|regfile:rf|rf~614  ; 0                 ; 0       ;
;      - my_computer:U1|riscvsingle:rvsingle|datapath:dp|regfile:rf|rf~742  ; 0                 ; 0       ;
;      - my_computer:U1|riscvsingle:rvsingle|datapath:dp|regfile:rf|rf~870  ; 0                 ; 0       ;
;      - my_computer:U1|riscvsingle:rvsingle|datapath:dp|regfile:rf|rf~454  ; 0                 ; 0       ;
;      - my_computer:U1|riscvsingle:rvsingle|datapath:dp|regfile:rf|rf~422  ; 0                 ; 0       ;
;      - my_computer:U1|riscvsingle:rvsingle|datapath:dp|regfile:rf|rf~390  ; 0                 ; 0       ;
;      - my_computer:U1|riscvsingle:rvsingle|datapath:dp|regfile:rf|rf~486  ; 0                 ; 0       ;
;      - my_computer:U1|riscvsingle:rvsingle|datapath:dp|regfile:rf|rf~294  ; 0                 ; 0       ;
;      - my_computer:U1|riscvsingle:rvsingle|datapath:dp|regfile:rf|rf~326  ; 0                 ; 0       ;
;      - my_computer:U1|riscvsingle:rvsingle|datapath:dp|regfile:rf|rf~262  ; 0                 ; 0       ;
;      - my_computer:U1|riscvsingle:rvsingle|datapath:dp|regfile:rf|rf~358  ; 0                 ; 0       ;
;      - my_computer:U1|riscvsingle:rvsingle|datapath:dp|regfile:rf|rf~187  ; 0                 ; 0       ;
;      - my_computer:U1|riscvsingle:rvsingle|datapath:dp|regfile:rf|rf~219  ; 0                 ; 0       ;
;      - my_computer:U1|riscvsingle:rvsingle|datapath:dp|regfile:rf|rf~155  ; 0                 ; 0       ;
;      - my_computer:U1|riscvsingle:rvsingle|datapath:dp|regfile:rf|rf~251  ; 0                 ; 0       ;
;      - my_computer:U1|riscvsingle:rvsingle|datapath:dp|regfile:rf|rf~91   ; 0                 ; 0       ;
;      - my_computer:U1|riscvsingle:rvsingle|datapath:dp|regfile:rf|rf~59   ; 0                 ; 0       ;
;      - my_computer:U1|riscvsingle:rvsingle|datapath:dp|regfile:rf|rf~27   ; 0                 ; 0       ;
;      - my_computer:U1|riscvsingle:rvsingle|datapath:dp|regfile:rf|rf~123  ; 0                 ; 0       ;
;      - my_computer:U1|riscvsingle:rvsingle|datapath:dp|regfile:rf|rf~571  ; 0                 ; 0       ;
;      - my_computer:U1|riscvsingle:rvsingle|datapath:dp|regfile:rf|rf~955  ; 0                 ; 0       ;
;      - my_computer:U1|riscvsingle:rvsingle|datapath:dp|regfile:rf|rf~699  ; 0                 ; 0       ;
;      - my_computer:U1|riscvsingle:rvsingle|datapath:dp|regfile:rf|rf~827  ; 0                 ; 0       ;
;      - my_computer:U1|riscvsingle:rvsingle|datapath:dp|regfile:rf|rf~987  ; 0                 ; 0       ;
;      - my_computer:U1|riscvsingle:rvsingle|datapath:dp|regfile:rf|rf~603  ; 0                 ; 0       ;
;      - my_computer:U1|riscvsingle:rvsingle|datapath:dp|regfile:rf|rf~731  ; 0                 ; 0       ;
;      - my_computer:U1|riscvsingle:rvsingle|datapath:dp|regfile:rf|rf~859  ; 0                 ; 0       ;
;      - my_computer:U1|riscvsingle:rvsingle|datapath:dp|regfile:rf|rf~923  ; 0                 ; 0       ;
;      - my_computer:U1|riscvsingle:rvsingle|datapath:dp|regfile:rf|rf~539  ; 0                 ; 0       ;
;      - my_computer:U1|riscvsingle:rvsingle|datapath:dp|regfile:rf|rf~667  ; 0                 ; 0       ;
;      - my_computer:U1|riscvsingle:rvsingle|datapath:dp|regfile:rf|rf~795  ; 0                 ; 0       ;
;      - my_computer:U1|riscvsingle:rvsingle|datapath:dp|regfile:rf|rf~635  ; 0                 ; 0       ;
;      - my_computer:U1|riscvsingle:rvsingle|datapath:dp|regfile:rf|rf~1019 ; 0                 ; 0       ;
;      - my_computer:U1|riscvsingle:rvsingle|datapath:dp|regfile:rf|rf~763  ; 0                 ; 0       ;
;      - my_computer:U1|riscvsingle:rvsingle|datapath:dp|regfile:rf|rf~891  ; 0                 ; 0       ;
;      - my_computer:U1|riscvsingle:rvsingle|datapath:dp|regfile:rf|rf~443  ; 0                 ; 0       ;
;      - my_computer:U1|riscvsingle:rvsingle|datapath:dp|regfile:rf|rf~475  ; 0                 ; 0       ;
;      - my_computer:U1|riscvsingle:rvsingle|datapath:dp|regfile:rf|rf~411  ; 0                 ; 0       ;
;      - my_computer:U1|riscvsingle:rvsingle|datapath:dp|regfile:rf|rf~507  ; 0                 ; 0       ;
;      - my_computer:U1|riscvsingle:rvsingle|datapath:dp|regfile:rf|rf~347  ; 0                 ; 0       ;
;      - my_computer:U1|riscvsingle:rvsingle|datapath:dp|regfile:rf|rf~315  ; 0                 ; 0       ;
;      - my_computer:U1|riscvsingle:rvsingle|datapath:dp|regfile:rf|rf~283  ; 0                 ; 0       ;
;      - my_computer:U1|riscvsingle:rvsingle|datapath:dp|regfile:rf|rf~379  ; 0                 ; 0       ;
;      - my_computer:U1|riscvsingle:rvsingle|datapath:dp|regfile:rf|rf~575  ; 0                 ; 0       ;
;      - my_computer:U1|riscvsingle:rvsingle|datapath:dp|regfile:rf|rf~959  ; 0                 ; 0       ;
;      - my_computer:U1|riscvsingle:rvsingle|datapath:dp|regfile:rf|rf~703  ; 0                 ; 0       ;
;      - my_computer:U1|riscvsingle:rvsingle|datapath:dp|regfile:rf|rf~831  ; 0                 ; 0       ;
;      - my_computer:U1|riscvsingle:rvsingle|datapath:dp|regfile:rf|rf~991  ; 0                 ; 0       ;
;      - my_computer:U1|riscvsingle:rvsingle|datapath:dp|regfile:rf|rf~607  ; 0                 ; 0       ;
;      - my_computer:U1|riscvsingle:rvsingle|datapath:dp|regfile:rf|rf~735  ; 0                 ; 0       ;
;      - my_computer:U1|riscvsingle:rvsingle|datapath:dp|regfile:rf|rf~863  ; 0                 ; 0       ;
;      - my_computer:U1|riscvsingle:rvsingle|datapath:dp|regfile:rf|rf~927  ; 0                 ; 0       ;
;      - my_computer:U1|riscvsingle:rvsingle|datapath:dp|regfile:rf|rf~543  ; 0                 ; 0       ;
;      - my_computer:U1|riscvsingle:rvsingle|datapath:dp|regfile:rf|rf~671  ; 0                 ; 0       ;
;      - my_computer:U1|riscvsingle:rvsingle|datapath:dp|regfile:rf|rf~799  ; 0                 ; 0       ;
;      - my_computer:U1|riscvsingle:rvsingle|datapath:dp|regfile:rf|rf~639  ; 0                 ; 0       ;
;      - my_computer:U1|riscvsingle:rvsingle|datapath:dp|regfile:rf|rf~1023 ; 0                 ; 0       ;
;      - my_computer:U1|riscvsingle:rvsingle|datapath:dp|regfile:rf|rf~767  ; 0                 ; 0       ;
;      - my_computer:U1|riscvsingle:rvsingle|datapath:dp|regfile:rf|rf~895  ; 0                 ; 0       ;
;      - my_computer:U1|riscvsingle:rvsingle|datapath:dp|regfile:rf|rf~95   ; 0                 ; 0       ;
;      - my_computer:U1|riscvsingle:rvsingle|datapath:dp|regfile:rf|rf~63   ; 0                 ; 0       ;
;      - my_computer:U1|riscvsingle:rvsingle|datapath:dp|regfile:rf|rf~31   ; 0                 ; 0       ;
;      - my_computer:U1|riscvsingle:rvsingle|datapath:dp|regfile:rf|rf~127  ; 0                 ; 0       ;
;      - my_computer:U1|riscvsingle:rvsingle|datapath:dp|regfile:rf|rf~447  ; 0                 ; 0       ;
;      - my_computer:U1|riscvsingle:rvsingle|datapath:dp|regfile:rf|rf~479  ; 0                 ; 0       ;
;      - my_computer:U1|riscvsingle:rvsingle|datapath:dp|regfile:rf|rf~415  ; 0                 ; 0       ;
;      - my_computer:U1|riscvsingle:rvsingle|datapath:dp|regfile:rf|rf~511  ; 0                 ; 0       ;
;      - my_computer:U1|riscvsingle:rvsingle|datapath:dp|regfile:rf|rf~191  ; 0                 ; 0       ;
;      - my_computer:U1|riscvsingle:rvsingle|datapath:dp|regfile:rf|rf~223  ; 0                 ; 0       ;
;      - my_computer:U1|riscvsingle:rvsingle|datapath:dp|regfile:rf|rf~159  ; 0                 ; 0       ;
;      - my_computer:U1|riscvsingle:rvsingle|datapath:dp|regfile:rf|rf~255  ; 0                 ; 0       ;
;      - my_computer:U1|riscvsingle:rvsingle|datapath:dp|regfile:rf|rf~351  ; 0                 ; 0       ;
;      - my_computer:U1|riscvsingle:rvsingle|datapath:dp|regfile:rf|rf~319  ; 0                 ; 0       ;
;      - my_computer:U1|riscvsingle:rvsingle|datapath:dp|regfile:rf|rf~287  ; 0                 ; 0       ;
;      - my_computer:U1|riscvsingle:rvsingle|datapath:dp|regfile:rf|rf~383  ; 0                 ; 0       ;
;      - my_computer:U1|riscvsingle:rvsingle|datapath:dp|regfile:rf|rf~190  ; 0                 ; 0       ;
;      - my_computer:U1|riscvsingle:rvsingle|datapath:dp|regfile:rf|rf~222  ; 0                 ; 0       ;
;      - my_computer:U1|riscvsingle:rvsingle|datapath:dp|regfile:rf|rf~158  ; 0                 ; 0       ;
;      - my_computer:U1|riscvsingle:rvsingle|datapath:dp|regfile:rf|rf~254  ; 0                 ; 0       ;
;      - my_computer:U1|riscvsingle:rvsingle|datapath:dp|regfile:rf|rf~94   ; 0                 ; 0       ;
;      - my_computer:U1|riscvsingle:rvsingle|datapath:dp|regfile:rf|rf~62   ; 0                 ; 0       ;
;      - my_computer:U1|riscvsingle:rvsingle|datapath:dp|regfile:rf|rf~30   ; 0                 ; 0       ;
;      - my_computer:U1|riscvsingle:rvsingle|datapath:dp|regfile:rf|rf~126  ; 0                 ; 0       ;
;      - my_computer:U1|riscvsingle:rvsingle|datapath:dp|regfile:rf|rf~606  ; 0                 ; 0       ;
;      - my_computer:U1|riscvsingle:rvsingle|datapath:dp|regfile:rf|rf~990  ; 0                 ; 0       ;
;      - my_computer:U1|riscvsingle:rvsingle|datapath:dp|regfile:rf|rf~734  ; 0                 ; 0       ;
;      - my_computer:U1|riscvsingle:rvsingle|datapath:dp|regfile:rf|rf~862  ; 0                 ; 0       ;
;      - my_computer:U1|riscvsingle:rvsingle|datapath:dp|regfile:rf|rf~958  ; 0                 ; 0       ;
;      - my_computer:U1|riscvsingle:rvsingle|datapath:dp|regfile:rf|rf~574  ; 0                 ; 0       ;
;      - my_computer:U1|riscvsingle:rvsingle|datapath:dp|regfile:rf|rf~702  ; 0                 ; 0       ;
;      - my_computer:U1|riscvsingle:rvsingle|datapath:dp|regfile:rf|rf~830  ; 0                 ; 0       ;
;      - my_computer:U1|riscvsingle:rvsingle|datapath:dp|regfile:rf|rf~542  ; 0                 ; 0       ;
;      - my_computer:U1|riscvsingle:rvsingle|datapath:dp|regfile:rf|rf~926  ; 0                 ; 0       ;
;      - my_computer:U1|riscvsingle:rvsingle|datapath:dp|regfile:rf|rf~670  ; 0                 ; 0       ;
;      - my_computer:U1|riscvsingle:rvsingle|datapath:dp|regfile:rf|rf~798  ; 0                 ; 0       ;
;      - my_computer:U1|riscvsingle:rvsingle|datapath:dp|regfile:rf|rf~1022 ; 0                 ; 0       ;
;      - my_computer:U1|riscvsingle:rvsingle|datapath:dp|regfile:rf|rf~638  ; 0                 ; 0       ;
;      - my_computer:U1|riscvsingle:rvsingle|datapath:dp|regfile:rf|rf~766  ; 0                 ; 0       ;
;      - my_computer:U1|riscvsingle:rvsingle|datapath:dp|regfile:rf|rf~894  ; 0                 ; 0       ;
;      - my_computer:U1|riscvsingle:rvsingle|datapath:dp|regfile:rf|rf~478  ; 0                 ; 0       ;
;      - my_computer:U1|riscvsingle:rvsingle|datapath:dp|regfile:rf|rf~446  ; 0                 ; 0       ;
;      - my_computer:U1|riscvsingle:rvsingle|datapath:dp|regfile:rf|rf~414  ; 0                 ; 0       ;
;      - my_computer:U1|riscvsingle:rvsingle|datapath:dp|regfile:rf|rf~510  ; 0                 ; 0       ;
;      - my_computer:U1|riscvsingle:rvsingle|datapath:dp|regfile:rf|rf~318  ; 0                 ; 0       ;
;      - my_computer:U1|riscvsingle:rvsingle|datapath:dp|regfile:rf|rf~350  ; 0                 ; 0       ;
;      - my_computer:U1|riscvsingle:rvsingle|datapath:dp|regfile:rf|rf~286  ; 0                 ; 0       ;
;      - my_computer:U1|riscvsingle:rvsingle|datapath:dp|regfile:rf|rf~382  ; 0                 ; 0       ;
;      - my_computer:U1|riscvsingle:rvsingle|datapath:dp|regfile:rf|rf~189  ; 0                 ; 0       ;
;      - my_computer:U1|riscvsingle:rvsingle|datapath:dp|regfile:rf|rf~221  ; 0                 ; 0       ;
;      - my_computer:U1|riscvsingle:rvsingle|datapath:dp|regfile:rf|rf~157  ; 0                 ; 0       ;
;      - my_computer:U1|riscvsingle:rvsingle|datapath:dp|regfile:rf|rf~253  ; 0                 ; 0       ;
;      - my_computer:U1|riscvsingle:rvsingle|datapath:dp|regfile:rf|rf~93   ; 0                 ; 0       ;
;      - my_computer:U1|riscvsingle:rvsingle|datapath:dp|regfile:rf|rf~61   ; 0                 ; 0       ;
;      - my_computer:U1|riscvsingle:rvsingle|datapath:dp|regfile:rf|rf~29   ; 0                 ; 0       ;
;      - my_computer:U1|riscvsingle:rvsingle|datapath:dp|regfile:rf|rf~125  ; 0                 ; 0       ;
;      - my_computer:U1|riscvsingle:rvsingle|datapath:dp|regfile:rf|rf~573  ; 0                 ; 0       ;
;      - my_computer:U1|riscvsingle:rvsingle|datapath:dp|regfile:rf|rf~957  ; 0                 ; 0       ;
;      - my_computer:U1|riscvsingle:rvsingle|datapath:dp|regfile:rf|rf~701  ; 0                 ; 0       ;
;      - my_computer:U1|riscvsingle:rvsingle|datapath:dp|regfile:rf|rf~829  ; 0                 ; 0       ;
;      - my_computer:U1|riscvsingle:rvsingle|datapath:dp|regfile:rf|rf~989  ; 0                 ; 0       ;
;      - my_computer:U1|riscvsingle:rvsingle|datapath:dp|regfile:rf|rf~605  ; 0                 ; 0       ;
;      - my_computer:U1|riscvsingle:rvsingle|datapath:dp|regfile:rf|rf~733  ; 0                 ; 0       ;
;      - my_computer:U1|riscvsingle:rvsingle|datapath:dp|regfile:rf|rf~861  ; 0                 ; 0       ;
;      - my_computer:U1|riscvsingle:rvsingle|datapath:dp|regfile:rf|rf~925  ; 0                 ; 0       ;
;      - my_computer:U1|riscvsingle:rvsingle|datapath:dp|regfile:rf|rf~541  ; 0                 ; 0       ;
;      - my_computer:U1|riscvsingle:rvsingle|datapath:dp|regfile:rf|rf~669  ; 0                 ; 0       ;
;      - my_computer:U1|riscvsingle:rvsingle|datapath:dp|regfile:rf|rf~797  ; 0                 ; 0       ;
;      - my_computer:U1|riscvsingle:rvsingle|datapath:dp|regfile:rf|rf~637  ; 0                 ; 0       ;
;      - my_computer:U1|riscvsingle:rvsingle|datapath:dp|regfile:rf|rf~1021 ; 0                 ; 0       ;
;      - my_computer:U1|riscvsingle:rvsingle|datapath:dp|regfile:rf|rf~765  ; 0                 ; 0       ;
;      - my_computer:U1|riscvsingle:rvsingle|datapath:dp|regfile:rf|rf~893  ; 0                 ; 0       ;
;      - my_computer:U1|riscvsingle:rvsingle|datapath:dp|regfile:rf|rf~445  ; 0                 ; 0       ;
;      - my_computer:U1|riscvsingle:rvsingle|datapath:dp|regfile:rf|rf~477  ; 0                 ; 0       ;
;      - my_computer:U1|riscvsingle:rvsingle|datapath:dp|regfile:rf|rf~413  ; 0                 ; 0       ;
;      - my_computer:U1|riscvsingle:rvsingle|datapath:dp|regfile:rf|rf~509  ; 0                 ; 0       ;
;      - my_computer:U1|riscvsingle:rvsingle|datapath:dp|regfile:rf|rf~349  ; 0                 ; 0       ;
;      - my_computer:U1|riscvsingle:rvsingle|datapath:dp|regfile:rf|rf~317  ; 0                 ; 0       ;
;      - my_computer:U1|riscvsingle:rvsingle|datapath:dp|regfile:rf|rf~285  ; 0                 ; 0       ;
;      - my_computer:U1|riscvsingle:rvsingle|datapath:dp|regfile:rf|rf~381  ; 0                 ; 0       ;
;      - my_computer:U1|riscvsingle:rvsingle|datapath:dp|regfile:rf|rf~188  ; 0                 ; 0       ;
;      - my_computer:U1|riscvsingle:rvsingle|datapath:dp|regfile:rf|rf~220  ; 0                 ; 0       ;
;      - my_computer:U1|riscvsingle:rvsingle|datapath:dp|regfile:rf|rf~156  ; 0                 ; 0       ;
;      - my_computer:U1|riscvsingle:rvsingle|datapath:dp|regfile:rf|rf~252  ; 0                 ; 0       ;
;      - my_computer:U1|riscvsingle:rvsingle|datapath:dp|regfile:rf|rf~92   ; 0                 ; 0       ;
;      - my_computer:U1|riscvsingle:rvsingle|datapath:dp|regfile:rf|rf~60   ; 0                 ; 0       ;
;      - my_computer:U1|riscvsingle:rvsingle|datapath:dp|regfile:rf|rf~28   ; 0                 ; 0       ;
;      - my_computer:U1|riscvsingle:rvsingle|datapath:dp|regfile:rf|rf~124  ; 0                 ; 0       ;
;      - my_computer:U1|riscvsingle:rvsingle|datapath:dp|regfile:rf|rf~604  ; 0                 ; 0       ;
;      - my_computer:U1|riscvsingle:rvsingle|datapath:dp|regfile:rf|rf~988  ; 0                 ; 0       ;
;      - my_computer:U1|riscvsingle:rvsingle|datapath:dp|regfile:rf|rf~732  ; 0                 ; 0       ;
;      - my_computer:U1|riscvsingle:rvsingle|datapath:dp|regfile:rf|rf~860  ; 0                 ; 0       ;
;      - my_computer:U1|riscvsingle:rvsingle|datapath:dp|regfile:rf|rf~956  ; 0                 ; 0       ;
;      - my_computer:U1|riscvsingle:rvsingle|datapath:dp|regfile:rf|rf~572  ; 0                 ; 0       ;
;      - my_computer:U1|riscvsingle:rvsingle|datapath:dp|regfile:rf|rf~700  ; 0                 ; 0       ;
;      - my_computer:U1|riscvsingle:rvsingle|datapath:dp|regfile:rf|rf~828  ; 0                 ; 0       ;
;      - my_computer:U1|riscvsingle:rvsingle|datapath:dp|regfile:rf|rf~540  ; 0                 ; 0       ;
;      - my_computer:U1|riscvsingle:rvsingle|datapath:dp|regfile:rf|rf~924  ; 0                 ; 0       ;
;      - my_computer:U1|riscvsingle:rvsingle|datapath:dp|regfile:rf|rf~668  ; 0                 ; 0       ;
;      - my_computer:U1|riscvsingle:rvsingle|datapath:dp|regfile:rf|rf~796  ; 0                 ; 0       ;
;      - my_computer:U1|riscvsingle:rvsingle|datapath:dp|regfile:rf|rf~1020 ; 0                 ; 0       ;
;      - my_computer:U1|riscvsingle:rvsingle|datapath:dp|regfile:rf|rf~636  ; 0                 ; 0       ;
;      - my_computer:U1|riscvsingle:rvsingle|datapath:dp|regfile:rf|rf~764  ; 0                 ; 0       ;
;      - my_computer:U1|riscvsingle:rvsingle|datapath:dp|regfile:rf|rf~892  ; 0                 ; 0       ;
;      - my_computer:U1|riscvsingle:rvsingle|datapath:dp|regfile:rf|rf~476  ; 0                 ; 0       ;
;      - my_computer:U1|riscvsingle:rvsingle|datapath:dp|regfile:rf|rf~444  ; 0                 ; 0       ;
;      - my_computer:U1|riscvsingle:rvsingle|datapath:dp|regfile:rf|rf~412  ; 0                 ; 0       ;
;      - my_computer:U1|riscvsingle:rvsingle|datapath:dp|regfile:rf|rf~508  ; 0                 ; 0       ;
;      - my_computer:U1|riscvsingle:rvsingle|datapath:dp|regfile:rf|rf~316  ; 0                 ; 0       ;
;      - my_computer:U1|riscvsingle:rvsingle|datapath:dp|regfile:rf|rf~348  ; 0                 ; 0       ;
;      - my_computer:U1|riscvsingle:rvsingle|datapath:dp|regfile:rf|rf~284  ; 0                 ; 0       ;
;      - my_computer:U1|riscvsingle:rvsingle|datapath:dp|regfile:rf|rf~380  ; 0                 ; 0       ;
;      - my_computer:U1|dmem:dmem|RAM~730                                   ; 0                 ; 0       ;
;      - my_computer:U1|dmem:dmem|RAM~1242                                  ; 0                 ; 0       ;
;      - my_computer:U1|dmem:dmem|RAM~218                                   ; 0                 ; 0       ;
;      - my_computer:U1|dmem:dmem|RAM~1754                                  ; 0                 ; 0       ;
;      - my_computer:U1|dmem:dmem|RAM~1370                                  ; 0                 ; 0       ;
;      - my_computer:U1|dmem:dmem|RAM~858                                   ; 0                 ; 0       ;
;      - my_computer:U1|dmem:dmem|RAM~346                                   ; 0                 ; 0       ;
;      - my_computer:U1|dmem:dmem|RAM~1882                                  ; 0                 ; 0       ;
;      - my_computer:U1|dmem:dmem|RAM~1114                                  ; 0                 ; 0       ;
;      - my_computer:U1|dmem:dmem|RAM~602                                   ; 0                 ; 0       ;
;      - my_computer:U1|dmem:dmem|RAM~90                                    ; 0                 ; 0       ;
;      - my_computer:U1|dmem:dmem|RAM~1626                                  ; 0                 ; 0       ;
;      - my_computer:U1|dmem:dmem|RAM~986                                   ; 0                 ; 0       ;
;      - my_computer:U1|dmem:dmem|RAM~1498                                  ; 0                 ; 0       ;
;      - my_computer:U1|dmem:dmem|RAM~474                                   ; 0                 ; 0       ;
;      - my_computer:U1|dmem:dmem|RAM~2010                                  ; 0                 ; 0       ;
;      - my_computer:U1|dmem:dmem|RAM~1338                                  ; 0                 ; 0       ;
;      - my_computer:U1|dmem:dmem|RAM~826                                   ; 0                 ; 0       ;
;      - my_computer:U1|dmem:dmem|RAM~314                                   ; 0                 ; 0       ;
;      - my_computer:U1|dmem:dmem|RAM~1850                                  ; 0                 ; 0       ;
;      - my_computer:U1|dmem:dmem|RAM~698                                   ; 0                 ; 0       ;
;      - my_computer:U1|dmem:dmem|RAM~1210                                  ; 0                 ; 0       ;
;      - my_computer:U1|dmem:dmem|RAM~186                                   ; 0                 ; 0       ;
;      - my_computer:U1|dmem:dmem|RAM~1722                                  ; 0                 ; 0       ;
;      - my_computer:U1|dmem:dmem|RAM~1082                                  ; 0                 ; 0       ;
;      - my_computer:U1|dmem:dmem|RAM~570                                   ; 0                 ; 0       ;
;      - my_computer:U1|dmem:dmem|RAM~58                                    ; 0                 ; 0       ;
;      - my_computer:U1|dmem:dmem|RAM~1594                                  ; 0                 ; 0       ;
;      - my_computer:U1|dmem:dmem|RAM~954                                   ; 0                 ; 0       ;
;      - my_computer:U1|dmem:dmem|RAM~1466                                  ; 0                 ; 0       ;
;      - my_computer:U1|dmem:dmem|RAM~442                                   ; 0                 ; 0       ;
;      - my_computer:U1|dmem:dmem|RAM~1978                                  ; 0                 ; 0       ;
;      - my_computer:U1|dmem:dmem|RAM~666                                   ; 0                 ; 0       ;
;      - my_computer:U1|dmem:dmem|RAM~1178                                  ; 0                 ; 0       ;
;      - my_computer:U1|dmem:dmem|RAM~154                                   ; 0                 ; 0       ;
;      - my_computer:U1|dmem:dmem|RAM~1690                                  ; 0                 ; 0       ;
;      - my_computer:U1|dmem:dmem|RAM~1306                                  ; 0                 ; 0       ;
;      - my_computer:U1|dmem:dmem|RAM~794                                   ; 0                 ; 0       ;
;      - my_computer:U1|dmem:dmem|RAM~282                                   ; 0                 ; 0       ;
;      - my_computer:U1|dmem:dmem|RAM~1818                                  ; 0                 ; 0       ;
;      - my_computer:U1|dmem:dmem|RAM~1050                                  ; 0                 ; 0       ;
;      - my_computer:U1|dmem:dmem|RAM~538                                   ; 0                 ; 0       ;
;      - my_computer:U1|dmem:dmem|RAM~26                                    ; 0                 ; 0       ;
;      - my_computer:U1|dmem:dmem|RAM~1562                                  ; 0                 ; 0       ;
;      - my_computer:U1|dmem:dmem|RAM~922                                   ; 0                 ; 0       ;
;      - my_computer:U1|dmem:dmem|RAM~1434                                  ; 0                 ; 0       ;
;      - my_computer:U1|dmem:dmem|RAM~410                                   ; 0                 ; 0       ;
;      - my_computer:U1|dmem:dmem|RAM~1946                                  ; 0                 ; 0       ;
;      - my_computer:U1|dmem:dmem|RAM~1402                                  ; 0                 ; 0       ;
;      - my_computer:U1|dmem:dmem|RAM~890                                   ; 0                 ; 0       ;
;      - my_computer:U1|dmem:dmem|RAM~378                                   ; 0                 ; 0       ;
;      - my_computer:U1|dmem:dmem|RAM~1914                                  ; 0                 ; 0       ;
;      - my_computer:U1|dmem:dmem|RAM~762                                   ; 0                 ; 0       ;
;      - my_computer:U1|dmem:dmem|RAM~1274                                  ; 0                 ; 0       ;
;      - my_computer:U1|dmem:dmem|RAM~250                                   ; 0                 ; 0       ;
;      - my_computer:U1|dmem:dmem|RAM~1786                                  ; 0                 ; 0       ;
;      - my_computer:U1|dmem:dmem|RAM~1146                                  ; 0                 ; 0       ;
;      - my_computer:U1|dmem:dmem|RAM~634                                   ; 0                 ; 0       ;
;      - my_computer:U1|dmem:dmem|RAM~122                                   ; 0                 ; 0       ;
;      - my_computer:U1|dmem:dmem|RAM~1658                                  ; 0                 ; 0       ;
;      - my_computer:U1|dmem:dmem|RAM~1018                                  ; 0                 ; 0       ;
;      - my_computer:U1|dmem:dmem|RAM~1530                                  ; 0                 ; 0       ;
;      - my_computer:U1|dmem:dmem|RAM~506                                   ; 0                 ; 0       ;
;      - my_computer:U1|dmem:dmem|RAM~2042                                  ; 0                 ; 0       ;
;      - my_computer:U1|riscvsingle:rvsingle|datapath:dp|flopr:pcreg|q[26]  ; 0                 ; 0       ;
;      - my_computer:U1|riscvsingle:rvsingle|datapath:dp|flopr:pcreg|q[25]  ; 0                 ; 0       ;
;      - my_computer:U1|riscvsingle:rvsingle|datapath:dp|flopr:pcreg|q[24]  ; 0                 ; 0       ;
;      - my_computer:U1|riscvsingle:rvsingle|datapath:dp|flopr:pcreg|q[23]  ; 0                 ; 0       ;
;      - my_computer:U1|riscvsingle:rvsingle|datapath:dp|flopr:pcreg|q[22]  ; 0                 ; 0       ;
;      - my_computer:U1|riscvsingle:rvsingle|datapath:dp|flopr:pcreg|q[21]  ; 0                 ; 0       ;
;      - my_computer:U1|riscvsingle:rvsingle|datapath:dp|flopr:pcreg|q[20]  ; 0                 ; 0       ;
;      - my_computer:U1|riscvsingle:rvsingle|datapath:dp|flopr:pcreg|q[19]  ; 0                 ; 0       ;
;      - my_computer:U1|riscvsingle:rvsingle|datapath:dp|flopr:pcreg|q[18]  ; 0                 ; 0       ;
;      - my_computer:U1|riscvsingle:rvsingle|datapath:dp|flopr:pcreg|q[17]  ; 0                 ; 0       ;
;      - my_computer:U1|riscvsingle:rvsingle|datapath:dp|flopr:pcreg|q[16]  ; 0                 ; 0       ;
;      - my_computer:U1|riscvsingle:rvsingle|datapath:dp|flopr:pcreg|q[15]  ; 0                 ; 0       ;
;      - my_computer:U1|riscvsingle:rvsingle|datapath:dp|flopr:pcreg|q[14]  ; 0                 ; 0       ;
;      - my_computer:U1|riscvsingle:rvsingle|datapath:dp|flopr:pcreg|q[13]  ; 0                 ; 0       ;
;      - my_computer:U1|riscvsingle:rvsingle|datapath:dp|flopr:pcreg|q[12]  ; 0                 ; 0       ;
;      - my_computer:U1|riscvsingle:rvsingle|datapath:dp|flopr:pcreg|q[11]  ; 0                 ; 0       ;
;      - my_computer:U1|riscvsingle:rvsingle|datapath:dp|flopr:pcreg|q[10]  ; 0                 ; 0       ;
;      - my_computer:U1|dmem:dmem|RAM~2874                                  ; 0                 ; 0       ;
;      - my_computer:U1|dmem:dmem|RAM~3386                                  ; 0                 ; 0       ;
;      - my_computer:U1|dmem:dmem|RAM~2362                                  ; 0                 ; 0       ;
;      - my_computer:U1|dmem:dmem|RAM~3898                                  ; 0                 ; 0       ;
;      - my_computer:U1|dmem:dmem|RAM~3418                                  ; 0                 ; 0       ;
;      - my_computer:U1|dmem:dmem|RAM~2906                                  ; 0                 ; 0       ;
;      - my_computer:U1|dmem:dmem|RAM~2394                                  ; 0                 ; 0       ;
;      - my_computer:U1|dmem:dmem|RAM~3930                                  ; 0                 ; 0       ;
;      - my_computer:U1|dmem:dmem|RAM~3354                                  ; 0                 ; 0       ;
;      - my_computer:U1|dmem:dmem|RAM~2842                                  ; 0                 ; 0       ;
;      - my_computer:U1|dmem:dmem|RAM~2330                                  ; 0                 ; 0       ;
;      - my_computer:U1|dmem:dmem|RAM~3866                                  ; 0                 ; 0       ;
;      - my_computer:U1|dmem:dmem|RAM~2938                                  ; 0                 ; 0       ;
;      - my_computer:U1|dmem:dmem|RAM~3450                                  ; 0                 ; 0       ;
;      - my_computer:U1|dmem:dmem|RAM~2426                                  ; 0                 ; 0       ;
;      - my_computer:U1|dmem:dmem|RAM~3962                                  ; 0                 ; 0       ;
;      - my_computer:U1|dmem:dmem|RAM~3290                                  ; 0                 ; 0       ;
;      - my_computer:U1|dmem:dmem|RAM~2778                                  ; 0                 ; 0       ;
;      - my_computer:U1|dmem:dmem|RAM~2266                                  ; 0                 ; 0       ;
;      - my_computer:U1|dmem:dmem|RAM~3802                                  ; 0                 ; 0       ;
;      - my_computer:U1|dmem:dmem|RAM~2746                                  ; 0                 ; 0       ;
;      - my_computer:U1|dmem:dmem|RAM~3258                                  ; 0                 ; 0       ;
;      - my_computer:U1|dmem:dmem|RAM~2234                                  ; 0                 ; 0       ;
;      - my_computer:U1|dmem:dmem|RAM~3770                                  ; 0                 ; 0       ;
;      - my_computer:U1|dmem:dmem|RAM~3226                                  ; 0                 ; 0       ;
;      - my_computer:U1|dmem:dmem|RAM~2714                                  ; 0                 ; 0       ;
;      - my_computer:U1|dmem:dmem|RAM~2202                                  ; 0                 ; 0       ;
;      - my_computer:U1|dmem:dmem|RAM~3738                                  ; 0                 ; 0       ;
;      - my_computer:U1|dmem:dmem|RAM~2810                                  ; 0                 ; 0       ;
;      - my_computer:U1|dmem:dmem|RAM~3322                                  ; 0                 ; 0       ;
;      - my_computer:U1|dmem:dmem|RAM~2298                                  ; 0                 ; 0       ;
;      - my_computer:U1|dmem:dmem|RAM~3834                                  ; 0                 ; 0       ;
;      - my_computer:U1|dmem:dmem|RAM~2618                                  ; 0                 ; 0       ;
;      - my_computer:U1|dmem:dmem|RAM~3130                                  ; 0                 ; 0       ;
;      - my_computer:U1|dmem:dmem|RAM~2106                                  ; 0                 ; 0       ;
;      - my_computer:U1|dmem:dmem|RAM~3642                                  ; 0                 ; 0       ;
;      - my_computer:U1|dmem:dmem|RAM~3162                                  ; 0                 ; 0       ;
;      - my_computer:U1|dmem:dmem|RAM~2650                                  ; 0                 ; 0       ;
;      - my_computer:U1|dmem:dmem|RAM~2138                                  ; 0                 ; 0       ;
;      - my_computer:U1|dmem:dmem|RAM~3674                                  ; 0                 ; 0       ;
;      - my_computer:U1|dmem:dmem|RAM~3098                                  ; 0                 ; 0       ;
;      - my_computer:U1|dmem:dmem|RAM~2586                                  ; 0                 ; 0       ;
;      - my_computer:U1|dmem:dmem|RAM~2074                                  ; 0                 ; 0       ;
;      - my_computer:U1|dmem:dmem|RAM~3610                                  ; 0                 ; 0       ;
;      - my_computer:U1|dmem:dmem|RAM~2682                                  ; 0                 ; 0       ;
;      - my_computer:U1|dmem:dmem|RAM~3194                                  ; 0                 ; 0       ;
;      - my_computer:U1|dmem:dmem|RAM~2170                                  ; 0                 ; 0       ;
;      - my_computer:U1|dmem:dmem|RAM~3706                                  ; 0                 ; 0       ;
;      - my_computer:U1|dmem:dmem|RAM~3546                                  ; 0                 ; 0       ;
;      - my_computer:U1|dmem:dmem|RAM~3034                                  ; 0                 ; 0       ;
;      - my_computer:U1|dmem:dmem|RAM~2522                                  ; 0                 ; 0       ;
;      - my_computer:U1|dmem:dmem|RAM~4058                                  ; 0                 ; 0       ;
;      - my_computer:U1|dmem:dmem|RAM~3002                                  ; 0                 ; 0       ;
;      - my_computer:U1|dmem:dmem|RAM~3514                                  ; 0                 ; 0       ;
;      - my_computer:U1|dmem:dmem|RAM~2490                                  ; 0                 ; 0       ;
;      - my_computer:U1|dmem:dmem|RAM~4026                                  ; 0                 ; 0       ;
;      - my_computer:U1|dmem:dmem|RAM~3482                                  ; 0                 ; 0       ;
;      - my_computer:U1|dmem:dmem|RAM~2970                                  ; 0                 ; 0       ;
;      - my_computer:U1|dmem:dmem|RAM~2458                                  ; 0                 ; 0       ;
;      - my_computer:U1|dmem:dmem|RAM~3994                                  ; 0                 ; 0       ;
;      - my_computer:U1|dmem:dmem|RAM~3066                                  ; 0                 ; 0       ;
;      - my_computer:U1|dmem:dmem|RAM~3578                                  ; 0                 ; 0       ;
;      - my_computer:U1|dmem:dmem|RAM~2554                                  ; 0                 ; 0       ;
;      - my_computer:U1|dmem:dmem|RAM~4090                                  ; 0                 ; 0       ;
;      - my_computer:U1|dmem:dmem|RAM~2724                                  ; 0                 ; 0       ;
;      - my_computer:U1|dmem:dmem|RAM~2852                                  ; 0                 ; 0       ;
;      - my_computer:U1|dmem:dmem|RAM~2596                                  ; 0                 ; 0       ;
;      - my_computer:U1|dmem:dmem|RAM~2980                                  ; 0                 ; 0       ;
;      - my_computer:U1|dmem:dmem|RAM~2884                                  ; 0                 ; 0       ;
;      - my_computer:U1|dmem:dmem|RAM~2756                                  ; 0                 ; 0       ;
;      - my_computer:U1|dmem:dmem|RAM~2628                                  ; 0                 ; 0       ;
;      - my_computer:U1|dmem:dmem|RAM~3012                                  ; 0                 ; 0       ;
;      - my_computer:U1|dmem:dmem|RAM~2820                                  ; 0                 ; 0       ;
;      - my_computer:U1|dmem:dmem|RAM~2692                                  ; 0                 ; 0       ;
;      - my_computer:U1|dmem:dmem|RAM~2564                                  ; 0                 ; 0       ;
;      - my_computer:U1|dmem:dmem|RAM~2948                                  ; 0                 ; 0       ;
;      - my_computer:U1|dmem:dmem|RAM~2788                                  ; 0                 ; 0       ;
;      - my_computer:U1|dmem:dmem|RAM~2916                                  ; 0                 ; 0       ;
;      - my_computer:U1|dmem:dmem|RAM~2660                                  ; 0                 ; 0       ;
;      - my_computer:U1|dmem:dmem|RAM~3044                                  ; 0                 ; 0       ;
;      - my_computer:U1|dmem:dmem|RAM~3396                                  ; 0                 ; 0       ;
;      - my_computer:U1|dmem:dmem|RAM~3364                                  ; 0                 ; 0       ;
;      - my_computer:U1|dmem:dmem|RAM~3332                                  ; 0                 ; 0       ;
;      - my_computer:U1|dmem:dmem|RAM~3428                                  ; 0                 ; 0       ;
;      - my_computer:U1|dmem:dmem|RAM~3236                                  ; 0                 ; 0       ;
;      - my_computer:U1|dmem:dmem|RAM~3268                                  ; 0                 ; 0       ;
;      - my_computer:U1|dmem:dmem|RAM~3204                                  ; 0                 ; 0       ;
;      - my_computer:U1|dmem:dmem|RAM~3300                                  ; 0                 ; 0       ;
;      - my_computer:U1|dmem:dmem|RAM~3140                                  ; 0                 ; 0       ;
;      - my_computer:U1|dmem:dmem|RAM~3108                                  ; 0                 ; 0       ;
;      - my_computer:U1|dmem:dmem|RAM~3076                                  ; 0                 ; 0       ;
;      - my_computer:U1|dmem:dmem|RAM~3172                                  ; 0                 ; 0       ;
;      - my_computer:U1|dmem:dmem|RAM~3492                                  ; 0                 ; 0       ;
;      - my_computer:U1|dmem:dmem|RAM~3524                                  ; 0                 ; 0       ;
;      - my_computer:U1|dmem:dmem|RAM~3460                                  ; 0                 ; 0       ;
;      - my_computer:U1|dmem:dmem|RAM~3556                                  ; 0                 ; 0       ;
;      - my_computer:U1|dmem:dmem|RAM~2244                                  ; 0                 ; 0       ;
;      - my_computer:U1|dmem:dmem|RAM~2212                                  ; 0                 ; 0       ;
;      - my_computer:U1|dmem:dmem|RAM~2180                                  ; 0                 ; 0       ;
;      - my_computer:U1|dmem:dmem|RAM~2276                                  ; 0                 ; 0       ;
;      - my_computer:U1|dmem:dmem|RAM~2340                                  ; 0                 ; 0       ;
;      - my_computer:U1|dmem:dmem|RAM~2372                                  ; 0                 ; 0       ;
;      - my_computer:U1|dmem:dmem|RAM~2308                                  ; 0                 ; 0       ;
;      - my_computer:U1|dmem:dmem|RAM~2404                                  ; 0                 ; 0       ;
;      - my_computer:U1|dmem:dmem|RAM~2084                                  ; 0                 ; 0       ;
;      - my_computer:U1|dmem:dmem|RAM~2116                                  ; 0                 ; 0       ;
;      - my_computer:U1|dmem:dmem|RAM~2052                                  ; 0                 ; 0       ;
;      - my_computer:U1|dmem:dmem|RAM~2148                                  ; 0                 ; 0       ;
;      - my_computer:U1|dmem:dmem|RAM~2500                                  ; 0                 ; 0       ;
;      - my_computer:U1|dmem:dmem|RAM~2468                                  ; 0                 ; 0       ;
;      - my_computer:U1|dmem:dmem|RAM~2436                                  ; 0                 ; 0       ;
;      - my_computer:U1|dmem:dmem|RAM~2532                                  ; 0                 ; 0       ;
;      - my_computer:U1|dmem:dmem|RAM~3780                                  ; 0                 ; 0       ;
;      - my_computer:U1|dmem:dmem|RAM~3908                                  ; 0                 ; 0       ;
;      - my_computer:U1|dmem:dmem|RAM~3652                                  ; 0                 ; 0       ;
;      - my_computer:U1|dmem:dmem|RAM~4036                                  ; 0                 ; 0       ;
;      - my_computer:U1|dmem:dmem|RAM~3876                                  ; 0                 ; 0       ;
;      - my_computer:U1|dmem:dmem|RAM~3748                                  ; 0                 ; 0       ;
;      - my_computer:U1|dmem:dmem|RAM~3620                                  ; 0                 ; 0       ;
;      - my_computer:U1|dmem:dmem|RAM~4004                                  ; 0                 ; 0       ;
;      - my_computer:U1|dmem:dmem|RAM~3716                                  ; 0                 ; 0       ;
;      - my_computer:U1|dmem:dmem|RAM~3844                                  ; 0                 ; 0       ;
;      - my_computer:U1|dmem:dmem|RAM~3588                                  ; 0                 ; 0       ;
;      - my_computer:U1|dmem:dmem|RAM~3972                                  ; 0                 ; 0       ;
;      - my_computer:U1|dmem:dmem|RAM~3940                                  ; 0                 ; 0       ;
;      - my_computer:U1|dmem:dmem|RAM~3812                                  ; 0                 ; 0       ;
;      - my_computer:U1|dmem:dmem|RAM~3684                                  ; 0                 ; 0       ;
;      - my_computer:U1|dmem:dmem|RAM~4068                                  ; 0                 ; 0       ;
;      - my_computer:U1|dmem:dmem|RAM~2723                                  ; 0                 ; 0       ;
;      - my_computer:U1|dmem:dmem|RAM~2851                                  ; 0                 ; 0       ;
;      - my_computer:U1|dmem:dmem|RAM~2595                                  ; 0                 ; 0       ;
;      - my_computer:U1|dmem:dmem|RAM~2979                                  ; 0                 ; 0       ;
;      - my_computer:U1|dmem:dmem|RAM~2883                                  ; 0                 ; 0       ;
;      - my_computer:U1|dmem:dmem|RAM~2755                                  ; 0                 ; 0       ;
;      - my_computer:U1|dmem:dmem|RAM~2627                                  ; 0                 ; 0       ;
;      - my_computer:U1|dmem:dmem|RAM~3011                                  ; 0                 ; 0       ;
;      - my_computer:U1|dmem:dmem|RAM~2819                                  ; 0                 ; 0       ;
;      - my_computer:U1|dmem:dmem|RAM~2691                                  ; 0                 ; 0       ;
;      - my_computer:U1|dmem:dmem|RAM~2563                                  ; 0                 ; 0       ;
;      - my_computer:U1|dmem:dmem|RAM~2947                                  ; 0                 ; 0       ;
;      - my_computer:U1|dmem:dmem|RAM~2787                                  ; 0                 ; 0       ;
;      - my_computer:U1|dmem:dmem|RAM~2915                                  ; 0                 ; 0       ;
;      - my_computer:U1|dmem:dmem|RAM~2659                                  ; 0                 ; 0       ;
;      - my_computer:U1|dmem:dmem|RAM~3043                                  ; 0                 ; 0       ;
;      - my_computer:U1|dmem:dmem|RAM~3395                                  ; 0                 ; 0       ;
;      - my_computer:U1|dmem:dmem|RAM~3363                                  ; 0                 ; 0       ;
;      - my_computer:U1|dmem:dmem|RAM~3331                                  ; 0                 ; 0       ;
;      - my_computer:U1|dmem:dmem|RAM~3427                                  ; 0                 ; 0       ;
;      - my_computer:U1|dmem:dmem|RAM~3235                                  ; 0                 ; 0       ;
;      - my_computer:U1|dmem:dmem|RAM~3267                                  ; 0                 ; 0       ;
;      - my_computer:U1|dmem:dmem|RAM~3203                                  ; 0                 ; 0       ;
;      - my_computer:U1|dmem:dmem|RAM~3299                                  ; 0                 ; 0       ;
;      - my_computer:U1|dmem:dmem|RAM~3139                                  ; 0                 ; 0       ;
;      - my_computer:U1|dmem:dmem|RAM~3107                                  ; 0                 ; 0       ;
;      - my_computer:U1|dmem:dmem|RAM~3075                                  ; 0                 ; 0       ;
;      - my_computer:U1|dmem:dmem|RAM~3171                                  ; 0                 ; 0       ;
;      - my_computer:U1|dmem:dmem|RAM~3491                                  ; 0                 ; 0       ;
;      - my_computer:U1|dmem:dmem|RAM~3523                                  ; 0                 ; 0       ;
;      - my_computer:U1|dmem:dmem|RAM~3459                                  ; 0                 ; 0       ;
;      - my_computer:U1|dmem:dmem|RAM~3555                                  ; 0                 ; 0       ;
;      - my_computer:U1|dmem:dmem|RAM~2243                                  ; 0                 ; 0       ;
;      - my_computer:U1|dmem:dmem|RAM~2211                                  ; 0                 ; 0       ;
;      - my_computer:U1|dmem:dmem|RAM~2179                                  ; 0                 ; 0       ;
;      - my_computer:U1|dmem:dmem|RAM~2275                                  ; 0                 ; 0       ;
;      - my_computer:U1|dmem:dmem|RAM~2339                                  ; 0                 ; 0       ;
;      - my_computer:U1|dmem:dmem|RAM~2371                                  ; 0                 ; 0       ;
;      - my_computer:U1|dmem:dmem|RAM~2307                                  ; 0                 ; 0       ;
;      - my_computer:U1|dmem:dmem|RAM~2403                                  ; 0                 ; 0       ;
;      - my_computer:U1|dmem:dmem|RAM~2083                                  ; 0                 ; 0       ;
;      - my_computer:U1|dmem:dmem|RAM~2115                                  ; 0                 ; 0       ;
;      - my_computer:U1|dmem:dmem|RAM~2051                                  ; 0                 ; 0       ;
;      - my_computer:U1|dmem:dmem|RAM~2147                                  ; 0                 ; 0       ;
;      - my_computer:U1|dmem:dmem|RAM~2499                                  ; 0                 ; 0       ;
;      - my_computer:U1|dmem:dmem|RAM~2467                                  ; 0                 ; 0       ;
;      - my_computer:U1|dmem:dmem|RAM~2435                                  ; 0                 ; 0       ;
;      - my_computer:U1|dmem:dmem|RAM~2531                                  ; 0                 ; 0       ;
;      - my_computer:U1|dmem:dmem|RAM~3779                                  ; 0                 ; 0       ;
;      - my_computer:U1|dmem:dmem|RAM~3907                                  ; 0                 ; 0       ;
;      - my_computer:U1|dmem:dmem|RAM~3651                                  ; 0                 ; 0       ;
;      - my_computer:U1|dmem:dmem|RAM~4035                                  ; 0                 ; 0       ;
;      - my_computer:U1|dmem:dmem|RAM~3875                                  ; 0                 ; 0       ;
;      - my_computer:U1|dmem:dmem|RAM~3747                                  ; 0                 ; 0       ;
;      - my_computer:U1|dmem:dmem|RAM~3619                                  ; 0                 ; 0       ;
;      - my_computer:U1|dmem:dmem|RAM~4003                                  ; 0                 ; 0       ;
;      - my_computer:U1|dmem:dmem|RAM~3715                                  ; 0                 ; 0       ;
;      - my_computer:U1|dmem:dmem|RAM~3843                                  ; 0                 ; 0       ;
;      - my_computer:U1|dmem:dmem|RAM~3587                                  ; 0                 ; 0       ;
;      - my_computer:U1|dmem:dmem|RAM~3971                                  ; 0                 ; 0       ;
;      - my_computer:U1|dmem:dmem|RAM~3939                                  ; 0                 ; 0       ;
;      - my_computer:U1|dmem:dmem|RAM~3811                                  ; 0                 ; 0       ;
;      - my_computer:U1|dmem:dmem|RAM~3683                                  ; 0                 ; 0       ;
;      - my_computer:U1|dmem:dmem|RAM~4067                                  ; 0                 ; 0       ;
;      - my_computer:U1|dmem:dmem|RAM~2722                                  ; 0                 ; 0       ;
;      - my_computer:U1|dmem:dmem|RAM~2850                                  ; 0                 ; 0       ;
;      - my_computer:U1|dmem:dmem|RAM~2594                                  ; 0                 ; 0       ;
;      - my_computer:U1|dmem:dmem|RAM~2978                                  ; 0                 ; 0       ;
;      - my_computer:U1|dmem:dmem|RAM~2882                                  ; 0                 ; 0       ;
;      - my_computer:U1|dmem:dmem|RAM~2754                                  ; 0                 ; 0       ;
;      - my_computer:U1|dmem:dmem|RAM~2626                                  ; 0                 ; 0       ;
;      - my_computer:U1|dmem:dmem|RAM~3010                                  ; 0                 ; 0       ;
;      - my_computer:U1|dmem:dmem|RAM~2818                                  ; 0                 ; 0       ;
;      - my_computer:U1|dmem:dmem|RAM~2690                                  ; 0                 ; 0       ;
;      - my_computer:U1|dmem:dmem|RAM~2562                                  ; 0                 ; 0       ;
;      - my_computer:U1|dmem:dmem|RAM~2946                                  ; 0                 ; 0       ;
;      - my_computer:U1|dmem:dmem|RAM~2786                                  ; 0                 ; 0       ;
;      - my_computer:U1|dmem:dmem|RAM~2914                                  ; 0                 ; 0       ;
;      - my_computer:U1|dmem:dmem|RAM~2658                                  ; 0                 ; 0       ;
;      - my_computer:U1|dmem:dmem|RAM~3042                                  ; 0                 ; 0       ;
;      - my_computer:U1|dmem:dmem|RAM~3394                                  ; 0                 ; 0       ;
;      - my_computer:U1|dmem:dmem|RAM~3362                                  ; 0                 ; 0       ;
;      - my_computer:U1|dmem:dmem|RAM~3330                                  ; 0                 ; 0       ;
;      - my_computer:U1|dmem:dmem|RAM~3426                                  ; 0                 ; 0       ;
;      - my_computer:U1|dmem:dmem|RAM~3234                                  ; 0                 ; 0       ;
;      - my_computer:U1|dmem:dmem|RAM~3266                                  ; 0                 ; 0       ;
;      - my_computer:U1|dmem:dmem|RAM~3202                                  ; 0                 ; 0       ;
;      - my_computer:U1|dmem:dmem|RAM~3298                                  ; 0                 ; 0       ;
;      - my_computer:U1|dmem:dmem|RAM~3138                                  ; 0                 ; 0       ;
;      - my_computer:U1|dmem:dmem|RAM~3106                                  ; 0                 ; 0       ;
;      - my_computer:U1|dmem:dmem|RAM~3074                                  ; 0                 ; 0       ;
;      - my_computer:U1|dmem:dmem|RAM~3170                                  ; 0                 ; 0       ;
;      - my_computer:U1|dmem:dmem|RAM~3490                                  ; 0                 ; 0       ;
;      - my_computer:U1|dmem:dmem|RAM~3522                                  ; 0                 ; 0       ;
;      - my_computer:U1|dmem:dmem|RAM~3458                                  ; 0                 ; 0       ;
;      - my_computer:U1|dmem:dmem|RAM~3554                                  ; 0                 ; 0       ;
;      - my_computer:U1|dmem:dmem|RAM~2242                                  ; 0                 ; 0       ;
;      - my_computer:U1|dmem:dmem|RAM~2210                                  ; 0                 ; 0       ;
;      - my_computer:U1|dmem:dmem|RAM~2178                                  ; 0                 ; 0       ;
;      - my_computer:U1|dmem:dmem|RAM~2274                                  ; 0                 ; 0       ;
;      - my_computer:U1|dmem:dmem|RAM~2338                                  ; 0                 ; 0       ;
;      - my_computer:U1|dmem:dmem|RAM~2370                                  ; 0                 ; 0       ;
;      - my_computer:U1|dmem:dmem|RAM~2306                                  ; 0                 ; 0       ;
;      - my_computer:U1|dmem:dmem|RAM~2402                                  ; 0                 ; 0       ;
;      - my_computer:U1|dmem:dmem|RAM~2082                                  ; 0                 ; 0       ;
;      - my_computer:U1|dmem:dmem|RAM~2114                                  ; 0                 ; 0       ;
;      - my_computer:U1|dmem:dmem|RAM~2050                                  ; 0                 ; 0       ;
;      - my_computer:U1|dmem:dmem|RAM~2146                                  ; 0                 ; 0       ;
;      - my_computer:U1|dmem:dmem|RAM~2498                                  ; 0                 ; 0       ;
;      - my_computer:U1|dmem:dmem|RAM~2466                                  ; 0                 ; 0       ;
;      - my_computer:U1|dmem:dmem|RAM~2434                                  ; 0                 ; 0       ;
;      - my_computer:U1|dmem:dmem|RAM~2530                                  ; 0                 ; 0       ;
;      - my_computer:U1|dmem:dmem|RAM~3778                                  ; 0                 ; 0       ;
;      - my_computer:U1|dmem:dmem|RAM~3906                                  ; 0                 ; 0       ;
;      - my_computer:U1|dmem:dmem|RAM~3650                                  ; 0                 ; 0       ;
;      - my_computer:U1|dmem:dmem|RAM~4034                                  ; 0                 ; 0       ;
;      - my_computer:U1|dmem:dmem|RAM~3874                                  ; 0                 ; 0       ;
;      - my_computer:U1|dmem:dmem|RAM~3746                                  ; 0                 ; 0       ;
;      - my_computer:U1|dmem:dmem|RAM~3618                                  ; 0                 ; 0       ;
;      - my_computer:U1|dmem:dmem|RAM~4002                                  ; 0                 ; 0       ;
;      - my_computer:U1|dmem:dmem|RAM~3714                                  ; 0                 ; 0       ;
;      - my_computer:U1|dmem:dmem|RAM~3842                                  ; 0                 ; 0       ;
;      - my_computer:U1|dmem:dmem|RAM~3586                                  ; 0                 ; 0       ;
;      - my_computer:U1|dmem:dmem|RAM~3970                                  ; 0                 ; 0       ;
;      - my_computer:U1|dmem:dmem|RAM~3938                                  ; 0                 ; 0       ;
;      - my_computer:U1|dmem:dmem|RAM~3810                                  ; 0                 ; 0       ;
;      - my_computer:U1|dmem:dmem|RAM~3682                                  ; 0                 ; 0       ;
;      - my_computer:U1|dmem:dmem|RAM~4066                                  ; 0                 ; 0       ;
;      - my_computer:U1|dmem:dmem|RAM~2721                                  ; 0                 ; 0       ;
;      - my_computer:U1|dmem:dmem|RAM~2849                                  ; 0                 ; 0       ;
;      - my_computer:U1|dmem:dmem|RAM~2593                                  ; 0                 ; 0       ;
;      - my_computer:U1|dmem:dmem|RAM~2977                                  ; 0                 ; 0       ;
;      - my_computer:U1|dmem:dmem|RAM~2881                                  ; 0                 ; 0       ;
;      - my_computer:U1|dmem:dmem|RAM~2753                                  ; 0                 ; 0       ;
;      - my_computer:U1|dmem:dmem|RAM~2625                                  ; 0                 ; 0       ;
;      - my_computer:U1|dmem:dmem|RAM~3009                                  ; 0                 ; 0       ;
;      - my_computer:U1|dmem:dmem|RAM~2817                                  ; 0                 ; 0       ;
;      - my_computer:U1|dmem:dmem|RAM~2689                                  ; 0                 ; 0       ;
;      - my_computer:U1|dmem:dmem|RAM~2561                                  ; 0                 ; 0       ;
;      - my_computer:U1|dmem:dmem|RAM~2945                                  ; 0                 ; 0       ;
;      - my_computer:U1|dmem:dmem|RAM~2785                                  ; 0                 ; 0       ;
;      - my_computer:U1|dmem:dmem|RAM~2913                                  ; 0                 ; 0       ;
;      - my_computer:U1|dmem:dmem|RAM~2657                                  ; 0                 ; 0       ;
;      - my_computer:U1|dmem:dmem|RAM~3041                                  ; 0                 ; 0       ;
;      - my_computer:U1|dmem:dmem|RAM~3393                                  ; 0                 ; 0       ;
;      - my_computer:U1|dmem:dmem|RAM~3361                                  ; 0                 ; 0       ;
;      - my_computer:U1|dmem:dmem|RAM~3329                                  ; 0                 ; 0       ;
;      - my_computer:U1|dmem:dmem|RAM~3425                                  ; 0                 ; 0       ;
;      - my_computer:U1|dmem:dmem|RAM~3233                                  ; 0                 ; 0       ;
;      - my_computer:U1|dmem:dmem|RAM~3265                                  ; 0                 ; 0       ;
;      - my_computer:U1|dmem:dmem|RAM~3201                                  ; 0                 ; 0       ;
;      - my_computer:U1|dmem:dmem|RAM~3297                                  ; 0                 ; 0       ;
;      - my_computer:U1|dmem:dmem|RAM~3137                                  ; 0                 ; 0       ;
;      - my_computer:U1|dmem:dmem|RAM~3105                                  ; 0                 ; 0       ;
;      - my_computer:U1|dmem:dmem|RAM~3073                                  ; 0                 ; 0       ;
;      - my_computer:U1|dmem:dmem|RAM~3169                                  ; 0                 ; 0       ;
;      - my_computer:U1|dmem:dmem|RAM~3489                                  ; 0                 ; 0       ;
;      - my_computer:U1|dmem:dmem|RAM~3521                                  ; 0                 ; 0       ;
;      - my_computer:U1|dmem:dmem|RAM~3457                                  ; 0                 ; 0       ;
;      - my_computer:U1|dmem:dmem|RAM~3553                                  ; 0                 ; 0       ;
;      - my_computer:U1|dmem:dmem|RAM~2241                                  ; 0                 ; 0       ;
;      - my_computer:U1|dmem:dmem|RAM~2209                                  ; 0                 ; 0       ;
;      - my_computer:U1|dmem:dmem|RAM~2177                                  ; 0                 ; 0       ;
;      - my_computer:U1|dmem:dmem|RAM~2273                                  ; 0                 ; 0       ;
;      - my_computer:U1|dmem:dmem|RAM~2337                                  ; 0                 ; 0       ;
;      - my_computer:U1|dmem:dmem|RAM~2369                                  ; 0                 ; 0       ;
;      - my_computer:U1|dmem:dmem|RAM~2305                                  ; 0                 ; 0       ;
;      - my_computer:U1|dmem:dmem|RAM~2401                                  ; 0                 ; 0       ;
;      - my_computer:U1|dmem:dmem|RAM~2081                                  ; 0                 ; 0       ;
;      - my_computer:U1|dmem:dmem|RAM~2113                                  ; 0                 ; 0       ;
;      - my_computer:U1|dmem:dmem|RAM~2049                                  ; 0                 ; 0       ;
;      - my_computer:U1|dmem:dmem|RAM~2145                                  ; 0                 ; 0       ;
;      - my_computer:U1|dmem:dmem|RAM~2497                                  ; 0                 ; 0       ;
;      - my_computer:U1|dmem:dmem|RAM~2465                                  ; 0                 ; 0       ;
;      - my_computer:U1|dmem:dmem|RAM~2433                                  ; 0                 ; 0       ;
;      - my_computer:U1|dmem:dmem|RAM~2529                                  ; 0                 ; 0       ;
;      - my_computer:U1|dmem:dmem|RAM~3777                                  ; 0                 ; 0       ;
;      - my_computer:U1|dmem:dmem|RAM~3905                                  ; 0                 ; 0       ;
;      - my_computer:U1|dmem:dmem|RAM~3649                                  ; 0                 ; 0       ;
;      - my_computer:U1|dmem:dmem|RAM~4033                                  ; 0                 ; 0       ;
;      - my_computer:U1|dmem:dmem|RAM~3873                                  ; 0                 ; 0       ;
;      - my_computer:U1|dmem:dmem|RAM~3745                                  ; 0                 ; 0       ;
;      - my_computer:U1|dmem:dmem|RAM~3617                                  ; 0                 ; 0       ;
;      - my_computer:U1|dmem:dmem|RAM~4001                                  ; 0                 ; 0       ;
;      - my_computer:U1|dmem:dmem|RAM~3713                                  ; 0                 ; 0       ;
;      - my_computer:U1|dmem:dmem|RAM~3841                                  ; 0                 ; 0       ;
;      - my_computer:U1|dmem:dmem|RAM~3585                                  ; 0                 ; 0       ;
;      - my_computer:U1|dmem:dmem|RAM~3969                                  ; 0                 ; 0       ;
;      - my_computer:U1|dmem:dmem|RAM~3937                                  ; 0                 ; 0       ;
;      - my_computer:U1|dmem:dmem|RAM~3809                                  ; 0                 ; 0       ;
;      - my_computer:U1|dmem:dmem|RAM~3681                                  ; 0                 ; 0       ;
;      - my_computer:U1|dmem:dmem|RAM~4065                                  ; 0                 ; 0       ;
;      - my_computer:U1|dmem:dmem|RAM~2720                                  ; 0                 ; 0       ;
;      - my_computer:U1|dmem:dmem|RAM~2848                                  ; 0                 ; 0       ;
;      - my_computer:U1|dmem:dmem|RAM~2592                                  ; 0                 ; 0       ;
;      - my_computer:U1|dmem:dmem|RAM~2976                                  ; 0                 ; 0       ;
;      - my_computer:U1|dmem:dmem|RAM~2880                                  ; 0                 ; 0       ;
;      - my_computer:U1|dmem:dmem|RAM~2752                                  ; 0                 ; 0       ;
;      - my_computer:U1|dmem:dmem|RAM~2624                                  ; 0                 ; 0       ;
;      - my_computer:U1|dmem:dmem|RAM~3008                                  ; 0                 ; 0       ;
;      - my_computer:U1|dmem:dmem|RAM~2816                                  ; 0                 ; 0       ;
;      - my_computer:U1|dmem:dmem|RAM~2688                                  ; 0                 ; 0       ;
;      - my_computer:U1|dmem:dmem|RAM~2560                                  ; 0                 ; 0       ;
;      - my_computer:U1|dmem:dmem|RAM~2944                                  ; 0                 ; 0       ;
;      - my_computer:U1|dmem:dmem|RAM~2784                                  ; 0                 ; 0       ;
;      - my_computer:U1|dmem:dmem|RAM~2912                                  ; 0                 ; 0       ;
;      - my_computer:U1|dmem:dmem|RAM~2656                                  ; 0                 ; 0       ;
;      - my_computer:U1|dmem:dmem|RAM~3040                                  ; 0                 ; 0       ;
;      - my_computer:U1|dmem:dmem|RAM~3392                                  ; 0                 ; 0       ;
;      - my_computer:U1|dmem:dmem|RAM~3360                                  ; 0                 ; 0       ;
;      - my_computer:U1|dmem:dmem|RAM~3328                                  ; 0                 ; 0       ;
;      - my_computer:U1|dmem:dmem|RAM~3424                                  ; 0                 ; 0       ;
;      - my_computer:U1|dmem:dmem|RAM~3232                                  ; 0                 ; 0       ;
;      - my_computer:U1|dmem:dmem|RAM~3264                                  ; 0                 ; 0       ;
;      - my_computer:U1|dmem:dmem|RAM~3200                                  ; 0                 ; 0       ;
;      - my_computer:U1|dmem:dmem|RAM~3296                                  ; 0                 ; 0       ;
;      - my_computer:U1|dmem:dmem|RAM~3136                                  ; 0                 ; 0       ;
;      - my_computer:U1|dmem:dmem|RAM~3104                                  ; 0                 ; 0       ;
;      - my_computer:U1|dmem:dmem|RAM~3072                                  ; 0                 ; 0       ;
;      - my_computer:U1|dmem:dmem|RAM~3168                                  ; 0                 ; 0       ;
;      - my_computer:U1|dmem:dmem|RAM~3488                                  ; 0                 ; 0       ;
;      - my_computer:U1|dmem:dmem|RAM~3520                                  ; 0                 ; 0       ;
;      - my_computer:U1|dmem:dmem|RAM~3456                                  ; 0                 ; 0       ;
;      - my_computer:U1|dmem:dmem|RAM~3552                                  ; 0                 ; 0       ;
;      - my_computer:U1|dmem:dmem|RAM~2240                                  ; 0                 ; 0       ;
;      - my_computer:U1|dmem:dmem|RAM~2208                                  ; 0                 ; 0       ;
;      - my_computer:U1|dmem:dmem|RAM~2176                                  ; 0                 ; 0       ;
;      - my_computer:U1|dmem:dmem|RAM~2272                                  ; 0                 ; 0       ;
;      - my_computer:U1|dmem:dmem|RAM~2336                                  ; 0                 ; 0       ;
;      - my_computer:U1|dmem:dmem|RAM~2368                                  ; 0                 ; 0       ;
;      - my_computer:U1|dmem:dmem|RAM~2304                                  ; 0                 ; 0       ;
;      - my_computer:U1|dmem:dmem|RAM~2400                                  ; 0                 ; 0       ;
;      - my_computer:U1|dmem:dmem|RAM~2080                                  ; 0                 ; 0       ;
;      - my_computer:U1|dmem:dmem|RAM~2112                                  ; 0                 ; 0       ;
;      - my_computer:U1|dmem:dmem|RAM~2048                                  ; 0                 ; 0       ;
;      - my_computer:U1|dmem:dmem|RAM~2144                                  ; 0                 ; 0       ;
;      - my_computer:U1|dmem:dmem|RAM~2496                                  ; 0                 ; 0       ;
;      - my_computer:U1|dmem:dmem|RAM~2464                                  ; 0                 ; 0       ;
;      - my_computer:U1|dmem:dmem|RAM~2432                                  ; 0                 ; 0       ;
;      - my_computer:U1|dmem:dmem|RAM~2528                                  ; 0                 ; 0       ;
;      - my_computer:U1|dmem:dmem|RAM~3776                                  ; 0                 ; 0       ;
;      - my_computer:U1|dmem:dmem|RAM~3904                                  ; 0                 ; 0       ;
;      - my_computer:U1|dmem:dmem|RAM~3648                                  ; 0                 ; 0       ;
;      - my_computer:U1|dmem:dmem|RAM~4032                                  ; 0                 ; 0       ;
;      - my_computer:U1|dmem:dmem|RAM~3872                                  ; 0                 ; 0       ;
;      - my_computer:U1|dmem:dmem|RAM~3744                                  ; 0                 ; 0       ;
;      - my_computer:U1|dmem:dmem|RAM~3616                                  ; 0                 ; 0       ;
;      - my_computer:U1|dmem:dmem|RAM~4000                                  ; 0                 ; 0       ;
;      - my_computer:U1|dmem:dmem|RAM~3712                                  ; 0                 ; 0       ;
;      - my_computer:U1|dmem:dmem|RAM~3840                                  ; 0                 ; 0       ;
;      - my_computer:U1|dmem:dmem|RAM~3584                                  ; 0                 ; 0       ;
;      - my_computer:U1|dmem:dmem|RAM~3968                                  ; 0                 ; 0       ;
;      - my_computer:U1|dmem:dmem|RAM~3936                                  ; 0                 ; 0       ;
;      - my_computer:U1|dmem:dmem|RAM~3808                                  ; 0                 ; 0       ;
;      - my_computer:U1|dmem:dmem|RAM~3680                                  ; 0                 ; 0       ;
;      - my_computer:U1|dmem:dmem|RAM~4064                                  ; 0                 ; 0       ;
;      - my_computer:U1|dmem:dmem|RAM~2725                                  ; 0                 ; 0       ;
;      - my_computer:U1|dmem:dmem|RAM~2853                                  ; 0                 ; 0       ;
;      - my_computer:U1|dmem:dmem|RAM~2597                                  ; 0                 ; 0       ;
;      - my_computer:U1|dmem:dmem|RAM~2981                                  ; 0                 ; 0       ;
;      - my_computer:U1|dmem:dmem|RAM~2885                                  ; 0                 ; 0       ;
;      - my_computer:U1|dmem:dmem|RAM~2757                                  ; 0                 ; 0       ;
;      - my_computer:U1|dmem:dmem|RAM~2629                                  ; 0                 ; 0       ;
;      - my_computer:U1|dmem:dmem|RAM~3013                                  ; 0                 ; 0       ;
;      - my_computer:U1|dmem:dmem|RAM~2821                                  ; 0                 ; 0       ;
;      - my_computer:U1|dmem:dmem|RAM~2693                                  ; 0                 ; 0       ;
;      - my_computer:U1|dmem:dmem|RAM~2565                                  ; 0                 ; 0       ;
;      - my_computer:U1|dmem:dmem|RAM~2949                                  ; 0                 ; 0       ;
;      - my_computer:U1|dmem:dmem|RAM~2789                                  ; 0                 ; 0       ;
;      - my_computer:U1|dmem:dmem|RAM~2917                                  ; 0                 ; 0       ;
;      - my_computer:U1|dmem:dmem|RAM~2661                                  ; 0                 ; 0       ;
;      - my_computer:U1|dmem:dmem|RAM~3045                                  ; 0                 ; 0       ;
;      - my_computer:U1|dmem:dmem|RAM~3397                                  ; 0                 ; 0       ;
;      - my_computer:U1|dmem:dmem|RAM~3365                                  ; 0                 ; 0       ;
;      - my_computer:U1|dmem:dmem|RAM~3333                                  ; 0                 ; 0       ;
;      - my_computer:U1|dmem:dmem|RAM~3429                                  ; 0                 ; 0       ;
;      - my_computer:U1|dmem:dmem|RAM~3237                                  ; 0                 ; 0       ;
;      - my_computer:U1|dmem:dmem|RAM~3269                                  ; 0                 ; 0       ;
;      - my_computer:U1|dmem:dmem|RAM~3205                                  ; 0                 ; 0       ;
;      - my_computer:U1|dmem:dmem|RAM~3301                                  ; 0                 ; 0       ;
;      - my_computer:U1|dmem:dmem|RAM~3141                                  ; 0                 ; 0       ;
;      - my_computer:U1|dmem:dmem|RAM~3109                                  ; 0                 ; 0       ;
;      - my_computer:U1|dmem:dmem|RAM~3077                                  ; 0                 ; 0       ;
;      - my_computer:U1|dmem:dmem|RAM~3173                                  ; 0                 ; 0       ;
;      - my_computer:U1|dmem:dmem|RAM~3493                                  ; 0                 ; 0       ;
;      - my_computer:U1|dmem:dmem|RAM~3525                                  ; 0                 ; 0       ;
;      - my_computer:U1|dmem:dmem|RAM~3461                                  ; 0                 ; 0       ;
;      - my_computer:U1|dmem:dmem|RAM~3557                                  ; 0                 ; 0       ;
;      - my_computer:U1|dmem:dmem|RAM~2245                                  ; 0                 ; 0       ;
;      - my_computer:U1|dmem:dmem|RAM~2213                                  ; 0                 ; 0       ;
;      - my_computer:U1|dmem:dmem|RAM~2181                                  ; 0                 ; 0       ;
;      - my_computer:U1|dmem:dmem|RAM~2277                                  ; 0                 ; 0       ;
;      - my_computer:U1|dmem:dmem|RAM~2341                                  ; 0                 ; 0       ;
;      - my_computer:U1|dmem:dmem|RAM~2373                                  ; 0                 ; 0       ;
;      - my_computer:U1|dmem:dmem|RAM~2309                                  ; 0                 ; 0       ;
;      - my_computer:U1|dmem:dmem|RAM~2405                                  ; 0                 ; 0       ;
;      - my_computer:U1|dmem:dmem|RAM~2085                                  ; 0                 ; 0       ;
;      - my_computer:U1|dmem:dmem|RAM~2117                                  ; 0                 ; 0       ;
;      - my_computer:U1|dmem:dmem|RAM~2053                                  ; 0                 ; 0       ;
;      - my_computer:U1|dmem:dmem|RAM~2149                                  ; 0                 ; 0       ;
;      - my_computer:U1|dmem:dmem|RAM~2501                                  ; 0                 ; 0       ;
;      - my_computer:U1|dmem:dmem|RAM~2469                                  ; 0                 ; 0       ;
;      - my_computer:U1|dmem:dmem|RAM~2437                                  ; 0                 ; 0       ;
;      - my_computer:U1|dmem:dmem|RAM~2533                                  ; 0                 ; 0       ;
;      - my_computer:U1|dmem:dmem|RAM~3781                                  ; 0                 ; 0       ;
;      - my_computer:U1|dmem:dmem|RAM~3909                                  ; 0                 ; 0       ;
;      - my_computer:U1|dmem:dmem|RAM~3653                                  ; 0                 ; 0       ;
;      - my_computer:U1|dmem:dmem|RAM~4037                                  ; 0                 ; 0       ;
;      - my_computer:U1|dmem:dmem|RAM~3877                                  ; 0                 ; 0       ;
;      - my_computer:U1|dmem:dmem|RAM~3749                                  ; 0                 ; 0       ;
;      - my_computer:U1|dmem:dmem|RAM~3621                                  ; 0                 ; 0       ;
;      - my_computer:U1|dmem:dmem|RAM~4005                                  ; 0                 ; 0       ;
;      - my_computer:U1|dmem:dmem|RAM~3717                                  ; 0                 ; 0       ;
;      - my_computer:U1|dmem:dmem|RAM~3845                                  ; 0                 ; 0       ;
;      - my_computer:U1|dmem:dmem|RAM~3589                                  ; 0                 ; 0       ;
;      - my_computer:U1|dmem:dmem|RAM~3973                                  ; 0                 ; 0       ;
;      - my_computer:U1|dmem:dmem|RAM~3941                                  ; 0                 ; 0       ;
;      - my_computer:U1|dmem:dmem|RAM~3813                                  ; 0                 ; 0       ;
;      - my_computer:U1|dmem:dmem|RAM~3685                                  ; 0                 ; 0       ;
;      - my_computer:U1|dmem:dmem|RAM~4069                                  ; 0                 ; 0       ;
;      - my_computer:U1|dmem:dmem|RAM~1369                                  ; 0                 ; 0       ;
;      - my_computer:U1|dmem:dmem|RAM~1337                                  ; 0                 ; 0       ;
;      - my_computer:U1|dmem:dmem|RAM~1305                                  ; 0                 ; 0       ;
;      - my_computer:U1|dmem:dmem|RAM~1401                                  ; 0                 ; 0       ;
;      - my_computer:U1|dmem:dmem|RAM~1209                                  ; 0                 ; 0       ;
;      - my_computer:U1|dmem:dmem|RAM~1241                                  ; 0                 ; 0       ;
;      - my_computer:U1|dmem:dmem|RAM~1177                                  ; 0                 ; 0       ;
;      - my_computer:U1|dmem:dmem|RAM~1273                                  ; 0                 ; 0       ;
;      - my_computer:U1|dmem:dmem|RAM~1113                                  ; 0                 ; 0       ;
;      - my_computer:U1|dmem:dmem|RAM~1081                                  ; 0                 ; 0       ;
;      - my_computer:U1|dmem:dmem|RAM~1049                                  ; 0                 ; 0       ;
;      - my_computer:U1|dmem:dmem|RAM~1145                                  ; 0                 ; 0       ;
;      - my_computer:U1|dmem:dmem|RAM~1465                                  ; 0                 ; 0       ;
;      - my_computer:U1|dmem:dmem|RAM~1497                                  ; 0                 ; 0       ;
;      - my_computer:U1|dmem:dmem|RAM~1433                                  ; 0                 ; 0       ;
;      - my_computer:U1|dmem:dmem|RAM~1529                                  ; 0                 ; 0       ;
;      - my_computer:U1|dmem:dmem|RAM~697                                   ; 0                 ; 0       ;
;      - my_computer:U1|dmem:dmem|RAM~825                                   ; 0                 ; 0       ;
;      - my_computer:U1|dmem:dmem|RAM~569                                   ; 0                 ; 0       ;
;      - my_computer:U1|dmem:dmem|RAM~953                                   ; 0                 ; 0       ;
;      - my_computer:U1|dmem:dmem|RAM~857                                   ; 0                 ; 0       ;
;      - my_computer:U1|dmem:dmem|RAM~729                                   ; 0                 ; 0       ;
;      - my_computer:U1|dmem:dmem|RAM~601                                   ; 0                 ; 0       ;
;      - my_computer:U1|dmem:dmem|RAM~985                                   ; 0                 ; 0       ;
;      - my_computer:U1|dmem:dmem|RAM~793                                   ; 0                 ; 0       ;
;      - my_computer:U1|dmem:dmem|RAM~665                                   ; 0                 ; 0       ;
;      - my_computer:U1|dmem:dmem|RAM~537                                   ; 0                 ; 0       ;
;      - my_computer:U1|dmem:dmem|RAM~921                                   ; 0                 ; 0       ;
;      - my_computer:U1|dmem:dmem|RAM~761                                   ; 0                 ; 0       ;
;      - my_computer:U1|dmem:dmem|RAM~889                                   ; 0                 ; 0       ;
;      - my_computer:U1|dmem:dmem|RAM~633                                   ; 0                 ; 0       ;
;      - my_computer:U1|dmem:dmem|RAM~1017                                  ; 0                 ; 0       ;
;      - my_computer:U1|dmem:dmem|RAM~217                                   ; 0                 ; 0       ;
;      - my_computer:U1|dmem:dmem|RAM~185                                   ; 0                 ; 0       ;
;      - my_computer:U1|dmem:dmem|RAM~153                                   ; 0                 ; 0       ;
;      - my_computer:U1|dmem:dmem|RAM~249                                   ; 0                 ; 0       ;
;      - my_computer:U1|dmem:dmem|RAM~313                                   ; 0                 ; 0       ;
;      - my_computer:U1|dmem:dmem|RAM~345                                   ; 0                 ; 0       ;
;      - my_computer:U1|dmem:dmem|RAM~281                                   ; 0                 ; 0       ;
;      - my_computer:U1|dmem:dmem|RAM~377                                   ; 0                 ; 0       ;
;      - my_computer:U1|dmem:dmem|RAM~57                                    ; 0                 ; 0       ;
;      - my_computer:U1|dmem:dmem|RAM~89                                    ; 0                 ; 0       ;
;      - my_computer:U1|dmem:dmem|RAM~25                                    ; 0                 ; 0       ;
;      - my_computer:U1|dmem:dmem|RAM~121                                   ; 0                 ; 0       ;
;      - my_computer:U1|dmem:dmem|RAM~473                                   ; 0                 ; 0       ;
;      - my_computer:U1|dmem:dmem|RAM~441                                   ; 0                 ; 0       ;
;      - my_computer:U1|dmem:dmem|RAM~409                                   ; 0                 ; 0       ;
;      - my_computer:U1|dmem:dmem|RAM~505                                   ; 0                 ; 0       ;
;      - my_computer:U1|dmem:dmem|RAM~1753                                  ; 0                 ; 0       ;
;      - my_computer:U1|dmem:dmem|RAM~1881                                  ; 0                 ; 0       ;
;      - my_computer:U1|dmem:dmem|RAM~1625                                  ; 0                 ; 0       ;
;      - my_computer:U1|dmem:dmem|RAM~2009                                  ; 0                 ; 0       ;
;      - my_computer:U1|dmem:dmem|RAM~1849                                  ; 0                 ; 0       ;
;      - my_computer:U1|dmem:dmem|RAM~1721                                  ; 0                 ; 0       ;
;      - my_computer:U1|dmem:dmem|RAM~1593                                  ; 0                 ; 0       ;
;      - my_computer:U1|dmem:dmem|RAM~1977                                  ; 0                 ; 0       ;
;      - my_computer:U1|dmem:dmem|RAM~1689                                  ; 0                 ; 0       ;
;      - my_computer:U1|dmem:dmem|RAM~1817                                  ; 0                 ; 0       ;
;      - my_computer:U1|dmem:dmem|RAM~1561                                  ; 0                 ; 0       ;
;      - my_computer:U1|dmem:dmem|RAM~1945                                  ; 0                 ; 0       ;
;      - my_computer:U1|dmem:dmem|RAM~1913                                  ; 0                 ; 0       ;
;      - my_computer:U1|dmem:dmem|RAM~1785                                  ; 0                 ; 0       ;
;      - my_computer:U1|dmem:dmem|RAM~1657                                  ; 0                 ; 0       ;
;      - my_computer:U1|dmem:dmem|RAM~2041                                  ; 0                 ; 0       ;
;      - my_computer:U1|dmem:dmem|RAM~2745                                  ; 0                 ; 0       ;
;      - my_computer:U1|dmem:dmem|RAM~2873                                  ; 0                 ; 0       ;
;      - my_computer:U1|dmem:dmem|RAM~2617                                  ; 0                 ; 0       ;
;      - my_computer:U1|dmem:dmem|RAM~3001                                  ; 0                 ; 0       ;
;      - my_computer:U1|dmem:dmem|RAM~2905                                  ; 0                 ; 0       ;
;      - my_computer:U1|dmem:dmem|RAM~2777                                  ; 0                 ; 0       ;
;      - my_computer:U1|dmem:dmem|RAM~2649                                  ; 0                 ; 0       ;
;      - my_computer:U1|dmem:dmem|RAM~3033                                  ; 0                 ; 0       ;
;      - my_computer:U1|dmem:dmem|RAM~2841                                  ; 0                 ; 0       ;
;      - my_computer:U1|dmem:dmem|RAM~2713                                  ; 0                 ; 0       ;
;      - my_computer:U1|dmem:dmem|RAM~2585                                  ; 0                 ; 0       ;
;      - my_computer:U1|dmem:dmem|RAM~2969                                  ; 0                 ; 0       ;
;      - my_computer:U1|dmem:dmem|RAM~2809                                  ; 0                 ; 0       ;
;      - my_computer:U1|dmem:dmem|RAM~2937                                  ; 0                 ; 0       ;
;      - my_computer:U1|dmem:dmem|RAM~2681                                  ; 0                 ; 0       ;
;      - my_computer:U1|dmem:dmem|RAM~3065                                  ; 0                 ; 0       ;
;      - my_computer:U1|dmem:dmem|RAM~3417                                  ; 0                 ; 0       ;
;      - my_computer:U1|dmem:dmem|RAM~3385                                  ; 0                 ; 0       ;
;      - my_computer:U1|dmem:dmem|RAM~3353                                  ; 0                 ; 0       ;
;      - my_computer:U1|dmem:dmem|RAM~3449                                  ; 0                 ; 0       ;
;      - my_computer:U1|dmem:dmem|RAM~3257                                  ; 0                 ; 0       ;
;      - my_computer:U1|dmem:dmem|RAM~3289                                  ; 0                 ; 0       ;
;      - my_computer:U1|dmem:dmem|RAM~3225                                  ; 0                 ; 0       ;
;      - my_computer:U1|dmem:dmem|RAM~3321                                  ; 0                 ; 0       ;
;      - my_computer:U1|dmem:dmem|RAM~3161                                  ; 0                 ; 0       ;
;      - my_computer:U1|dmem:dmem|RAM~3129                                  ; 0                 ; 0       ;
;      - my_computer:U1|dmem:dmem|RAM~3097                                  ; 0                 ; 0       ;
;      - my_computer:U1|dmem:dmem|RAM~3193                                  ; 0                 ; 0       ;
;      - my_computer:U1|dmem:dmem|RAM~3513                                  ; 0                 ; 0       ;
;      - my_computer:U1|dmem:dmem|RAM~3545                                  ; 0                 ; 0       ;
;      - my_computer:U1|dmem:dmem|RAM~3481                                  ; 0                 ; 0       ;
;      - my_computer:U1|dmem:dmem|RAM~3577                                  ; 0                 ; 0       ;
;      - my_computer:U1|dmem:dmem|RAM~2265                                  ; 0                 ; 0       ;
;      - my_computer:U1|dmem:dmem|RAM~2233                                  ; 0                 ; 0       ;
;      - my_computer:U1|dmem:dmem|RAM~2201                                  ; 0                 ; 0       ;
;      - my_computer:U1|dmem:dmem|RAM~2297                                  ; 0                 ; 0       ;
;      - my_computer:U1|dmem:dmem|RAM~2361                                  ; 0                 ; 0       ;
;      - my_computer:U1|dmem:dmem|RAM~2393                                  ; 0                 ; 0       ;
;      - my_computer:U1|dmem:dmem|RAM~2329                                  ; 0                 ; 0       ;
;      - my_computer:U1|dmem:dmem|RAM~2425                                  ; 0                 ; 0       ;
;      - my_computer:U1|dmem:dmem|RAM~2105                                  ; 0                 ; 0       ;
;      - my_computer:U1|dmem:dmem|RAM~2137                                  ; 0                 ; 0       ;
;      - my_computer:U1|dmem:dmem|RAM~2073                                  ; 0                 ; 0       ;
;      - my_computer:U1|dmem:dmem|RAM~2169                                  ; 0                 ; 0       ;
;      - my_computer:U1|dmem:dmem|RAM~2521                                  ; 0                 ; 0       ;
;      - my_computer:U1|dmem:dmem|RAM~2489                                  ; 0                 ; 0       ;
;      - my_computer:U1|dmem:dmem|RAM~2457                                  ; 0                 ; 0       ;
;      - my_computer:U1|dmem:dmem|RAM~2553                                  ; 0                 ; 0       ;
;      - my_computer:U1|dmem:dmem|RAM~3801                                  ; 0                 ; 0       ;
;      - my_computer:U1|dmem:dmem|RAM~3929                                  ; 0                 ; 0       ;
;      - my_computer:U1|dmem:dmem|RAM~3673                                  ; 0                 ; 0       ;
;      - my_computer:U1|dmem:dmem|RAM~4057                                  ; 0                 ; 0       ;
;      - my_computer:U1|dmem:dmem|RAM~3897                                  ; 0                 ; 0       ;
;      - my_computer:U1|dmem:dmem|RAM~3769                                  ; 0                 ; 0       ;
;      - my_computer:U1|dmem:dmem|RAM~3641                                  ; 0                 ; 0       ;
;      - my_computer:U1|dmem:dmem|RAM~4025                                  ; 0                 ; 0       ;
;      - my_computer:U1|dmem:dmem|RAM~3737                                  ; 0                 ; 0       ;
;      - my_computer:U1|dmem:dmem|RAM~3865                                  ; 0                 ; 0       ;
;      - my_computer:U1|dmem:dmem|RAM~3609                                  ; 0                 ; 0       ;
;      - my_computer:U1|dmem:dmem|RAM~3993                                  ; 0                 ; 0       ;
;      - my_computer:U1|dmem:dmem|RAM~3961                                  ; 0                 ; 0       ;
;      - my_computer:U1|dmem:dmem|RAM~3833                                  ; 0                 ; 0       ;
;      - my_computer:U1|dmem:dmem|RAM~3705                                  ; 0                 ; 0       ;
;      - my_computer:U1|dmem:dmem|RAM~4089                                  ; 0                 ; 0       ;
;      - my_computer:U1|dmem:dmem|RAM~1368                                  ; 0                 ; 0       ;
;      - my_computer:U1|dmem:dmem|RAM~1336                                  ; 0                 ; 0       ;
;      - my_computer:U1|dmem:dmem|RAM~1304                                  ; 0                 ; 0       ;
;      - my_computer:U1|dmem:dmem|RAM~1400                                  ; 0                 ; 0       ;
;      - my_computer:U1|dmem:dmem|RAM~1208                                  ; 0                 ; 0       ;
;      - my_computer:U1|dmem:dmem|RAM~1240                                  ; 0                 ; 0       ;
;      - my_computer:U1|dmem:dmem|RAM~1176                                  ; 0                 ; 0       ;
;      - my_computer:U1|dmem:dmem|RAM~1272                                  ; 0                 ; 0       ;
;      - my_computer:U1|dmem:dmem|RAM~1112                                  ; 0                 ; 0       ;
;      - my_computer:U1|dmem:dmem|RAM~1080                                  ; 0                 ; 0       ;
;      - my_computer:U1|dmem:dmem|RAM~1048                                  ; 0                 ; 0       ;
;      - my_computer:U1|dmem:dmem|RAM~1144                                  ; 0                 ; 0       ;
;      - my_computer:U1|dmem:dmem|RAM~1464                                  ; 0                 ; 0       ;
;      - my_computer:U1|dmem:dmem|RAM~1496                                  ; 0                 ; 0       ;
;      - my_computer:U1|dmem:dmem|RAM~1432                                  ; 0                 ; 0       ;
;      - my_computer:U1|dmem:dmem|RAM~1528                                  ; 0                 ; 0       ;
;      - my_computer:U1|dmem:dmem|RAM~696                                   ; 0                 ; 0       ;
;      - my_computer:U1|dmem:dmem|RAM~824                                   ; 0                 ; 0       ;
;      - my_computer:U1|dmem:dmem|RAM~568                                   ; 0                 ; 0       ;
;      - my_computer:U1|dmem:dmem|RAM~952                                   ; 0                 ; 0       ;
;      - my_computer:U1|dmem:dmem|RAM~856                                   ; 0                 ; 0       ;
;      - my_computer:U1|dmem:dmem|RAM~728                                   ; 0                 ; 0       ;
;      - my_computer:U1|dmem:dmem|RAM~600                                   ; 0                 ; 0       ;
;      - my_computer:U1|dmem:dmem|RAM~984                                   ; 0                 ; 0       ;
;      - my_computer:U1|dmem:dmem|RAM~792                                   ; 0                 ; 0       ;
;      - my_computer:U1|dmem:dmem|RAM~664                                   ; 0                 ; 0       ;
;      - my_computer:U1|dmem:dmem|RAM~536                                   ; 0                 ; 0       ;
;      - my_computer:U1|dmem:dmem|RAM~920                                   ; 0                 ; 0       ;
;      - my_computer:U1|dmem:dmem|RAM~760                                   ; 0                 ; 0       ;
;      - my_computer:U1|dmem:dmem|RAM~888                                   ; 0                 ; 0       ;
;      - my_computer:U1|dmem:dmem|RAM~632                                   ; 0                 ; 0       ;
;      - my_computer:U1|dmem:dmem|RAM~1016                                  ; 0                 ; 0       ;
;      - my_computer:U1|dmem:dmem|RAM~216                                   ; 0                 ; 0       ;
;      - my_computer:U1|dmem:dmem|RAM~184                                   ; 0                 ; 0       ;
;      - my_computer:U1|dmem:dmem|RAM~152                                   ; 0                 ; 0       ;
;      - my_computer:U1|dmem:dmem|RAM~248                                   ; 0                 ; 0       ;
;      - my_computer:U1|dmem:dmem|RAM~312                                   ; 0                 ; 0       ;
;      - my_computer:U1|dmem:dmem|RAM~344                                   ; 0                 ; 0       ;
;      - my_computer:U1|dmem:dmem|RAM~280                                   ; 0                 ; 0       ;
;      - my_computer:U1|dmem:dmem|RAM~376                                   ; 0                 ; 0       ;
;      - my_computer:U1|dmem:dmem|RAM~56                                    ; 0                 ; 0       ;
;      - my_computer:U1|dmem:dmem|RAM~88                                    ; 0                 ; 0       ;
;      - my_computer:U1|dmem:dmem|RAM~24                                    ; 0                 ; 0       ;
;      - my_computer:U1|dmem:dmem|RAM~120                                   ; 0                 ; 0       ;
;      - my_computer:U1|dmem:dmem|RAM~472                                   ; 0                 ; 0       ;
;      - my_computer:U1|dmem:dmem|RAM~440                                   ; 0                 ; 0       ;
;      - my_computer:U1|dmem:dmem|RAM~408                                   ; 0                 ; 0       ;
;      - my_computer:U1|dmem:dmem|RAM~504                                   ; 0                 ; 0       ;
;      - my_computer:U1|dmem:dmem|RAM~1752                                  ; 0                 ; 0       ;
;      - my_computer:U1|dmem:dmem|RAM~1880                                  ; 0                 ; 0       ;
;      - my_computer:U1|dmem:dmem|RAM~1624                                  ; 0                 ; 0       ;
;      - my_computer:U1|dmem:dmem|RAM~2008                                  ; 0                 ; 0       ;
;      - my_computer:U1|dmem:dmem|RAM~1848                                  ; 0                 ; 0       ;
;      - my_computer:U1|dmem:dmem|RAM~1720                                  ; 0                 ; 0       ;
;      - my_computer:U1|dmem:dmem|RAM~1592                                  ; 0                 ; 0       ;
;      - my_computer:U1|dmem:dmem|RAM~1976                                  ; 0                 ; 0       ;
;      - my_computer:U1|dmem:dmem|RAM~1688                                  ; 0                 ; 0       ;
;      - my_computer:U1|dmem:dmem|RAM~1816                                  ; 0                 ; 0       ;
;      - my_computer:U1|dmem:dmem|RAM~1560                                  ; 0                 ; 0       ;
;      - my_computer:U1|dmem:dmem|RAM~1944                                  ; 0                 ; 0       ;
;      - my_computer:U1|dmem:dmem|RAM~1912                                  ; 0                 ; 0       ;
;      - my_computer:U1|dmem:dmem|RAM~1784                                  ; 0                 ; 0       ;
;      - my_computer:U1|dmem:dmem|RAM~1656                                  ; 0                 ; 0       ;
;      - my_computer:U1|dmem:dmem|RAM~2040                                  ; 0                 ; 0       ;
;      - my_computer:U1|dmem:dmem|RAM~2744                                  ; 0                 ; 0       ;
;      - my_computer:U1|dmem:dmem|RAM~2872                                  ; 0                 ; 0       ;
;      - my_computer:U1|dmem:dmem|RAM~2616                                  ; 0                 ; 0       ;
;      - my_computer:U1|dmem:dmem|RAM~3000                                  ; 0                 ; 0       ;
;      - my_computer:U1|dmem:dmem|RAM~2904                                  ; 0                 ; 0       ;
;      - my_computer:U1|dmem:dmem|RAM~2776                                  ; 0                 ; 0       ;
;      - my_computer:U1|dmem:dmem|RAM~2648                                  ; 0                 ; 0       ;
;      - my_computer:U1|dmem:dmem|RAM~3032                                  ; 0                 ; 0       ;
;      - my_computer:U1|dmem:dmem|RAM~2840                                  ; 0                 ; 0       ;
;      - my_computer:U1|dmem:dmem|RAM~2712                                  ; 0                 ; 0       ;
;      - my_computer:U1|dmem:dmem|RAM~2584                                  ; 0                 ; 0       ;
;      - my_computer:U1|dmem:dmem|RAM~2968                                  ; 0                 ; 0       ;
;      - my_computer:U1|dmem:dmem|RAM~2808                                  ; 0                 ; 0       ;
;      - my_computer:U1|dmem:dmem|RAM~2936                                  ; 0                 ; 0       ;
;      - my_computer:U1|dmem:dmem|RAM~2680                                  ; 0                 ; 0       ;
;      - my_computer:U1|dmem:dmem|RAM~3064                                  ; 0                 ; 0       ;
;      - my_computer:U1|dmem:dmem|RAM~3416                                  ; 0                 ; 0       ;
;      - my_computer:U1|dmem:dmem|RAM~3384                                  ; 0                 ; 0       ;
;      - my_computer:U1|dmem:dmem|RAM~3352                                  ; 0                 ; 0       ;
;      - my_computer:U1|dmem:dmem|RAM~3448                                  ; 0                 ; 0       ;
;      - my_computer:U1|dmem:dmem|RAM~3256                                  ; 0                 ; 0       ;
;      - my_computer:U1|dmem:dmem|RAM~3288                                  ; 0                 ; 0       ;
;      - my_computer:U1|dmem:dmem|RAM~3224                                  ; 0                 ; 0       ;
;      - my_computer:U1|dmem:dmem|RAM~3320                                  ; 0                 ; 0       ;
;      - my_computer:U1|dmem:dmem|RAM~3160                                  ; 0                 ; 0       ;
;      - my_computer:U1|dmem:dmem|RAM~3128                                  ; 0                 ; 0       ;
;      - my_computer:U1|dmem:dmem|RAM~3096                                  ; 0                 ; 0       ;
;      - my_computer:U1|dmem:dmem|RAM~3192                                  ; 0                 ; 0       ;
;      - my_computer:U1|dmem:dmem|RAM~3512                                  ; 0                 ; 0       ;
;      - my_computer:U1|dmem:dmem|RAM~3544                                  ; 0                 ; 0       ;
;      - my_computer:U1|dmem:dmem|RAM~3480                                  ; 0                 ; 0       ;
;      - my_computer:U1|dmem:dmem|RAM~3576                                  ; 0                 ; 0       ;
;      - my_computer:U1|dmem:dmem|RAM~2264                                  ; 0                 ; 0       ;
;      - my_computer:U1|dmem:dmem|RAM~2232                                  ; 0                 ; 0       ;
;      - my_computer:U1|dmem:dmem|RAM~2200                                  ; 0                 ; 0       ;
;      - my_computer:U1|dmem:dmem|RAM~2296                                  ; 0                 ; 0       ;
;      - my_computer:U1|dmem:dmem|RAM~2360                                  ; 0                 ; 0       ;
;      - my_computer:U1|dmem:dmem|RAM~2392                                  ; 0                 ; 0       ;
;      - my_computer:U1|dmem:dmem|RAM~2328                                  ; 0                 ; 0       ;
;      - my_computer:U1|dmem:dmem|RAM~2424                                  ; 0                 ; 0       ;
;      - my_computer:U1|dmem:dmem|RAM~2104                                  ; 0                 ; 0       ;
;      - my_computer:U1|dmem:dmem|RAM~2136                                  ; 0                 ; 0       ;
;      - my_computer:U1|dmem:dmem|RAM~2072                                  ; 0                 ; 0       ;
;      - my_computer:U1|dmem:dmem|RAM~2168                                  ; 0                 ; 0       ;
;      - my_computer:U1|dmem:dmem|RAM~2520                                  ; 0                 ; 0       ;
;      - my_computer:U1|dmem:dmem|RAM~2488                                  ; 0                 ; 0       ;
;      - my_computer:U1|dmem:dmem|RAM~2456                                  ; 0                 ; 0       ;
;      - my_computer:U1|dmem:dmem|RAM~2552                                  ; 0                 ; 0       ;
;      - my_computer:U1|dmem:dmem|RAM~3800                                  ; 0                 ; 0       ;
;      - my_computer:U1|dmem:dmem|RAM~3928                                  ; 0                 ; 0       ;
;      - my_computer:U1|dmem:dmem|RAM~3672                                  ; 0                 ; 0       ;
;      - my_computer:U1|dmem:dmem|RAM~4056                                  ; 0                 ; 0       ;
;      - my_computer:U1|dmem:dmem|RAM~3896                                  ; 0                 ; 0       ;
;      - my_computer:U1|dmem:dmem|RAM~3768                                  ; 0                 ; 0       ;
;      - my_computer:U1|dmem:dmem|RAM~3640                                  ; 0                 ; 0       ;
;      - my_computer:U1|dmem:dmem|RAM~4024                                  ; 0                 ; 0       ;
;      - my_computer:U1|dmem:dmem|RAM~3736                                  ; 0                 ; 0       ;
;      - my_computer:U1|dmem:dmem|RAM~3864                                  ; 0                 ; 0       ;
;      - my_computer:U1|dmem:dmem|RAM~3608                                  ; 0                 ; 0       ;
;      - my_computer:U1|dmem:dmem|RAM~3992                                  ; 0                 ; 0       ;
;      - my_computer:U1|dmem:dmem|RAM~3960                                  ; 0                 ; 0       ;
;      - my_computer:U1|dmem:dmem|RAM~3832                                  ; 0                 ; 0       ;
;      - my_computer:U1|dmem:dmem|RAM~3704                                  ; 0                 ; 0       ;
;      - my_computer:U1|dmem:dmem|RAM~4088                                  ; 0                 ; 0       ;
;      - my_computer:U1|dmem:dmem|RAM~2743                                  ; 0                 ; 0       ;
;      - my_computer:U1|dmem:dmem|RAM~2871                                  ; 0                 ; 0       ;
;      - my_computer:U1|dmem:dmem|RAM~2615                                  ; 0                 ; 0       ;
;      - my_computer:U1|dmem:dmem|RAM~2999                                  ; 0                 ; 0       ;
;      - my_computer:U1|dmem:dmem|RAM~2903                                  ; 0                 ; 0       ;
;      - my_computer:U1|dmem:dmem|RAM~2775                                  ; 0                 ; 0       ;
;      - my_computer:U1|dmem:dmem|RAM~2647                                  ; 0                 ; 0       ;
;      - my_computer:U1|dmem:dmem|RAM~3031                                  ; 0                 ; 0       ;
;      - my_computer:U1|dmem:dmem|RAM~2839                                  ; 0                 ; 0       ;
;      - my_computer:U1|dmem:dmem|RAM~2711                                  ; 0                 ; 0       ;
;      - my_computer:U1|dmem:dmem|RAM~2583                                  ; 0                 ; 0       ;
;      - my_computer:U1|dmem:dmem|RAM~2967                                  ; 0                 ; 0       ;
;      - my_computer:U1|dmem:dmem|RAM~2807                                  ; 0                 ; 0       ;
;      - my_computer:U1|dmem:dmem|RAM~2935                                  ; 0                 ; 0       ;
;      - my_computer:U1|dmem:dmem|RAM~2679                                  ; 0                 ; 0       ;
;      - my_computer:U1|dmem:dmem|RAM~3063                                  ; 0                 ; 0       ;
;      - my_computer:U1|dmem:dmem|RAM~3415                                  ; 0                 ; 0       ;
;      - my_computer:U1|dmem:dmem|RAM~3383                                  ; 0                 ; 0       ;
;      - my_computer:U1|dmem:dmem|RAM~3351                                  ; 0                 ; 0       ;
;      - my_computer:U1|dmem:dmem|RAM~3447                                  ; 0                 ; 0       ;
;      - my_computer:U1|dmem:dmem|RAM~3255                                  ; 0                 ; 0       ;
;      - my_computer:U1|dmem:dmem|RAM~3287                                  ; 0                 ; 0       ;
;      - my_computer:U1|dmem:dmem|RAM~3223                                  ; 0                 ; 0       ;
;      - my_computer:U1|dmem:dmem|RAM~3319                                  ; 0                 ; 0       ;
;      - my_computer:U1|dmem:dmem|RAM~3159                                  ; 0                 ; 0       ;
;      - my_computer:U1|dmem:dmem|RAM~3127                                  ; 0                 ; 0       ;
;      - my_computer:U1|dmem:dmem|RAM~3095                                  ; 0                 ; 0       ;
;      - my_computer:U1|dmem:dmem|RAM~3191                                  ; 0                 ; 0       ;
;      - my_computer:U1|dmem:dmem|RAM~3511                                  ; 0                 ; 0       ;
;      - my_computer:U1|dmem:dmem|RAM~3543                                  ; 0                 ; 0       ;
;      - my_computer:U1|dmem:dmem|RAM~3479                                  ; 0                 ; 0       ;
;      - my_computer:U1|dmem:dmem|RAM~3575                                  ; 0                 ; 0       ;
;      - my_computer:U1|dmem:dmem|RAM~2263                                  ; 0                 ; 0       ;
;      - my_computer:U1|dmem:dmem|RAM~2231                                  ; 0                 ; 0       ;
;      - my_computer:U1|dmem:dmem|RAM~2199                                  ; 0                 ; 0       ;
;      - my_computer:U1|dmem:dmem|RAM~2295                                  ; 0                 ; 0       ;
;      - my_computer:U1|dmem:dmem|RAM~2359                                  ; 0                 ; 0       ;
;      - my_computer:U1|dmem:dmem|RAM~2391                                  ; 0                 ; 0       ;
;      - my_computer:U1|dmem:dmem|RAM~2327                                  ; 0                 ; 0       ;
;      - my_computer:U1|dmem:dmem|RAM~2423                                  ; 0                 ; 0       ;
;      - my_computer:U1|dmem:dmem|RAM~2103                                  ; 0                 ; 0       ;
;      - my_computer:U1|dmem:dmem|RAM~2135                                  ; 0                 ; 0       ;
;      - my_computer:U1|dmem:dmem|RAM~2071                                  ; 0                 ; 0       ;
;      - my_computer:U1|dmem:dmem|RAM~2167                                  ; 0                 ; 0       ;
;      - my_computer:U1|dmem:dmem|RAM~2519                                  ; 0                 ; 0       ;
;      - my_computer:U1|dmem:dmem|RAM~2487                                  ; 0                 ; 0       ;
;      - my_computer:U1|dmem:dmem|RAM~2455                                  ; 0                 ; 0       ;
;      - my_computer:U1|dmem:dmem|RAM~2551                                  ; 0                 ; 0       ;
;      - my_computer:U1|dmem:dmem|RAM~3799                                  ; 0                 ; 0       ;
;      - my_computer:U1|dmem:dmem|RAM~3927                                  ; 0                 ; 0       ;
;      - my_computer:U1|dmem:dmem|RAM~3671                                  ; 0                 ; 0       ;
;      - my_computer:U1|dmem:dmem|RAM~4055                                  ; 0                 ; 0       ;
;      - my_computer:U1|dmem:dmem|RAM~3895                                  ; 0                 ; 0       ;
;      - my_computer:U1|dmem:dmem|RAM~3767                                  ; 0                 ; 0       ;
;      - my_computer:U1|dmem:dmem|RAM~3639                                  ; 0                 ; 0       ;
;      - my_computer:U1|dmem:dmem|RAM~4023                                  ; 0                 ; 0       ;
;      - my_computer:U1|dmem:dmem|RAM~3735                                  ; 0                 ; 0       ;
;      - my_computer:U1|dmem:dmem|RAM~3863                                  ; 0                 ; 0       ;
;      - my_computer:U1|dmem:dmem|RAM~3607                                  ; 0                 ; 0       ;
;      - my_computer:U1|dmem:dmem|RAM~3991                                  ; 0                 ; 0       ;
;      - my_computer:U1|dmem:dmem|RAM~3959                                  ; 0                 ; 0       ;
;      - my_computer:U1|dmem:dmem|RAM~3831                                  ; 0                 ; 0       ;
;      - my_computer:U1|dmem:dmem|RAM~3703                                  ; 0                 ; 0       ;
;      - my_computer:U1|dmem:dmem|RAM~4087                                  ; 0                 ; 0       ;
;      - my_computer:U1|dmem:dmem|RAM~1367                                  ; 0                 ; 0       ;
;      - my_computer:U1|dmem:dmem|RAM~1335                                  ; 0                 ; 0       ;
;      - my_computer:U1|dmem:dmem|RAM~1303                                  ; 0                 ; 0       ;
;      - my_computer:U1|dmem:dmem|RAM~1399                                  ; 0                 ; 0       ;
;      - my_computer:U1|dmem:dmem|RAM~1207                                  ; 0                 ; 0       ;
;      - my_computer:U1|dmem:dmem|RAM~1239                                  ; 0                 ; 0       ;
;      - my_computer:U1|dmem:dmem|RAM~1175                                  ; 0                 ; 0       ;
;      - my_computer:U1|dmem:dmem|RAM~1271                                  ; 0                 ; 0       ;
;      - my_computer:U1|dmem:dmem|RAM~1111                                  ; 0                 ; 0       ;
;      - my_computer:U1|dmem:dmem|RAM~1079                                  ; 0                 ; 0       ;
;      - my_computer:U1|dmem:dmem|RAM~1047                                  ; 0                 ; 0       ;
;      - my_computer:U1|dmem:dmem|RAM~1143                                  ; 0                 ; 0       ;
;      - my_computer:U1|dmem:dmem|RAM~1463                                  ; 0                 ; 0       ;
;      - my_computer:U1|dmem:dmem|RAM~1495                                  ; 0                 ; 0       ;
;      - my_computer:U1|dmem:dmem|RAM~1431                                  ; 0                 ; 0       ;
;      - my_computer:U1|dmem:dmem|RAM~1527                                  ; 0                 ; 0       ;
;      - my_computer:U1|dmem:dmem|RAM~695                                   ; 0                 ; 0       ;
;      - my_computer:U1|dmem:dmem|RAM~823                                   ; 0                 ; 0       ;
;      - my_computer:U1|dmem:dmem|RAM~567                                   ; 0                 ; 0       ;
;      - my_computer:U1|dmem:dmem|RAM~951                                   ; 0                 ; 0       ;
;      - my_computer:U1|dmem:dmem|RAM~855                                   ; 0                 ; 0       ;
;      - my_computer:U1|dmem:dmem|RAM~727                                   ; 0                 ; 0       ;
;      - my_computer:U1|dmem:dmem|RAM~599                                   ; 0                 ; 0       ;
;      - my_computer:U1|dmem:dmem|RAM~983                                   ; 0                 ; 0       ;
;      - my_computer:U1|dmem:dmem|RAM~791                                   ; 0                 ; 0       ;
;      - my_computer:U1|dmem:dmem|RAM~663                                   ; 0                 ; 0       ;
;      - my_computer:U1|dmem:dmem|RAM~535                                   ; 0                 ; 0       ;
;      - my_computer:U1|dmem:dmem|RAM~919                                   ; 0                 ; 0       ;
;      - my_computer:U1|dmem:dmem|RAM~759                                   ; 0                 ; 0       ;
;      - my_computer:U1|dmem:dmem|RAM~887                                   ; 0                 ; 0       ;
;      - my_computer:U1|dmem:dmem|RAM~631                                   ; 0                 ; 0       ;
;      - my_computer:U1|dmem:dmem|RAM~1015                                  ; 0                 ; 0       ;
;      - my_computer:U1|dmem:dmem|RAM~215                                   ; 0                 ; 0       ;
;      - my_computer:U1|dmem:dmem|RAM~183                                   ; 0                 ; 0       ;
;      - my_computer:U1|dmem:dmem|RAM~151                                   ; 0                 ; 0       ;
;      - my_computer:U1|dmem:dmem|RAM~247                                   ; 0                 ; 0       ;
;      - my_computer:U1|dmem:dmem|RAM~311                                   ; 0                 ; 0       ;
;      - my_computer:U1|dmem:dmem|RAM~343                                   ; 0                 ; 0       ;
;      - my_computer:U1|dmem:dmem|RAM~279                                   ; 0                 ; 0       ;
;      - my_computer:U1|dmem:dmem|RAM~375                                   ; 0                 ; 0       ;
;      - my_computer:U1|dmem:dmem|RAM~55                                    ; 0                 ; 0       ;
;      - my_computer:U1|dmem:dmem|RAM~87                                    ; 0                 ; 0       ;
;      - my_computer:U1|dmem:dmem|RAM~23                                    ; 0                 ; 0       ;
;      - my_computer:U1|dmem:dmem|RAM~119                                   ; 0                 ; 0       ;
;      - my_computer:U1|dmem:dmem|RAM~471                                   ; 0                 ; 0       ;
;      - my_computer:U1|dmem:dmem|RAM~439                                   ; 0                 ; 0       ;
;      - my_computer:U1|dmem:dmem|RAM~407                                   ; 0                 ; 0       ;
;      - my_computer:U1|dmem:dmem|RAM~503                                   ; 0                 ; 0       ;
;      - my_computer:U1|dmem:dmem|RAM~1751                                  ; 0                 ; 0       ;
;      - my_computer:U1|dmem:dmem|RAM~1879                                  ; 0                 ; 0       ;
;      - my_computer:U1|dmem:dmem|RAM~1623                                  ; 0                 ; 0       ;
;      - my_computer:U1|dmem:dmem|RAM~2007                                  ; 0                 ; 0       ;
;      - my_computer:U1|dmem:dmem|RAM~1847                                  ; 0                 ; 0       ;
;      - my_computer:U1|dmem:dmem|RAM~1719                                  ; 0                 ; 0       ;
;      - my_computer:U1|dmem:dmem|RAM~1591                                  ; 0                 ; 0       ;
;      - my_computer:U1|dmem:dmem|RAM~1975                                  ; 0                 ; 0       ;
;      - my_computer:U1|dmem:dmem|RAM~1687                                  ; 0                 ; 0       ;
;      - my_computer:U1|dmem:dmem|RAM~1815                                  ; 0                 ; 0       ;
;      - my_computer:U1|dmem:dmem|RAM~1559                                  ; 0                 ; 0       ;
;      - my_computer:U1|dmem:dmem|RAM~1943                                  ; 0                 ; 0       ;
;      - my_computer:U1|dmem:dmem|RAM~1911                                  ; 0                 ; 0       ;
;      - my_computer:U1|dmem:dmem|RAM~1783                                  ; 0                 ; 0       ;
;      - my_computer:U1|dmem:dmem|RAM~1655                                  ; 0                 ; 0       ;
;      - my_computer:U1|dmem:dmem|RAM~2039                                  ; 0                 ; 0       ;
;      - my_computer:U1|dmem:dmem|RAM~2742                                  ; 0                 ; 0       ;
;      - my_computer:U1|dmem:dmem|RAM~2870                                  ; 0                 ; 0       ;
;      - my_computer:U1|dmem:dmem|RAM~2614                                  ; 0                 ; 0       ;
;      - my_computer:U1|dmem:dmem|RAM~2998                                  ; 0                 ; 0       ;
;      - my_computer:U1|dmem:dmem|RAM~2902                                  ; 0                 ; 0       ;
;      - my_computer:U1|dmem:dmem|RAM~2774                                  ; 0                 ; 0       ;
;      - my_computer:U1|dmem:dmem|RAM~2646                                  ; 0                 ; 0       ;
;      - my_computer:U1|dmem:dmem|RAM~3030                                  ; 0                 ; 0       ;
;      - my_computer:U1|dmem:dmem|RAM~2838                                  ; 0                 ; 0       ;
;      - my_computer:U1|dmem:dmem|RAM~2710                                  ; 0                 ; 0       ;
;      - my_computer:U1|dmem:dmem|RAM~2582                                  ; 0                 ; 0       ;
;      - my_computer:U1|dmem:dmem|RAM~2966                                  ; 0                 ; 0       ;
;      - my_computer:U1|dmem:dmem|RAM~2806                                  ; 0                 ; 0       ;
;      - my_computer:U1|dmem:dmem|RAM~2934                                  ; 0                 ; 0       ;
;      - my_computer:U1|dmem:dmem|RAM~2678                                  ; 0                 ; 0       ;
;      - my_computer:U1|dmem:dmem|RAM~3062                                  ; 0                 ; 0       ;
;      - my_computer:U1|dmem:dmem|RAM~3414                                  ; 0                 ; 0       ;
;      - my_computer:U1|dmem:dmem|RAM~3382                                  ; 0                 ; 0       ;
;      - my_computer:U1|dmem:dmem|RAM~3350                                  ; 0                 ; 0       ;
;      - my_computer:U1|dmem:dmem|RAM~3446                                  ; 0                 ; 0       ;
;      - my_computer:U1|dmem:dmem|RAM~3254                                  ; 0                 ; 0       ;
;      - my_computer:U1|dmem:dmem|RAM~3286                                  ; 0                 ; 0       ;
;      - my_computer:U1|dmem:dmem|RAM~3222                                  ; 0                 ; 0       ;
;      - my_computer:U1|dmem:dmem|RAM~3318                                  ; 0                 ; 0       ;
;      - my_computer:U1|dmem:dmem|RAM~3158                                  ; 0                 ; 0       ;
;      - my_computer:U1|dmem:dmem|RAM~3126                                  ; 0                 ; 0       ;
;      - my_computer:U1|dmem:dmem|RAM~3094                                  ; 0                 ; 0       ;
;      - my_computer:U1|dmem:dmem|RAM~3190                                  ; 0                 ; 0       ;
;      - my_computer:U1|dmem:dmem|RAM~3510                                  ; 0                 ; 0       ;
;      - my_computer:U1|dmem:dmem|RAM~3542                                  ; 0                 ; 0       ;
;      - my_computer:U1|dmem:dmem|RAM~3478                                  ; 0                 ; 0       ;
;      - my_computer:U1|dmem:dmem|RAM~3574                                  ; 0                 ; 0       ;
;      - my_computer:U1|dmem:dmem|RAM~2262                                  ; 0                 ; 0       ;
;      - my_computer:U1|dmem:dmem|RAM~2230                                  ; 0                 ; 0       ;
;      - my_computer:U1|dmem:dmem|RAM~2198                                  ; 0                 ; 0       ;
;      - my_computer:U1|dmem:dmem|RAM~2294                                  ; 0                 ; 0       ;
;      - my_computer:U1|dmem:dmem|RAM~2358                                  ; 0                 ; 0       ;
;      - my_computer:U1|dmem:dmem|RAM~2390                                  ; 0                 ; 0       ;
;      - my_computer:U1|dmem:dmem|RAM~2326                                  ; 0                 ; 0       ;
;      - my_computer:U1|dmem:dmem|RAM~2422                                  ; 0                 ; 0       ;
;      - my_computer:U1|dmem:dmem|RAM~2102                                  ; 0                 ; 0       ;
;      - my_computer:U1|dmem:dmem|RAM~2134                                  ; 0                 ; 0       ;
;      - my_computer:U1|dmem:dmem|RAM~2070                                  ; 0                 ; 0       ;
;      - my_computer:U1|dmem:dmem|RAM~2166                                  ; 0                 ; 0       ;
;      - my_computer:U1|dmem:dmem|RAM~2518                                  ; 0                 ; 0       ;
;      - my_computer:U1|dmem:dmem|RAM~2486                                  ; 0                 ; 0       ;
;      - my_computer:U1|dmem:dmem|RAM~2454                                  ; 0                 ; 0       ;
;      - my_computer:U1|dmem:dmem|RAM~2550                                  ; 0                 ; 0       ;
;      - my_computer:U1|dmem:dmem|RAM~3798                                  ; 0                 ; 0       ;
;      - my_computer:U1|dmem:dmem|RAM~3926                                  ; 0                 ; 0       ;
;      - my_computer:U1|dmem:dmem|RAM~3670                                  ; 0                 ; 0       ;
;      - my_computer:U1|dmem:dmem|RAM~4054                                  ; 0                 ; 0       ;
;      - my_computer:U1|dmem:dmem|RAM~3894                                  ; 0                 ; 0       ;
;      - my_computer:U1|dmem:dmem|RAM~3766                                  ; 0                 ; 0       ;
;      - my_computer:U1|dmem:dmem|RAM~3638                                  ; 0                 ; 0       ;
;      - my_computer:U1|dmem:dmem|RAM~4022                                  ; 0                 ; 0       ;
;      - my_computer:U1|dmem:dmem|RAM~3734                                  ; 0                 ; 0       ;
;      - my_computer:U1|dmem:dmem|RAM~3862                                  ; 0                 ; 0       ;
;      - my_computer:U1|dmem:dmem|RAM~3606                                  ; 0                 ; 0       ;
;      - my_computer:U1|dmem:dmem|RAM~3990                                  ; 0                 ; 0       ;
;      - my_computer:U1|dmem:dmem|RAM~3958                                  ; 0                 ; 0       ;
;      - my_computer:U1|dmem:dmem|RAM~3830                                  ; 0                 ; 0       ;
;      - my_computer:U1|dmem:dmem|RAM~3702                                  ; 0                 ; 0       ;
;      - my_computer:U1|dmem:dmem|RAM~4086                                  ; 0                 ; 0       ;
;      - my_computer:U1|dmem:dmem|RAM~1366                                  ; 0                 ; 0       ;
;      - my_computer:U1|dmem:dmem|RAM~1334                                  ; 0                 ; 0       ;
;      - my_computer:U1|dmem:dmem|RAM~1302                                  ; 0                 ; 0       ;
;      - my_computer:U1|dmem:dmem|RAM~1398                                  ; 0                 ; 0       ;
;      - my_computer:U1|dmem:dmem|RAM~1206                                  ; 0                 ; 0       ;
;      - my_computer:U1|dmem:dmem|RAM~1238                                  ; 0                 ; 0       ;
;      - my_computer:U1|dmem:dmem|RAM~1174                                  ; 0                 ; 0       ;
;      - my_computer:U1|dmem:dmem|RAM~1270                                  ; 0                 ; 0       ;
;      - my_computer:U1|dmem:dmem|RAM~1110                                  ; 0                 ; 0       ;
;      - my_computer:U1|dmem:dmem|RAM~1078                                  ; 0                 ; 0       ;
;      - my_computer:U1|dmem:dmem|RAM~1046                                  ; 0                 ; 0       ;
;      - my_computer:U1|dmem:dmem|RAM~1142                                  ; 0                 ; 0       ;
;      - my_computer:U1|dmem:dmem|RAM~1462                                  ; 0                 ; 0       ;
;      - my_computer:U1|dmem:dmem|RAM~1494                                  ; 0                 ; 0       ;
;      - my_computer:U1|dmem:dmem|RAM~1430                                  ; 0                 ; 0       ;
;      - my_computer:U1|dmem:dmem|RAM~1526                                  ; 0                 ; 0       ;
;      - my_computer:U1|dmem:dmem|RAM~694                                   ; 0                 ; 0       ;
;      - my_computer:U1|dmem:dmem|RAM~822                                   ; 0                 ; 0       ;
;      - my_computer:U1|dmem:dmem|RAM~566                                   ; 0                 ; 0       ;
;      - my_computer:U1|dmem:dmem|RAM~950                                   ; 0                 ; 0       ;
;      - my_computer:U1|dmem:dmem|RAM~854                                   ; 0                 ; 0       ;
;      - my_computer:U1|dmem:dmem|RAM~726                                   ; 0                 ; 0       ;
;      - my_computer:U1|dmem:dmem|RAM~598                                   ; 0                 ; 0       ;
;      - my_computer:U1|dmem:dmem|RAM~982                                   ; 0                 ; 0       ;
;      - my_computer:U1|dmem:dmem|RAM~790                                   ; 0                 ; 0       ;
;      - my_computer:U1|dmem:dmem|RAM~662                                   ; 0                 ; 0       ;
;      - my_computer:U1|dmem:dmem|RAM~534                                   ; 0                 ; 0       ;
;      - my_computer:U1|dmem:dmem|RAM~918                                   ; 0                 ; 0       ;
;      - my_computer:U1|dmem:dmem|RAM~758                                   ; 0                 ; 0       ;
;      - my_computer:U1|dmem:dmem|RAM~886                                   ; 0                 ; 0       ;
;      - my_computer:U1|dmem:dmem|RAM~630                                   ; 0                 ; 0       ;
;      - my_computer:U1|dmem:dmem|RAM~1014                                  ; 0                 ; 0       ;
;      - my_computer:U1|dmem:dmem|RAM~214                                   ; 0                 ; 0       ;
;      - my_computer:U1|dmem:dmem|RAM~182                                   ; 0                 ; 0       ;
;      - my_computer:U1|dmem:dmem|RAM~150                                   ; 0                 ; 0       ;
;      - my_computer:U1|dmem:dmem|RAM~246                                   ; 0                 ; 0       ;
;      - my_computer:U1|dmem:dmem|RAM~310                                   ; 0                 ; 0       ;
;      - my_computer:U1|dmem:dmem|RAM~342                                   ; 0                 ; 0       ;
;      - my_computer:U1|dmem:dmem|RAM~278                                   ; 0                 ; 0       ;
;      - my_computer:U1|dmem:dmem|RAM~374                                   ; 0                 ; 0       ;
;      - my_computer:U1|dmem:dmem|RAM~54                                    ; 0                 ; 0       ;
;      - my_computer:U1|dmem:dmem|RAM~86                                    ; 0                 ; 0       ;
;      - my_computer:U1|dmem:dmem|RAM~22                                    ; 0                 ; 0       ;
;      - my_computer:U1|dmem:dmem|RAM~118                                   ; 0                 ; 0       ;
;      - my_computer:U1|dmem:dmem|RAM~470                                   ; 0                 ; 0       ;
;      - my_computer:U1|dmem:dmem|RAM~438                                   ; 0                 ; 0       ;
;      - my_computer:U1|dmem:dmem|RAM~406                                   ; 0                 ; 0       ;
;      - my_computer:U1|dmem:dmem|RAM~502                                   ; 0                 ; 0       ;
;      - my_computer:U1|dmem:dmem|RAM~1750                                  ; 0                 ; 0       ;
;      - my_computer:U1|dmem:dmem|RAM~1878                                  ; 0                 ; 0       ;
;      - my_computer:U1|dmem:dmem|RAM~1622                                  ; 0                 ; 0       ;
;      - my_computer:U1|dmem:dmem|RAM~2006                                  ; 0                 ; 0       ;
;      - my_computer:U1|dmem:dmem|RAM~1846                                  ; 0                 ; 0       ;
;      - my_computer:U1|dmem:dmem|RAM~1718                                  ; 0                 ; 0       ;
;      - my_computer:U1|dmem:dmem|RAM~1590                                  ; 0                 ; 0       ;
;      - my_computer:U1|dmem:dmem|RAM~1974                                  ; 0                 ; 0       ;
;      - my_computer:U1|dmem:dmem|RAM~1686                                  ; 0                 ; 0       ;
;      - my_computer:U1|dmem:dmem|RAM~1814                                  ; 0                 ; 0       ;
;      - my_computer:U1|dmem:dmem|RAM~1558                                  ; 0                 ; 0       ;
;      - my_computer:U1|dmem:dmem|RAM~1942                                  ; 0                 ; 0       ;
;      - my_computer:U1|dmem:dmem|RAM~1910                                  ; 0                 ; 0       ;
;      - my_computer:U1|dmem:dmem|RAM~1782                                  ; 0                 ; 0       ;
;      - my_computer:U1|dmem:dmem|RAM~1654                                  ; 0                 ; 0       ;
;      - my_computer:U1|dmem:dmem|RAM~2038                                  ; 0                 ; 0       ;
;      - my_computer:U1|dmem:dmem|RAM~2741                                  ; 0                 ; 0       ;
;      - my_computer:U1|dmem:dmem|RAM~2869                                  ; 0                 ; 0       ;
;      - my_computer:U1|dmem:dmem|RAM~2613                                  ; 0                 ; 0       ;
;      - my_computer:U1|dmem:dmem|RAM~2997                                  ; 0                 ; 0       ;
;      - my_computer:U1|dmem:dmem|RAM~2901                                  ; 0                 ; 0       ;
;      - my_computer:U1|dmem:dmem|RAM~2773                                  ; 0                 ; 0       ;
;      - my_computer:U1|dmem:dmem|RAM~2645                                  ; 0                 ; 0       ;
;      - my_computer:U1|dmem:dmem|RAM~3029                                  ; 0                 ; 0       ;
;      - my_computer:U1|dmem:dmem|RAM~2837                                  ; 0                 ; 0       ;
;      - my_computer:U1|dmem:dmem|RAM~2709                                  ; 0                 ; 0       ;
;      - my_computer:U1|dmem:dmem|RAM~2581                                  ; 0                 ; 0       ;
;      - my_computer:U1|dmem:dmem|RAM~2965                                  ; 0                 ; 0       ;
;      - my_computer:U1|dmem:dmem|RAM~2805                                  ; 0                 ; 0       ;
;      - my_computer:U1|dmem:dmem|RAM~2933                                  ; 0                 ; 0       ;
;      - my_computer:U1|dmem:dmem|RAM~2677                                  ; 0                 ; 0       ;
;      - my_computer:U1|dmem:dmem|RAM~3061                                  ; 0                 ; 0       ;
;      - my_computer:U1|dmem:dmem|RAM~3413                                  ; 0                 ; 0       ;
;      - my_computer:U1|dmem:dmem|RAM~3381                                  ; 0                 ; 0       ;
;      - my_computer:U1|dmem:dmem|RAM~3349                                  ; 0                 ; 0       ;
;      - my_computer:U1|dmem:dmem|RAM~3445                                  ; 0                 ; 0       ;
;      - my_computer:U1|dmem:dmem|RAM~3253                                  ; 0                 ; 0       ;
;      - my_computer:U1|dmem:dmem|RAM~3285                                  ; 0                 ; 0       ;
;      - my_computer:U1|dmem:dmem|RAM~3221                                  ; 0                 ; 0       ;
;      - my_computer:U1|dmem:dmem|RAM~3317                                  ; 0                 ; 0       ;
;      - my_computer:U1|dmem:dmem|RAM~3157                                  ; 0                 ; 0       ;
;      - my_computer:U1|dmem:dmem|RAM~3125                                  ; 0                 ; 0       ;
;      - my_computer:U1|dmem:dmem|RAM~3093                                  ; 0                 ; 0       ;
;      - my_computer:U1|dmem:dmem|RAM~3189                                  ; 0                 ; 0       ;
;      - my_computer:U1|dmem:dmem|RAM~3509                                  ; 0                 ; 0       ;
;      - my_computer:U1|dmem:dmem|RAM~3541                                  ; 0                 ; 0       ;
;      - my_computer:U1|dmem:dmem|RAM~3477                                  ; 0                 ; 0       ;
;      - my_computer:U1|dmem:dmem|RAM~3573                                  ; 0                 ; 0       ;
;      - my_computer:U1|dmem:dmem|RAM~2261                                  ; 0                 ; 0       ;
;      - my_computer:U1|dmem:dmem|RAM~2229                                  ; 0                 ; 0       ;
;      - my_computer:U1|dmem:dmem|RAM~2197                                  ; 0                 ; 0       ;
;      - my_computer:U1|dmem:dmem|RAM~2293                                  ; 0                 ; 0       ;
;      - my_computer:U1|dmem:dmem|RAM~2357                                  ; 0                 ; 0       ;
;      - my_computer:U1|dmem:dmem|RAM~2389                                  ; 0                 ; 0       ;
;      - my_computer:U1|dmem:dmem|RAM~2325                                  ; 0                 ; 0       ;
;      - my_computer:U1|dmem:dmem|RAM~2421                                  ; 0                 ; 0       ;
;      - my_computer:U1|dmem:dmem|RAM~2101                                  ; 0                 ; 0       ;
;      - my_computer:U1|dmem:dmem|RAM~2133                                  ; 0                 ; 0       ;
;      - my_computer:U1|dmem:dmem|RAM~2069                                  ; 0                 ; 0       ;
;      - my_computer:U1|dmem:dmem|RAM~2165                                  ; 0                 ; 0       ;
;      - my_computer:U1|dmem:dmem|RAM~2517                                  ; 0                 ; 0       ;
;      - my_computer:U1|dmem:dmem|RAM~2485                                  ; 0                 ; 0       ;
;      - my_computer:U1|dmem:dmem|RAM~2453                                  ; 0                 ; 0       ;
;      - my_computer:U1|dmem:dmem|RAM~2549                                  ; 0                 ; 0       ;
;      - my_computer:U1|dmem:dmem|RAM~3797                                  ; 0                 ; 0       ;
;      - my_computer:U1|dmem:dmem|RAM~3925                                  ; 0                 ; 0       ;
;      - my_computer:U1|dmem:dmem|RAM~3669                                  ; 0                 ; 0       ;
;      - my_computer:U1|dmem:dmem|RAM~4053                                  ; 0                 ; 0       ;
;      - my_computer:U1|dmem:dmem|RAM~3893                                  ; 0                 ; 0       ;
;      - my_computer:U1|dmem:dmem|RAM~3765                                  ; 0                 ; 0       ;
;      - my_computer:U1|dmem:dmem|RAM~3637                                  ; 0                 ; 0       ;
;      - my_computer:U1|dmem:dmem|RAM~4021                                  ; 0                 ; 0       ;
;      - my_computer:U1|dmem:dmem|RAM~3733                                  ; 0                 ; 0       ;
;      - my_computer:U1|dmem:dmem|RAM~3861                                  ; 0                 ; 0       ;
;      - my_computer:U1|dmem:dmem|RAM~3605                                  ; 0                 ; 0       ;
;      - my_computer:U1|dmem:dmem|RAM~3989                                  ; 0                 ; 0       ;
;      - my_computer:U1|dmem:dmem|RAM~3957                                  ; 0                 ; 0       ;
;      - my_computer:U1|dmem:dmem|RAM~3829                                  ; 0                 ; 0       ;
;      - my_computer:U1|dmem:dmem|RAM~3701                                  ; 0                 ; 0       ;
;      - my_computer:U1|dmem:dmem|RAM~4085                                  ; 0                 ; 0       ;
;      - my_computer:U1|dmem:dmem|RAM~1365                                  ; 0                 ; 0       ;
;      - my_computer:U1|dmem:dmem|RAM~1333                                  ; 0                 ; 0       ;
;      - my_computer:U1|dmem:dmem|RAM~1301                                  ; 0                 ; 0       ;
;      - my_computer:U1|dmem:dmem|RAM~1397                                  ; 0                 ; 0       ;
;      - my_computer:U1|dmem:dmem|RAM~1205                                  ; 0                 ; 0       ;
;      - my_computer:U1|dmem:dmem|RAM~1237                                  ; 0                 ; 0       ;
;      - my_computer:U1|dmem:dmem|RAM~1173                                  ; 0                 ; 0       ;
;      - my_computer:U1|dmem:dmem|RAM~1269                                  ; 0                 ; 0       ;
;      - my_computer:U1|dmem:dmem|RAM~1109                                  ; 0                 ; 0       ;
;      - my_computer:U1|dmem:dmem|RAM~1077                                  ; 0                 ; 0       ;
;      - my_computer:U1|dmem:dmem|RAM~1045                                  ; 0                 ; 0       ;
;      - my_computer:U1|dmem:dmem|RAM~1141                                  ; 0                 ; 0       ;
;      - my_computer:U1|dmem:dmem|RAM~1461                                  ; 0                 ; 0       ;
;      - my_computer:U1|dmem:dmem|RAM~1493                                  ; 0                 ; 0       ;
;      - my_computer:U1|dmem:dmem|RAM~1429                                  ; 0                 ; 0       ;
;      - my_computer:U1|dmem:dmem|RAM~1525                                  ; 0                 ; 0       ;
;      - my_computer:U1|dmem:dmem|RAM~693                                   ; 0                 ; 0       ;
;      - my_computer:U1|dmem:dmem|RAM~821                                   ; 0                 ; 0       ;
;      - my_computer:U1|dmem:dmem|RAM~565                                   ; 0                 ; 0       ;
;      - my_computer:U1|dmem:dmem|RAM~949                                   ; 0                 ; 0       ;
;      - my_computer:U1|dmem:dmem|RAM~853                                   ; 0                 ; 0       ;
;      - my_computer:U1|dmem:dmem|RAM~725                                   ; 0                 ; 0       ;
;      - my_computer:U1|dmem:dmem|RAM~597                                   ; 0                 ; 0       ;
;      - my_computer:U1|dmem:dmem|RAM~981                                   ; 0                 ; 0       ;
;      - my_computer:U1|dmem:dmem|RAM~789                                   ; 0                 ; 0       ;
;      - my_computer:U1|dmem:dmem|RAM~661                                   ; 0                 ; 0       ;
;      - my_computer:U1|dmem:dmem|RAM~533                                   ; 0                 ; 0       ;
;      - my_computer:U1|dmem:dmem|RAM~917                                   ; 0                 ; 0       ;
;      - my_computer:U1|dmem:dmem|RAM~757                                   ; 0                 ; 0       ;
;      - my_computer:U1|dmem:dmem|RAM~885                                   ; 0                 ; 0       ;
;      - my_computer:U1|dmem:dmem|RAM~629                                   ; 0                 ; 0       ;
;      - my_computer:U1|dmem:dmem|RAM~1013                                  ; 0                 ; 0       ;
;      - my_computer:U1|dmem:dmem|RAM~213                                   ; 0                 ; 0       ;
;      - my_computer:U1|dmem:dmem|RAM~181                                   ; 0                 ; 0       ;
;      - my_computer:U1|dmem:dmem|RAM~149                                   ; 0                 ; 0       ;
;      - my_computer:U1|dmem:dmem|RAM~245                                   ; 0                 ; 0       ;
;      - my_computer:U1|dmem:dmem|RAM~309                                   ; 0                 ; 0       ;
;      - my_computer:U1|dmem:dmem|RAM~341                                   ; 0                 ; 0       ;
;      - my_computer:U1|dmem:dmem|RAM~277                                   ; 0                 ; 0       ;
;      - my_computer:U1|dmem:dmem|RAM~373                                   ; 0                 ; 0       ;
;      - my_computer:U1|dmem:dmem|RAM~53                                    ; 0                 ; 0       ;
;      - my_computer:U1|dmem:dmem|RAM~85                                    ; 0                 ; 0       ;
;      - my_computer:U1|dmem:dmem|RAM~21                                    ; 0                 ; 0       ;
;      - my_computer:U1|dmem:dmem|RAM~117                                   ; 0                 ; 0       ;
;      - my_computer:U1|dmem:dmem|RAM~469                                   ; 0                 ; 0       ;
;      - my_computer:U1|dmem:dmem|RAM~437                                   ; 0                 ; 0       ;
;      - my_computer:U1|dmem:dmem|RAM~405                                   ; 0                 ; 0       ;
;      - my_computer:U1|dmem:dmem|RAM~501                                   ; 0                 ; 0       ;
;      - my_computer:U1|dmem:dmem|RAM~1749                                  ; 0                 ; 0       ;
;      - my_computer:U1|dmem:dmem|RAM~1877                                  ; 0                 ; 0       ;
;      - my_computer:U1|dmem:dmem|RAM~1621                                  ; 0                 ; 0       ;
;      - my_computer:U1|dmem:dmem|RAM~2005                                  ; 0                 ; 0       ;
;      - my_computer:U1|dmem:dmem|RAM~1845                                  ; 0                 ; 0       ;
;      - my_computer:U1|dmem:dmem|RAM~1717                                  ; 0                 ; 0       ;
;      - my_computer:U1|dmem:dmem|RAM~1589                                  ; 0                 ; 0       ;
;      - my_computer:U1|dmem:dmem|RAM~1973                                  ; 0                 ; 0       ;
;      - my_computer:U1|dmem:dmem|RAM~1685                                  ; 0                 ; 0       ;
;      - my_computer:U1|dmem:dmem|RAM~1813                                  ; 0                 ; 0       ;
;      - my_computer:U1|dmem:dmem|RAM~1557                                  ; 0                 ; 0       ;
;      - my_computer:U1|dmem:dmem|RAM~1941                                  ; 0                 ; 0       ;
;      - my_computer:U1|dmem:dmem|RAM~1909                                  ; 0                 ; 0       ;
;      - my_computer:U1|dmem:dmem|RAM~1781                                  ; 0                 ; 0       ;
;      - my_computer:U1|dmem:dmem|RAM~1653                                  ; 0                 ; 0       ;
;      - my_computer:U1|dmem:dmem|RAM~2037                                  ; 0                 ; 0       ;
;      - my_computer:U1|dmem:dmem|RAM~2740                                  ; 0                 ; 0       ;
;      - my_computer:U1|dmem:dmem|RAM~2868                                  ; 0                 ; 0       ;
;      - my_computer:U1|dmem:dmem|RAM~2612                                  ; 0                 ; 0       ;
;      - my_computer:U1|dmem:dmem|RAM~2996                                  ; 0                 ; 0       ;
;      - my_computer:U1|dmem:dmem|RAM~2900                                  ; 0                 ; 0       ;
;      - my_computer:U1|dmem:dmem|RAM~2772                                  ; 0                 ; 0       ;
;      - my_computer:U1|dmem:dmem|RAM~2644                                  ; 0                 ; 0       ;
;      - my_computer:U1|dmem:dmem|RAM~3028                                  ; 0                 ; 0       ;
;      - my_computer:U1|dmem:dmem|RAM~2836                                  ; 0                 ; 0       ;
;      - my_computer:U1|dmem:dmem|RAM~2708                                  ; 0                 ; 0       ;
;      - my_computer:U1|dmem:dmem|RAM~2580                                  ; 0                 ; 0       ;
;      - my_computer:U1|dmem:dmem|RAM~2964                                  ; 0                 ; 0       ;
;      - my_computer:U1|dmem:dmem|RAM~2804                                  ; 0                 ; 0       ;
;      - my_computer:U1|dmem:dmem|RAM~2932                                  ; 0                 ; 0       ;
;      - my_computer:U1|dmem:dmem|RAM~2676                                  ; 0                 ; 0       ;
;      - my_computer:U1|dmem:dmem|RAM~3060                                  ; 0                 ; 0       ;
;      - my_computer:U1|dmem:dmem|RAM~3412                                  ; 0                 ; 0       ;
;      - my_computer:U1|dmem:dmem|RAM~3380                                  ; 0                 ; 0       ;
;      - my_computer:U1|dmem:dmem|RAM~3348                                  ; 0                 ; 0       ;
;      - my_computer:U1|dmem:dmem|RAM~3444                                  ; 0                 ; 0       ;
;      - my_computer:U1|dmem:dmem|RAM~3252                                  ; 0                 ; 0       ;
;      - my_computer:U1|dmem:dmem|RAM~3284                                  ; 0                 ; 0       ;
;      - my_computer:U1|dmem:dmem|RAM~3220                                  ; 0                 ; 0       ;
;      - my_computer:U1|dmem:dmem|RAM~3316                                  ; 0                 ; 0       ;
;      - my_computer:U1|dmem:dmem|RAM~3156                                  ; 0                 ; 0       ;
;      - my_computer:U1|dmem:dmem|RAM~3124                                  ; 0                 ; 0       ;
;      - my_computer:U1|dmem:dmem|RAM~3092                                  ; 0                 ; 0       ;
;      - my_computer:U1|dmem:dmem|RAM~3188                                  ; 0                 ; 0       ;
;      - my_computer:U1|dmem:dmem|RAM~3508                                  ; 0                 ; 0       ;
;      - my_computer:U1|dmem:dmem|RAM~3540                                  ; 0                 ; 0       ;
;      - my_computer:U1|dmem:dmem|RAM~3476                                  ; 0                 ; 0       ;
;      - my_computer:U1|dmem:dmem|RAM~3572                                  ; 0                 ; 0       ;
;      - my_computer:U1|dmem:dmem|RAM~2260                                  ; 0                 ; 0       ;
;      - my_computer:U1|dmem:dmem|RAM~2228                                  ; 0                 ; 0       ;
;      - my_computer:U1|dmem:dmem|RAM~2196                                  ; 0                 ; 0       ;
;      - my_computer:U1|dmem:dmem|RAM~2292                                  ; 0                 ; 0       ;
;      - my_computer:U1|dmem:dmem|RAM~2356                                  ; 0                 ; 0       ;
;      - my_computer:U1|dmem:dmem|RAM~2388                                  ; 0                 ; 0       ;
;      - my_computer:U1|dmem:dmem|RAM~2324                                  ; 0                 ; 0       ;
;      - my_computer:U1|dmem:dmem|RAM~2420                                  ; 0                 ; 0       ;
;      - my_computer:U1|dmem:dmem|RAM~2100                                  ; 0                 ; 0       ;
;      - my_computer:U1|dmem:dmem|RAM~2132                                  ; 0                 ; 0       ;
;      - my_computer:U1|dmem:dmem|RAM~2068                                  ; 0                 ; 0       ;
;      - my_computer:U1|dmem:dmem|RAM~2164                                  ; 0                 ; 0       ;
;      - my_computer:U1|dmem:dmem|RAM~2516                                  ; 0                 ; 0       ;
;      - my_computer:U1|dmem:dmem|RAM~2484                                  ; 0                 ; 0       ;
;      - my_computer:U1|dmem:dmem|RAM~2452                                  ; 0                 ; 0       ;
;      - my_computer:U1|dmem:dmem|RAM~2548                                  ; 0                 ; 0       ;
;      - my_computer:U1|dmem:dmem|RAM~3796                                  ; 0                 ; 0       ;
;      - my_computer:U1|dmem:dmem|RAM~3924                                  ; 0                 ; 0       ;
;      - my_computer:U1|dmem:dmem|RAM~3668                                  ; 0                 ; 0       ;
;      - my_computer:U1|dmem:dmem|RAM~4052                                  ; 0                 ; 0       ;
;      - my_computer:U1|dmem:dmem|RAM~3892                                  ; 0                 ; 0       ;
;      - my_computer:U1|dmem:dmem|RAM~3764                                  ; 0                 ; 0       ;
;      - my_computer:U1|dmem:dmem|RAM~3636                                  ; 0                 ; 0       ;
;      - my_computer:U1|dmem:dmem|RAM~4020                                  ; 0                 ; 0       ;
;      - my_computer:U1|dmem:dmem|RAM~3732                                  ; 0                 ; 0       ;
;      - my_computer:U1|dmem:dmem|RAM~3860                                  ; 0                 ; 0       ;
;      - my_computer:U1|dmem:dmem|RAM~3604                                  ; 0                 ; 0       ;
;      - my_computer:U1|dmem:dmem|RAM~3988                                  ; 0                 ; 0       ;
;      - my_computer:U1|dmem:dmem|RAM~3956                                  ; 0                 ; 0       ;
;      - my_computer:U1|dmem:dmem|RAM~3828                                  ; 0                 ; 0       ;
;      - my_computer:U1|dmem:dmem|RAM~3700                                  ; 0                 ; 0       ;
;      - my_computer:U1|dmem:dmem|RAM~4084                                  ; 0                 ; 0       ;
;      - my_computer:U1|dmem:dmem|RAM~1364                                  ; 0                 ; 0       ;
;      - my_computer:U1|dmem:dmem|RAM~1332                                  ; 0                 ; 0       ;
;      - my_computer:U1|dmem:dmem|RAM~1300                                  ; 0                 ; 0       ;
;      - my_computer:U1|dmem:dmem|RAM~1396                                  ; 0                 ; 0       ;
;      - my_computer:U1|dmem:dmem|RAM~1204                                  ; 0                 ; 0       ;
;      - my_computer:U1|dmem:dmem|RAM~1236                                  ; 0                 ; 0       ;
;      - my_computer:U1|dmem:dmem|RAM~1172                                  ; 0                 ; 0       ;
;      - my_computer:U1|dmem:dmem|RAM~1268                                  ; 0                 ; 0       ;
;      - my_computer:U1|dmem:dmem|RAM~1108                                  ; 0                 ; 0       ;
;      - my_computer:U1|dmem:dmem|RAM~1076                                  ; 0                 ; 0       ;
;      - my_computer:U1|dmem:dmem|RAM~1044                                  ; 0                 ; 0       ;
;      - my_computer:U1|dmem:dmem|RAM~1140                                  ; 0                 ; 0       ;
;      - my_computer:U1|dmem:dmem|RAM~1460                                  ; 0                 ; 0       ;
;      - my_computer:U1|dmem:dmem|RAM~1492                                  ; 0                 ; 0       ;
;      - my_computer:U1|dmem:dmem|RAM~1428                                  ; 0                 ; 0       ;
;      - my_computer:U1|dmem:dmem|RAM~1524                                  ; 0                 ; 0       ;
;      - my_computer:U1|dmem:dmem|RAM~692                                   ; 0                 ; 0       ;
;      - my_computer:U1|dmem:dmem|RAM~820                                   ; 0                 ; 0       ;
;      - my_computer:U1|dmem:dmem|RAM~564                                   ; 0                 ; 0       ;
;      - my_computer:U1|dmem:dmem|RAM~948                                   ; 0                 ; 0       ;
;      - my_computer:U1|dmem:dmem|RAM~852                                   ; 0                 ; 0       ;
;      - my_computer:U1|dmem:dmem|RAM~724                                   ; 0                 ; 0       ;
;      - my_computer:U1|dmem:dmem|RAM~596                                   ; 0                 ; 0       ;
;      - my_computer:U1|dmem:dmem|RAM~980                                   ; 0                 ; 0       ;
;      - my_computer:U1|dmem:dmem|RAM~788                                   ; 0                 ; 0       ;
;      - my_computer:U1|dmem:dmem|RAM~660                                   ; 0                 ; 0       ;
;      - my_computer:U1|dmem:dmem|RAM~532                                   ; 0                 ; 0       ;
;      - my_computer:U1|dmem:dmem|RAM~916                                   ; 0                 ; 0       ;
;      - my_computer:U1|dmem:dmem|RAM~756                                   ; 0                 ; 0       ;
;      - my_computer:U1|dmem:dmem|RAM~884                                   ; 0                 ; 0       ;
;      - my_computer:U1|dmem:dmem|RAM~628                                   ; 0                 ; 0       ;
;      - my_computer:U1|dmem:dmem|RAM~1012                                  ; 0                 ; 0       ;
;      - my_computer:U1|dmem:dmem|RAM~212                                   ; 0                 ; 0       ;
;      - my_computer:U1|dmem:dmem|RAM~180                                   ; 0                 ; 0       ;
;      - my_computer:U1|dmem:dmem|RAM~148                                   ; 0                 ; 0       ;
;      - my_computer:U1|dmem:dmem|RAM~244                                   ; 0                 ; 0       ;
;      - my_computer:U1|dmem:dmem|RAM~308                                   ; 0                 ; 0       ;
;      - my_computer:U1|dmem:dmem|RAM~340                                   ; 0                 ; 0       ;
;      - my_computer:U1|dmem:dmem|RAM~276                                   ; 0                 ; 0       ;
;      - my_computer:U1|dmem:dmem|RAM~372                                   ; 0                 ; 0       ;
;      - my_computer:U1|dmem:dmem|RAM~52                                    ; 0                 ; 0       ;
;      - my_computer:U1|dmem:dmem|RAM~84                                    ; 0                 ; 0       ;
;      - my_computer:U1|dmem:dmem|RAM~20                                    ; 0                 ; 0       ;
;      - my_computer:U1|dmem:dmem|RAM~116                                   ; 0                 ; 0       ;
;      - my_computer:U1|dmem:dmem|RAM~468                                   ; 0                 ; 0       ;
;      - my_computer:U1|dmem:dmem|RAM~436                                   ; 0                 ; 0       ;
;      - my_computer:U1|dmem:dmem|RAM~404                                   ; 0                 ; 0       ;
;      - my_computer:U1|dmem:dmem|RAM~500                                   ; 0                 ; 0       ;
;      - my_computer:U1|dmem:dmem|RAM~1748                                  ; 0                 ; 0       ;
;      - my_computer:U1|dmem:dmem|RAM~1876                                  ; 0                 ; 0       ;
;      - my_computer:U1|dmem:dmem|RAM~1620                                  ; 0                 ; 0       ;
;      - my_computer:U1|dmem:dmem|RAM~2004                                  ; 0                 ; 0       ;
;      - my_computer:U1|dmem:dmem|RAM~1844                                  ; 0                 ; 0       ;
;      - my_computer:U1|dmem:dmem|RAM~1716                                  ; 0                 ; 0       ;
;      - my_computer:U1|dmem:dmem|RAM~1588                                  ; 0                 ; 0       ;
;      - my_computer:U1|dmem:dmem|RAM~1972                                  ; 0                 ; 0       ;
;      - my_computer:U1|dmem:dmem|RAM~1684                                  ; 0                 ; 0       ;
;      - my_computer:U1|dmem:dmem|RAM~1812                                  ; 0                 ; 0       ;
;      - my_computer:U1|dmem:dmem|RAM~1556                                  ; 0                 ; 0       ;
;      - my_computer:U1|dmem:dmem|RAM~1940                                  ; 0                 ; 0       ;
;      - my_computer:U1|dmem:dmem|RAM~1908                                  ; 0                 ; 0       ;
;      - my_computer:U1|dmem:dmem|RAM~1780                                  ; 0                 ; 0       ;
;      - my_computer:U1|dmem:dmem|RAM~1652                                  ; 0                 ; 0       ;
;      - my_computer:U1|dmem:dmem|RAM~2036                                  ; 0                 ; 0       ;
;      - my_computer:U1|dmem:dmem|RAM~2739                                  ; 0                 ; 0       ;
;      - my_computer:U1|dmem:dmem|RAM~2867                                  ; 0                 ; 0       ;
;      - my_computer:U1|dmem:dmem|RAM~2611                                  ; 0                 ; 0       ;
;      - my_computer:U1|dmem:dmem|RAM~2995                                  ; 0                 ; 0       ;
;      - my_computer:U1|dmem:dmem|RAM~2899                                  ; 0                 ; 0       ;
;      - my_computer:U1|dmem:dmem|RAM~2771                                  ; 0                 ; 0       ;
;      - my_computer:U1|dmem:dmem|RAM~2643                                  ; 0                 ; 0       ;
;      - my_computer:U1|dmem:dmem|RAM~3027                                  ; 0                 ; 0       ;
;      - my_computer:U1|dmem:dmem|RAM~2835                                  ; 0                 ; 0       ;
;      - my_computer:U1|dmem:dmem|RAM~2707                                  ; 0                 ; 0       ;
;      - my_computer:U1|dmem:dmem|RAM~2579                                  ; 0                 ; 0       ;
;      - my_computer:U1|dmem:dmem|RAM~2963                                  ; 0                 ; 0       ;
;      - my_computer:U1|dmem:dmem|RAM~2803                                  ; 0                 ; 0       ;
;      - my_computer:U1|dmem:dmem|RAM~2931                                  ; 0                 ; 0       ;
;      - my_computer:U1|dmem:dmem|RAM~2675                                  ; 0                 ; 0       ;
;      - my_computer:U1|dmem:dmem|RAM~3059                                  ; 0                 ; 0       ;
;      - my_computer:U1|dmem:dmem|RAM~3411                                  ; 0                 ; 0       ;
;      - my_computer:U1|dmem:dmem|RAM~3379                                  ; 0                 ; 0       ;
;      - my_computer:U1|dmem:dmem|RAM~3347                                  ; 0                 ; 0       ;
;      - my_computer:U1|dmem:dmem|RAM~3443                                  ; 0                 ; 0       ;
;      - my_computer:U1|dmem:dmem|RAM~3251                                  ; 0                 ; 0       ;
;      - my_computer:U1|dmem:dmem|RAM~3283                                  ; 0                 ; 0       ;
;      - my_computer:U1|dmem:dmem|RAM~3219                                  ; 0                 ; 0       ;
;      - my_computer:U1|dmem:dmem|RAM~3315                                  ; 0                 ; 0       ;
;      - my_computer:U1|dmem:dmem|RAM~3155                                  ; 0                 ; 0       ;
;      - my_computer:U1|dmem:dmem|RAM~3123                                  ; 0                 ; 0       ;
;      - my_computer:U1|dmem:dmem|RAM~3091                                  ; 0                 ; 0       ;
;      - my_computer:U1|dmem:dmem|RAM~3187                                  ; 0                 ; 0       ;
;      - my_computer:U1|dmem:dmem|RAM~3507                                  ; 0                 ; 0       ;
;      - my_computer:U1|dmem:dmem|RAM~3539                                  ; 0                 ; 0       ;
;      - my_computer:U1|dmem:dmem|RAM~3475                                  ; 0                 ; 0       ;
;      - my_computer:U1|dmem:dmem|RAM~3571                                  ; 0                 ; 0       ;
;      - my_computer:U1|dmem:dmem|RAM~2259                                  ; 0                 ; 0       ;
;      - my_computer:U1|dmem:dmem|RAM~2227                                  ; 0                 ; 0       ;
;      - my_computer:U1|dmem:dmem|RAM~2195                                  ; 0                 ; 0       ;
;      - my_computer:U1|dmem:dmem|RAM~2291                                  ; 0                 ; 0       ;
;      - my_computer:U1|dmem:dmem|RAM~2355                                  ; 0                 ; 0       ;
;      - my_computer:U1|dmem:dmem|RAM~2387                                  ; 0                 ; 0       ;
;      - my_computer:U1|dmem:dmem|RAM~2323                                  ; 0                 ; 0       ;
;      - my_computer:U1|dmem:dmem|RAM~2419                                  ; 0                 ; 0       ;
;      - my_computer:U1|dmem:dmem|RAM~2099                                  ; 0                 ; 0       ;
;      - my_computer:U1|dmem:dmem|RAM~2131                                  ; 0                 ; 0       ;
;      - my_computer:U1|dmem:dmem|RAM~2067                                  ; 0                 ; 0       ;
;      - my_computer:U1|dmem:dmem|RAM~2163                                  ; 0                 ; 0       ;
;      - my_computer:U1|dmem:dmem|RAM~2515                                  ; 0                 ; 0       ;
;      - my_computer:U1|dmem:dmem|RAM~2483                                  ; 0                 ; 0       ;
;      - my_computer:U1|dmem:dmem|RAM~2451                                  ; 0                 ; 0       ;
;      - my_computer:U1|dmem:dmem|RAM~2547                                  ; 0                 ; 0       ;
;      - my_computer:U1|dmem:dmem|RAM~3795                                  ; 0                 ; 0       ;
;      - my_computer:U1|dmem:dmem|RAM~3923                                  ; 0                 ; 0       ;
;      - my_computer:U1|dmem:dmem|RAM~3667                                  ; 0                 ; 0       ;
;      - my_computer:U1|dmem:dmem|RAM~4051                                  ; 0                 ; 0       ;
;      - my_computer:U1|dmem:dmem|RAM~3891                                  ; 0                 ; 0       ;
;      - my_computer:U1|dmem:dmem|RAM~3763                                  ; 0                 ; 0       ;
;      - my_computer:U1|dmem:dmem|RAM~3635                                  ; 0                 ; 0       ;
;      - my_computer:U1|dmem:dmem|RAM~4019                                  ; 0                 ; 0       ;
;      - my_computer:U1|dmem:dmem|RAM~3731                                  ; 0                 ; 0       ;
;      - my_computer:U1|dmem:dmem|RAM~3859                                  ; 0                 ; 0       ;
;      - my_computer:U1|dmem:dmem|RAM~3603                                  ; 0                 ; 0       ;
;      - my_computer:U1|dmem:dmem|RAM~3987                                  ; 0                 ; 0       ;
;      - my_computer:U1|dmem:dmem|RAM~3955                                  ; 0                 ; 0       ;
;      - my_computer:U1|dmem:dmem|RAM~3827                                  ; 0                 ; 0       ;
;      - my_computer:U1|dmem:dmem|RAM~3699                                  ; 0                 ; 0       ;
;      - my_computer:U1|dmem:dmem|RAM~4083                                  ; 0                 ; 0       ;
;      - my_computer:U1|dmem:dmem|RAM~1363                                  ; 0                 ; 0       ;
;      - my_computer:U1|dmem:dmem|RAM~1331                                  ; 0                 ; 0       ;
;      - my_computer:U1|dmem:dmem|RAM~1299                                  ; 0                 ; 0       ;
;      - my_computer:U1|dmem:dmem|RAM~1395                                  ; 0                 ; 0       ;
;      - my_computer:U1|dmem:dmem|RAM~1203                                  ; 0                 ; 0       ;
;      - my_computer:U1|dmem:dmem|RAM~1235                                  ; 0                 ; 0       ;
;      - my_computer:U1|dmem:dmem|RAM~1171                                  ; 0                 ; 0       ;
;      - my_computer:U1|dmem:dmem|RAM~1267                                  ; 0                 ; 0       ;
;      - my_computer:U1|dmem:dmem|RAM~1107                                  ; 0                 ; 0       ;
;      - my_computer:U1|dmem:dmem|RAM~1075                                  ; 0                 ; 0       ;
;      - my_computer:U1|dmem:dmem|RAM~1043                                  ; 0                 ; 0       ;
;      - my_computer:U1|dmem:dmem|RAM~1139                                  ; 0                 ; 0       ;
;      - my_computer:U1|dmem:dmem|RAM~1459                                  ; 0                 ; 0       ;
;      - my_computer:U1|dmem:dmem|RAM~1491                                  ; 0                 ; 0       ;
;      - my_computer:U1|dmem:dmem|RAM~1427                                  ; 0                 ; 0       ;
;      - my_computer:U1|dmem:dmem|RAM~1523                                  ; 0                 ; 0       ;
;      - my_computer:U1|dmem:dmem|RAM~691                                   ; 0                 ; 0       ;
;      - my_computer:U1|dmem:dmem|RAM~819                                   ; 0                 ; 0       ;
;      - my_computer:U1|dmem:dmem|RAM~563                                   ; 0                 ; 0       ;
;      - my_computer:U1|dmem:dmem|RAM~947                                   ; 0                 ; 0       ;
;      - my_computer:U1|dmem:dmem|RAM~851                                   ; 0                 ; 0       ;
;      - my_computer:U1|dmem:dmem|RAM~723                                   ; 0                 ; 0       ;
;      - my_computer:U1|dmem:dmem|RAM~595                                   ; 0                 ; 0       ;
;      - my_computer:U1|dmem:dmem|RAM~979                                   ; 0                 ; 0       ;
;      - my_computer:U1|dmem:dmem|RAM~787                                   ; 0                 ; 0       ;
;      - my_computer:U1|dmem:dmem|RAM~659                                   ; 0                 ; 0       ;
;      - my_computer:U1|dmem:dmem|RAM~531                                   ; 0                 ; 0       ;
;      - my_computer:U1|dmem:dmem|RAM~915                                   ; 0                 ; 0       ;
;      - my_computer:U1|dmem:dmem|RAM~755                                   ; 0                 ; 0       ;
;      - my_computer:U1|dmem:dmem|RAM~883                                   ; 0                 ; 0       ;
;      - my_computer:U1|dmem:dmem|RAM~627                                   ; 0                 ; 0       ;
;      - my_computer:U1|dmem:dmem|RAM~1011                                  ; 0                 ; 0       ;
;      - my_computer:U1|dmem:dmem|RAM~211                                   ; 0                 ; 0       ;
;      - my_computer:U1|dmem:dmem|RAM~179                                   ; 0                 ; 0       ;
;      - my_computer:U1|dmem:dmem|RAM~147                                   ; 0                 ; 0       ;
;      - my_computer:U1|dmem:dmem|RAM~243                                   ; 0                 ; 0       ;
;      - my_computer:U1|dmem:dmem|RAM~307                                   ; 0                 ; 0       ;
;      - my_computer:U1|dmem:dmem|RAM~339                                   ; 0                 ; 0       ;
;      - my_computer:U1|dmem:dmem|RAM~275                                   ; 0                 ; 0       ;
;      - my_computer:U1|dmem:dmem|RAM~371                                   ; 0                 ; 0       ;
;      - my_computer:U1|dmem:dmem|RAM~51                                    ; 0                 ; 0       ;
;      - my_computer:U1|dmem:dmem|RAM~83                                    ; 0                 ; 0       ;
;      - my_computer:U1|dmem:dmem|RAM~19                                    ; 0                 ; 0       ;
;      - my_computer:U1|dmem:dmem|RAM~115                                   ; 0                 ; 0       ;
;      - my_computer:U1|dmem:dmem|RAM~467                                   ; 0                 ; 0       ;
;      - my_computer:U1|dmem:dmem|RAM~435                                   ; 0                 ; 0       ;
;      - my_computer:U1|dmem:dmem|RAM~403                                   ; 0                 ; 0       ;
;      - my_computer:U1|dmem:dmem|RAM~499                                   ; 0                 ; 0       ;
;      - my_computer:U1|dmem:dmem|RAM~1747                                  ; 0                 ; 0       ;
;      - my_computer:U1|dmem:dmem|RAM~1875                                  ; 0                 ; 0       ;
;      - my_computer:U1|dmem:dmem|RAM~1619                                  ; 0                 ; 0       ;
;      - my_computer:U1|dmem:dmem|RAM~2003                                  ; 0                 ; 0       ;
;      - my_computer:U1|dmem:dmem|RAM~1843                                  ; 0                 ; 0       ;
;      - my_computer:U1|dmem:dmem|RAM~1715                                  ; 0                 ; 0       ;
;      - my_computer:U1|dmem:dmem|RAM~1587                                  ; 0                 ; 0       ;
;      - my_computer:U1|dmem:dmem|RAM~1971                                  ; 0                 ; 0       ;
;      - my_computer:U1|dmem:dmem|RAM~1683                                  ; 0                 ; 0       ;
;      - my_computer:U1|dmem:dmem|RAM~1811                                  ; 0                 ; 0       ;
;      - my_computer:U1|dmem:dmem|RAM~1555                                  ; 0                 ; 0       ;
;      - my_computer:U1|dmem:dmem|RAM~1939                                  ; 0                 ; 0       ;
;      - my_computer:U1|dmem:dmem|RAM~1907                                  ; 0                 ; 0       ;
;      - my_computer:U1|dmem:dmem|RAM~1779                                  ; 0                 ; 0       ;
;      - my_computer:U1|dmem:dmem|RAM~1651                                  ; 0                 ; 0       ;
;      - my_computer:U1|dmem:dmem|RAM~2035                                  ; 0                 ; 0       ;
;      - my_computer:U1|dmem:dmem|RAM~2738                                  ; 0                 ; 0       ;
;      - my_computer:U1|dmem:dmem|RAM~2866                                  ; 0                 ; 0       ;
;      - my_computer:U1|dmem:dmem|RAM~2610                                  ; 0                 ; 0       ;
;      - my_computer:U1|dmem:dmem|RAM~2994                                  ; 0                 ; 0       ;
;      - my_computer:U1|dmem:dmem|RAM~2898                                  ; 0                 ; 0       ;
;      - my_computer:U1|dmem:dmem|RAM~2770                                  ; 0                 ; 0       ;
;      - my_computer:U1|dmem:dmem|RAM~2642                                  ; 0                 ; 0       ;
;      - my_computer:U1|dmem:dmem|RAM~3026                                  ; 0                 ; 0       ;
;      - my_computer:U1|dmem:dmem|RAM~2834                                  ; 0                 ; 0       ;
;      - my_computer:U1|dmem:dmem|RAM~2706                                  ; 0                 ; 0       ;
;      - my_computer:U1|dmem:dmem|RAM~2578                                  ; 0                 ; 0       ;
;      - my_computer:U1|dmem:dmem|RAM~2962                                  ; 0                 ; 0       ;
;      - my_computer:U1|dmem:dmem|RAM~2802                                  ; 0                 ; 0       ;
;      - my_computer:U1|dmem:dmem|RAM~2930                                  ; 0                 ; 0       ;
;      - my_computer:U1|dmem:dmem|RAM~2674                                  ; 0                 ; 0       ;
;      - my_computer:U1|dmem:dmem|RAM~3058                                  ; 0                 ; 0       ;
;      - my_computer:U1|dmem:dmem|RAM~3410                                  ; 0                 ; 0       ;
;      - my_computer:U1|dmem:dmem|RAM~3378                                  ; 0                 ; 0       ;
;      - my_computer:U1|dmem:dmem|RAM~3346                                  ; 0                 ; 0       ;
;      - my_computer:U1|dmem:dmem|RAM~3442                                  ; 0                 ; 0       ;
;      - my_computer:U1|dmem:dmem|RAM~3250                                  ; 0                 ; 0       ;
;      - my_computer:U1|dmem:dmem|RAM~3282                                  ; 0                 ; 0       ;
;      - my_computer:U1|dmem:dmem|RAM~3218                                  ; 0                 ; 0       ;
;      - my_computer:U1|dmem:dmem|RAM~3314                                  ; 0                 ; 0       ;
;      - my_computer:U1|dmem:dmem|RAM~3154                                  ; 0                 ; 0       ;
;      - my_computer:U1|dmem:dmem|RAM~3122                                  ; 0                 ; 0       ;
;      - my_computer:U1|dmem:dmem|RAM~3090                                  ; 0                 ; 0       ;
;      - my_computer:U1|dmem:dmem|RAM~3186                                  ; 0                 ; 0       ;
;      - my_computer:U1|dmem:dmem|RAM~3506                                  ; 0                 ; 0       ;
;      - my_computer:U1|dmem:dmem|RAM~3538                                  ; 0                 ; 0       ;
;      - my_computer:U1|dmem:dmem|RAM~3474                                  ; 0                 ; 0       ;
;      - my_computer:U1|dmem:dmem|RAM~3570                                  ; 0                 ; 0       ;
;      - my_computer:U1|dmem:dmem|RAM~2258                                  ; 0                 ; 0       ;
;      - my_computer:U1|dmem:dmem|RAM~2226                                  ; 0                 ; 0       ;
;      - my_computer:U1|dmem:dmem|RAM~2194                                  ; 0                 ; 0       ;
;      - my_computer:U1|dmem:dmem|RAM~2290                                  ; 0                 ; 0       ;
;      - my_computer:U1|dmem:dmem|RAM~2354                                  ; 0                 ; 0       ;
;      - my_computer:U1|dmem:dmem|RAM~2386                                  ; 0                 ; 0       ;
;      - my_computer:U1|dmem:dmem|RAM~2322                                  ; 0                 ; 0       ;
;      - my_computer:U1|dmem:dmem|RAM~2418                                  ; 0                 ; 0       ;
;      - my_computer:U1|dmem:dmem|RAM~2098                                  ; 0                 ; 0       ;
;      - my_computer:U1|dmem:dmem|RAM~2130                                  ; 0                 ; 0       ;
;      - my_computer:U1|dmem:dmem|RAM~2066                                  ; 0                 ; 0       ;
;      - my_computer:U1|dmem:dmem|RAM~2162                                  ; 0                 ; 0       ;
;      - my_computer:U1|dmem:dmem|RAM~2514                                  ; 0                 ; 0       ;
;      - my_computer:U1|dmem:dmem|RAM~2482                                  ; 0                 ; 0       ;
;      - my_computer:U1|dmem:dmem|RAM~2450                                  ; 0                 ; 0       ;
;      - my_computer:U1|dmem:dmem|RAM~2546                                  ; 0                 ; 0       ;
;      - my_computer:U1|dmem:dmem|RAM~3794                                  ; 0                 ; 0       ;
;      - my_computer:U1|dmem:dmem|RAM~3922                                  ; 0                 ; 0       ;
;      - my_computer:U1|dmem:dmem|RAM~3666                                  ; 0                 ; 0       ;
;      - my_computer:U1|dmem:dmem|RAM~4050                                  ; 0                 ; 0       ;
;      - my_computer:U1|dmem:dmem|RAM~3890                                  ; 0                 ; 0       ;
;      - my_computer:U1|dmem:dmem|RAM~3762                                  ; 0                 ; 0       ;
;      - my_computer:U1|dmem:dmem|RAM~3634                                  ; 0                 ; 0       ;
;      - my_computer:U1|dmem:dmem|RAM~4018                                  ; 0                 ; 0       ;
;      - my_computer:U1|dmem:dmem|RAM~3730                                  ; 0                 ; 0       ;
;      - my_computer:U1|dmem:dmem|RAM~3858                                  ; 0                 ; 0       ;
;      - my_computer:U1|dmem:dmem|RAM~3602                                  ; 0                 ; 0       ;
;      - my_computer:U1|dmem:dmem|RAM~3986                                  ; 0                 ; 0       ;
;      - my_computer:U1|dmem:dmem|RAM~3954                                  ; 0                 ; 0       ;
;      - my_computer:U1|dmem:dmem|RAM~3826                                  ; 0                 ; 0       ;
;      - my_computer:U1|dmem:dmem|RAM~3698                                  ; 0                 ; 0       ;
;      - my_computer:U1|dmem:dmem|RAM~4082                                  ; 0                 ; 0       ;
;      - my_computer:U1|dmem:dmem|RAM~1362                                  ; 0                 ; 0       ;
;      - my_computer:U1|dmem:dmem|RAM~1330                                  ; 0                 ; 0       ;
;      - my_computer:U1|dmem:dmem|RAM~1298                                  ; 0                 ; 0       ;
;      - my_computer:U1|dmem:dmem|RAM~1394                                  ; 0                 ; 0       ;
;      - my_computer:U1|dmem:dmem|RAM~1202                                  ; 0                 ; 0       ;
;      - my_computer:U1|dmem:dmem|RAM~1234                                  ; 0                 ; 0       ;
;      - my_computer:U1|dmem:dmem|RAM~1170                                  ; 0                 ; 0       ;
;      - my_computer:U1|dmem:dmem|RAM~1266                                  ; 0                 ; 0       ;
;      - my_computer:U1|dmem:dmem|RAM~1106                                  ; 0                 ; 0       ;
;      - my_computer:U1|dmem:dmem|RAM~1074                                  ; 0                 ; 0       ;
;      - my_computer:U1|dmem:dmem|RAM~1042                                  ; 0                 ; 0       ;
;      - my_computer:U1|dmem:dmem|RAM~1138                                  ; 0                 ; 0       ;
;      - my_computer:U1|dmem:dmem|RAM~1458                                  ; 0                 ; 0       ;
;      - my_computer:U1|dmem:dmem|RAM~1490                                  ; 0                 ; 0       ;
;      - my_computer:U1|dmem:dmem|RAM~1426                                  ; 0                 ; 0       ;
;      - my_computer:U1|dmem:dmem|RAM~1522                                  ; 0                 ; 0       ;
;      - my_computer:U1|dmem:dmem|RAM~690                                   ; 0                 ; 0       ;
;      - my_computer:U1|dmem:dmem|RAM~818                                   ; 0                 ; 0       ;
;      - my_computer:U1|dmem:dmem|RAM~562                                   ; 0                 ; 0       ;
;      - my_computer:U1|dmem:dmem|RAM~946                                   ; 0                 ; 0       ;
;      - my_computer:U1|dmem:dmem|RAM~850                                   ; 0                 ; 0       ;
;      - my_computer:U1|dmem:dmem|RAM~722                                   ; 0                 ; 0       ;
;      - my_computer:U1|dmem:dmem|RAM~594                                   ; 0                 ; 0       ;
;      - my_computer:U1|dmem:dmem|RAM~978                                   ; 0                 ; 0       ;
;      - my_computer:U1|dmem:dmem|RAM~786                                   ; 0                 ; 0       ;
;      - my_computer:U1|dmem:dmem|RAM~658                                   ; 0                 ; 0       ;
;      - my_computer:U1|dmem:dmem|RAM~530                                   ; 0                 ; 0       ;
;      - my_computer:U1|dmem:dmem|RAM~914                                   ; 0                 ; 0       ;
;      - my_computer:U1|dmem:dmem|RAM~754                                   ; 0                 ; 0       ;
;      - my_computer:U1|dmem:dmem|RAM~882                                   ; 0                 ; 0       ;
;      - my_computer:U1|dmem:dmem|RAM~626                                   ; 0                 ; 0       ;
;      - my_computer:U1|dmem:dmem|RAM~1010                                  ; 0                 ; 0       ;
;      - my_computer:U1|dmem:dmem|RAM~210                                   ; 0                 ; 0       ;
;      - my_computer:U1|dmem:dmem|RAM~178                                   ; 0                 ; 0       ;
;      - my_computer:U1|dmem:dmem|RAM~146                                   ; 0                 ; 0       ;
;      - my_computer:U1|dmem:dmem|RAM~242                                   ; 0                 ; 0       ;
;      - my_computer:U1|dmem:dmem|RAM~306                                   ; 0                 ; 0       ;
;      - my_computer:U1|dmem:dmem|RAM~338                                   ; 0                 ; 0       ;
;      - my_computer:U1|dmem:dmem|RAM~274                                   ; 0                 ; 0       ;
;      - my_computer:U1|dmem:dmem|RAM~370                                   ; 0                 ; 0       ;
;      - my_computer:U1|dmem:dmem|RAM~50                                    ; 0                 ; 0       ;
;      - my_computer:U1|dmem:dmem|RAM~82                                    ; 0                 ; 0       ;
;      - my_computer:U1|dmem:dmem|RAM~18                                    ; 0                 ; 0       ;
;      - my_computer:U1|dmem:dmem|RAM~114                                   ; 0                 ; 0       ;
;      - my_computer:U1|dmem:dmem|RAM~466                                   ; 0                 ; 0       ;
;      - my_computer:U1|dmem:dmem|RAM~434                                   ; 0                 ; 0       ;
;      - my_computer:U1|dmem:dmem|RAM~402                                   ; 0                 ; 0       ;
;      - my_computer:U1|dmem:dmem|RAM~498                                   ; 0                 ; 0       ;
;      - my_computer:U1|dmem:dmem|RAM~1746                                  ; 0                 ; 0       ;
;      - my_computer:U1|dmem:dmem|RAM~1874                                  ; 0                 ; 0       ;
;      - my_computer:U1|dmem:dmem|RAM~1618                                  ; 0                 ; 0       ;
;      - my_computer:U1|dmem:dmem|RAM~2002                                  ; 0                 ; 0       ;
;      - my_computer:U1|dmem:dmem|RAM~1842                                  ; 0                 ; 0       ;
;      - my_computer:U1|dmem:dmem|RAM~1714                                  ; 0                 ; 0       ;
;      - my_computer:U1|dmem:dmem|RAM~1586                                  ; 0                 ; 0       ;
;      - my_computer:U1|dmem:dmem|RAM~1970                                  ; 0                 ; 0       ;
;      - my_computer:U1|dmem:dmem|RAM~1682                                  ; 0                 ; 0       ;
;      - my_computer:U1|dmem:dmem|RAM~1810                                  ; 0                 ; 0       ;
;      - my_computer:U1|dmem:dmem|RAM~1554                                  ; 0                 ; 0       ;
;      - my_computer:U1|dmem:dmem|RAM~1938                                  ; 0                 ; 0       ;
;      - my_computer:U1|dmem:dmem|RAM~1906                                  ; 0                 ; 0       ;
;      - my_computer:U1|dmem:dmem|RAM~1778                                  ; 0                 ; 0       ;
;      - my_computer:U1|dmem:dmem|RAM~1650                                  ; 0                 ; 0       ;
;      - my_computer:U1|dmem:dmem|RAM~2034                                  ; 0                 ; 0       ;
;      - my_computer:U1|dmem:dmem|RAM~2737                                  ; 0                 ; 0       ;
;      - my_computer:U1|dmem:dmem|RAM~2865                                  ; 0                 ; 0       ;
;      - my_computer:U1|dmem:dmem|RAM~2609                                  ; 0                 ; 0       ;
;      - my_computer:U1|dmem:dmem|RAM~2993                                  ; 0                 ; 0       ;
;      - my_computer:U1|dmem:dmem|RAM~2897                                  ; 0                 ; 0       ;
;      - my_computer:U1|dmem:dmem|RAM~2769                                  ; 0                 ; 0       ;
;      - my_computer:U1|dmem:dmem|RAM~2641                                  ; 0                 ; 0       ;
;      - my_computer:U1|dmem:dmem|RAM~3025                                  ; 0                 ; 0       ;
;      - my_computer:U1|dmem:dmem|RAM~2833                                  ; 0                 ; 0       ;
;      - my_computer:U1|dmem:dmem|RAM~2705                                  ; 0                 ; 0       ;
;      - my_computer:U1|dmem:dmem|RAM~2577                                  ; 0                 ; 0       ;
;      - my_computer:U1|dmem:dmem|RAM~2961                                  ; 0                 ; 0       ;
;      - my_computer:U1|dmem:dmem|RAM~2801                                  ; 0                 ; 0       ;
;      - my_computer:U1|dmem:dmem|RAM~2929                                  ; 0                 ; 0       ;
;      - my_computer:U1|dmem:dmem|RAM~2673                                  ; 0                 ; 0       ;
;      - my_computer:U1|dmem:dmem|RAM~3057                                  ; 0                 ; 0       ;
;      - my_computer:U1|dmem:dmem|RAM~3409                                  ; 0                 ; 0       ;
;      - my_computer:U1|dmem:dmem|RAM~3377                                  ; 0                 ; 0       ;
;      - my_computer:U1|dmem:dmem|RAM~3345                                  ; 0                 ; 0       ;
;      - my_computer:U1|dmem:dmem|RAM~3441                                  ; 0                 ; 0       ;
;      - my_computer:U1|dmem:dmem|RAM~3249                                  ; 0                 ; 0       ;
;      - my_computer:U1|dmem:dmem|RAM~3281                                  ; 0                 ; 0       ;
;      - my_computer:U1|dmem:dmem|RAM~3217                                  ; 0                 ; 0       ;
;      - my_computer:U1|dmem:dmem|RAM~3313                                  ; 0                 ; 0       ;
;      - my_computer:U1|dmem:dmem|RAM~3153                                  ; 0                 ; 0       ;
;      - my_computer:U1|dmem:dmem|RAM~3121                                  ; 0                 ; 0       ;
;      - my_computer:U1|dmem:dmem|RAM~3089                                  ; 0                 ; 0       ;
;      - my_computer:U1|dmem:dmem|RAM~3185                                  ; 0                 ; 0       ;
;      - my_computer:U1|dmem:dmem|RAM~3505                                  ; 0                 ; 0       ;
;      - my_computer:U1|dmem:dmem|RAM~3537                                  ; 0                 ; 0       ;
;      - my_computer:U1|dmem:dmem|RAM~3473                                  ; 0                 ; 0       ;
;      - my_computer:U1|dmem:dmem|RAM~3569                                  ; 0                 ; 0       ;
;      - my_computer:U1|dmem:dmem|RAM~2257                                  ; 0                 ; 0       ;
;      - my_computer:U1|dmem:dmem|RAM~2225                                  ; 0                 ; 0       ;
;      - my_computer:U1|dmem:dmem|RAM~2193                                  ; 0                 ; 0       ;
;      - my_computer:U1|dmem:dmem|RAM~2289                                  ; 0                 ; 0       ;
;      - my_computer:U1|dmem:dmem|RAM~2353                                  ; 0                 ; 0       ;
;      - my_computer:U1|dmem:dmem|RAM~2385                                  ; 0                 ; 0       ;
;      - my_computer:U1|dmem:dmem|RAM~2321                                  ; 0                 ; 0       ;
;      - my_computer:U1|dmem:dmem|RAM~2417                                  ; 0                 ; 0       ;
;      - my_computer:U1|dmem:dmem|RAM~2097                                  ; 0                 ; 0       ;
;      - my_computer:U1|dmem:dmem|RAM~2129                                  ; 0                 ; 0       ;
;      - my_computer:U1|dmem:dmem|RAM~2065                                  ; 0                 ; 0       ;
;      - my_computer:U1|dmem:dmem|RAM~2161                                  ; 0                 ; 0       ;
;      - my_computer:U1|dmem:dmem|RAM~2513                                  ; 0                 ; 0       ;
;      - my_computer:U1|dmem:dmem|RAM~2481                                  ; 0                 ; 0       ;
;      - my_computer:U1|dmem:dmem|RAM~2449                                  ; 0                 ; 0       ;
;      - my_computer:U1|dmem:dmem|RAM~2545                                  ; 0                 ; 0       ;
;      - my_computer:U1|dmem:dmem|RAM~3793                                  ; 0                 ; 0       ;
;      - my_computer:U1|dmem:dmem|RAM~3921                                  ; 0                 ; 0       ;
;      - my_computer:U1|dmem:dmem|RAM~3665                                  ; 0                 ; 0       ;
;      - my_computer:U1|dmem:dmem|RAM~4049                                  ; 0                 ; 0       ;
;      - my_computer:U1|dmem:dmem|RAM~3889                                  ; 0                 ; 0       ;
;      - my_computer:U1|dmem:dmem|RAM~3761                                  ; 0                 ; 0       ;
;      - my_computer:U1|dmem:dmem|RAM~3633                                  ; 0                 ; 0       ;
;      - my_computer:U1|dmem:dmem|RAM~4017                                  ; 0                 ; 0       ;
;      - my_computer:U1|dmem:dmem|RAM~3729                                  ; 0                 ; 0       ;
;      - my_computer:U1|dmem:dmem|RAM~3857                                  ; 0                 ; 0       ;
;      - my_computer:U1|dmem:dmem|RAM~3601                                  ; 0                 ; 0       ;
;      - my_computer:U1|dmem:dmem|RAM~3985                                  ; 0                 ; 0       ;
;      - my_computer:U1|dmem:dmem|RAM~3953                                  ; 0                 ; 0       ;
;      - my_computer:U1|dmem:dmem|RAM~3825                                  ; 0                 ; 0       ;
;      - my_computer:U1|dmem:dmem|RAM~3697                                  ; 0                 ; 0       ;
;      - my_computer:U1|dmem:dmem|RAM~4081                                  ; 0                 ; 0       ;
;      - my_computer:U1|dmem:dmem|RAM~1361                                  ; 0                 ; 0       ;
;      - my_computer:U1|dmem:dmem|RAM~1329                                  ; 0                 ; 0       ;
;      - my_computer:U1|dmem:dmem|RAM~1297                                  ; 0                 ; 0       ;
;      - my_computer:U1|dmem:dmem|RAM~1393                                  ; 0                 ; 0       ;
;      - my_computer:U1|dmem:dmem|RAM~1201                                  ; 0                 ; 0       ;
;      - my_computer:U1|dmem:dmem|RAM~1233                                  ; 0                 ; 0       ;
;      - my_computer:U1|dmem:dmem|RAM~1169                                  ; 0                 ; 0       ;
;      - my_computer:U1|dmem:dmem|RAM~1265                                  ; 0                 ; 0       ;
;      - my_computer:U1|dmem:dmem|RAM~1105                                  ; 0                 ; 0       ;
;      - my_computer:U1|dmem:dmem|RAM~1073                                  ; 0                 ; 0       ;
;      - my_computer:U1|dmem:dmem|RAM~1041                                  ; 0                 ; 0       ;
;      - my_computer:U1|dmem:dmem|RAM~1137                                  ; 0                 ; 0       ;
;      - my_computer:U1|dmem:dmem|RAM~1457                                  ; 0                 ; 0       ;
;      - my_computer:U1|dmem:dmem|RAM~1489                                  ; 0                 ; 0       ;
;      - my_computer:U1|dmem:dmem|RAM~1425                                  ; 0                 ; 0       ;
;      - my_computer:U1|dmem:dmem|RAM~1521                                  ; 0                 ; 0       ;
;      - my_computer:U1|dmem:dmem|RAM~689                                   ; 0                 ; 0       ;
;      - my_computer:U1|dmem:dmem|RAM~817                                   ; 0                 ; 0       ;
;      - my_computer:U1|dmem:dmem|RAM~561                                   ; 0                 ; 0       ;
;      - my_computer:U1|dmem:dmem|RAM~945                                   ; 0                 ; 0       ;
;      - my_computer:U1|dmem:dmem|RAM~849                                   ; 0                 ; 0       ;
;      - my_computer:U1|dmem:dmem|RAM~721                                   ; 0                 ; 0       ;
;      - my_computer:U1|dmem:dmem|RAM~593                                   ; 0                 ; 0       ;
;      - my_computer:U1|dmem:dmem|RAM~977                                   ; 0                 ; 0       ;
;      - my_computer:U1|dmem:dmem|RAM~785                                   ; 0                 ; 0       ;
;      - my_computer:U1|dmem:dmem|RAM~657                                   ; 0                 ; 0       ;
;      - my_computer:U1|dmem:dmem|RAM~529                                   ; 0                 ; 0       ;
;      - my_computer:U1|dmem:dmem|RAM~913                                   ; 0                 ; 0       ;
;      - my_computer:U1|dmem:dmem|RAM~753                                   ; 0                 ; 0       ;
;      - my_computer:U1|dmem:dmem|RAM~881                                   ; 0                 ; 0       ;
;      - my_computer:U1|dmem:dmem|RAM~625                                   ; 0                 ; 0       ;
;      - my_computer:U1|dmem:dmem|RAM~1009                                  ; 0                 ; 0       ;
;      - my_computer:U1|dmem:dmem|RAM~209                                   ; 0                 ; 0       ;
;      - my_computer:U1|dmem:dmem|RAM~177                                   ; 0                 ; 0       ;
;      - my_computer:U1|dmem:dmem|RAM~145                                   ; 0                 ; 0       ;
;      - my_computer:U1|dmem:dmem|RAM~241                                   ; 0                 ; 0       ;
;      - my_computer:U1|dmem:dmem|RAM~305                                   ; 0                 ; 0       ;
;      - my_computer:U1|dmem:dmem|RAM~337                                   ; 0                 ; 0       ;
;      - my_computer:U1|dmem:dmem|RAM~273                                   ; 0                 ; 0       ;
;      - my_computer:U1|dmem:dmem|RAM~369                                   ; 0                 ; 0       ;
;      - my_computer:U1|dmem:dmem|RAM~49                                    ; 0                 ; 0       ;
;      - my_computer:U1|dmem:dmem|RAM~81                                    ; 0                 ; 0       ;
;      - my_computer:U1|dmem:dmem|RAM~17                                    ; 0                 ; 0       ;
;      - my_computer:U1|dmem:dmem|RAM~113                                   ; 0                 ; 0       ;
;      - my_computer:U1|dmem:dmem|RAM~465                                   ; 0                 ; 0       ;
;      - my_computer:U1|dmem:dmem|RAM~433                                   ; 0                 ; 0       ;
;      - my_computer:U1|dmem:dmem|RAM~401                                   ; 0                 ; 0       ;
;      - my_computer:U1|dmem:dmem|RAM~497                                   ; 0                 ; 0       ;
;      - my_computer:U1|dmem:dmem|RAM~1745                                  ; 0                 ; 0       ;
;      - my_computer:U1|dmem:dmem|RAM~1873                                  ; 0                 ; 0       ;
;      - my_computer:U1|dmem:dmem|RAM~1617                                  ; 0                 ; 0       ;
;      - my_computer:U1|dmem:dmem|RAM~2001                                  ; 0                 ; 0       ;
;      - my_computer:U1|dmem:dmem|RAM~1841                                  ; 0                 ; 0       ;
;      - my_computer:U1|dmem:dmem|RAM~1713                                  ; 0                 ; 0       ;
;      - my_computer:U1|dmem:dmem|RAM~1585                                  ; 0                 ; 0       ;
;      - my_computer:U1|dmem:dmem|RAM~1969                                  ; 0                 ; 0       ;
;      - my_computer:U1|dmem:dmem|RAM~1681                                  ; 0                 ; 0       ;
;      - my_computer:U1|dmem:dmem|RAM~1809                                  ; 0                 ; 0       ;
;      - my_computer:U1|dmem:dmem|RAM~1553                                  ; 0                 ; 0       ;
;      - my_computer:U1|dmem:dmem|RAM~1937                                  ; 0                 ; 0       ;
;      - my_computer:U1|dmem:dmem|RAM~1905                                  ; 0                 ; 0       ;
;      - my_computer:U1|dmem:dmem|RAM~1777                                  ; 0                 ; 0       ;
;      - my_computer:U1|dmem:dmem|RAM~1649                                  ; 0                 ; 0       ;
;      - my_computer:U1|dmem:dmem|RAM~2033                                  ; 0                 ; 0       ;
;      - my_computer:U1|dmem:dmem|RAM~2736                                  ; 0                 ; 0       ;
;      - my_computer:U1|dmem:dmem|RAM~2864                                  ; 0                 ; 0       ;
;      - my_computer:U1|dmem:dmem|RAM~2608                                  ; 0                 ; 0       ;
;      - my_computer:U1|dmem:dmem|RAM~2992                                  ; 0                 ; 0       ;
;      - my_computer:U1|dmem:dmem|RAM~2896                                  ; 0                 ; 0       ;
;      - my_computer:U1|dmem:dmem|RAM~2768                                  ; 0                 ; 0       ;
;      - my_computer:U1|dmem:dmem|RAM~2640                                  ; 0                 ; 0       ;
;      - my_computer:U1|dmem:dmem|RAM~3024                                  ; 0                 ; 0       ;
;      - my_computer:U1|dmem:dmem|RAM~2832                                  ; 0                 ; 0       ;
;      - my_computer:U1|dmem:dmem|RAM~2704                                  ; 0                 ; 0       ;
;      - my_computer:U1|dmem:dmem|RAM~2576                                  ; 0                 ; 0       ;
;      - my_computer:U1|dmem:dmem|RAM~2960                                  ; 0                 ; 0       ;
;      - my_computer:U1|dmem:dmem|RAM~2800                                  ; 0                 ; 0       ;
;      - my_computer:U1|dmem:dmem|RAM~2928                                  ; 0                 ; 0       ;
;      - my_computer:U1|dmem:dmem|RAM~2672                                  ; 0                 ; 0       ;
;      - my_computer:U1|dmem:dmem|RAM~3056                                  ; 0                 ; 0       ;
;      - my_computer:U1|dmem:dmem|RAM~3408                                  ; 0                 ; 0       ;
;      - my_computer:U1|dmem:dmem|RAM~3376                                  ; 0                 ; 0       ;
;      - my_computer:U1|dmem:dmem|RAM~3344                                  ; 0                 ; 0       ;
;      - my_computer:U1|dmem:dmem|RAM~3440                                  ; 0                 ; 0       ;
;      - my_computer:U1|dmem:dmem|RAM~3248                                  ; 0                 ; 0       ;
;      - my_computer:U1|dmem:dmem|RAM~3280                                  ; 0                 ; 0       ;
;      - my_computer:U1|dmem:dmem|RAM~3216                                  ; 0                 ; 0       ;
;      - my_computer:U1|dmem:dmem|RAM~3312                                  ; 0                 ; 0       ;
;      - my_computer:U1|dmem:dmem|RAM~3152                                  ; 0                 ; 0       ;
;      - my_computer:U1|dmem:dmem|RAM~3120                                  ; 0                 ; 0       ;
;      - my_computer:U1|dmem:dmem|RAM~3088                                  ; 0                 ; 0       ;
;      - my_computer:U1|dmem:dmem|RAM~3184                                  ; 0                 ; 0       ;
;      - my_computer:U1|dmem:dmem|RAM~3504                                  ; 0                 ; 0       ;
;      - my_computer:U1|dmem:dmem|RAM~3536                                  ; 0                 ; 0       ;
;      - my_computer:U1|dmem:dmem|RAM~3472                                  ; 0                 ; 0       ;
;      - my_computer:U1|dmem:dmem|RAM~3568                                  ; 0                 ; 0       ;
;      - my_computer:U1|dmem:dmem|RAM~2256                                  ; 0                 ; 0       ;
;      - my_computer:U1|dmem:dmem|RAM~2224                                  ; 0                 ; 0       ;
;      - my_computer:U1|dmem:dmem|RAM~2192                                  ; 0                 ; 0       ;
;      - my_computer:U1|dmem:dmem|RAM~2288                                  ; 0                 ; 0       ;
;      - my_computer:U1|dmem:dmem|RAM~2352                                  ; 0                 ; 0       ;
;      - my_computer:U1|dmem:dmem|RAM~2384                                  ; 0                 ; 0       ;
;      - my_computer:U1|dmem:dmem|RAM~2320                                  ; 0                 ; 0       ;
;      - my_computer:U1|dmem:dmem|RAM~2416                                  ; 0                 ; 0       ;
;      - my_computer:U1|dmem:dmem|RAM~2096                                  ; 0                 ; 0       ;
;      - my_computer:U1|dmem:dmem|RAM~2128                                  ; 0                 ; 0       ;
;      - my_computer:U1|dmem:dmem|RAM~2064                                  ; 0                 ; 0       ;
;      - my_computer:U1|dmem:dmem|RAM~2160                                  ; 0                 ; 0       ;
;      - my_computer:U1|dmem:dmem|RAM~2512                                  ; 0                 ; 0       ;
;      - my_computer:U1|dmem:dmem|RAM~2480                                  ; 0                 ; 0       ;
;      - my_computer:U1|dmem:dmem|RAM~2448                                  ; 0                 ; 0       ;
;      - my_computer:U1|dmem:dmem|RAM~2544                                  ; 0                 ; 0       ;
;      - my_computer:U1|dmem:dmem|RAM~3792                                  ; 0                 ; 0       ;
;      - my_computer:U1|dmem:dmem|RAM~3920                                  ; 0                 ; 0       ;
;      - my_computer:U1|dmem:dmem|RAM~3664                                  ; 0                 ; 0       ;
;      - my_computer:U1|dmem:dmem|RAM~4048                                  ; 0                 ; 0       ;
;      - my_computer:U1|dmem:dmem|RAM~3888                                  ; 0                 ; 0       ;
;      - my_computer:U1|dmem:dmem|RAM~3760                                  ; 0                 ; 0       ;
;      - my_computer:U1|dmem:dmem|RAM~3632                                  ; 0                 ; 0       ;
;      - my_computer:U1|dmem:dmem|RAM~4016                                  ; 0                 ; 0       ;
;      - my_computer:U1|dmem:dmem|RAM~3728                                  ; 0                 ; 0       ;
;      - my_computer:U1|dmem:dmem|RAM~3856                                  ; 0                 ; 0       ;
;      - my_computer:U1|dmem:dmem|RAM~3600                                  ; 0                 ; 0       ;
;      - my_computer:U1|dmem:dmem|RAM~3984                                  ; 0                 ; 0       ;
;      - my_computer:U1|dmem:dmem|RAM~3952                                  ; 0                 ; 0       ;
;      - my_computer:U1|dmem:dmem|RAM~3824                                  ; 0                 ; 0       ;
;      - my_computer:U1|dmem:dmem|RAM~3696                                  ; 0                 ; 0       ;
;      - my_computer:U1|dmem:dmem|RAM~4080                                  ; 0                 ; 0       ;
;      - my_computer:U1|dmem:dmem|RAM~1360                                  ; 0                 ; 0       ;
;      - my_computer:U1|dmem:dmem|RAM~1328                                  ; 0                 ; 0       ;
;      - my_computer:U1|dmem:dmem|RAM~1296                                  ; 0                 ; 0       ;
;      - my_computer:U1|dmem:dmem|RAM~1392                                  ; 0                 ; 0       ;
;      - my_computer:U1|dmem:dmem|RAM~1200                                  ; 0                 ; 0       ;
;      - my_computer:U1|dmem:dmem|RAM~1232                                  ; 0                 ; 0       ;
;      - my_computer:U1|dmem:dmem|RAM~1168                                  ; 0                 ; 0       ;
;      - my_computer:U1|dmem:dmem|RAM~1264                                  ; 0                 ; 0       ;
;      - my_computer:U1|dmem:dmem|RAM~1104                                  ; 0                 ; 0       ;
;      - my_computer:U1|dmem:dmem|RAM~1072                                  ; 0                 ; 0       ;
;      - my_computer:U1|dmem:dmem|RAM~1040                                  ; 0                 ; 0       ;
;      - my_computer:U1|dmem:dmem|RAM~1136                                  ; 0                 ; 0       ;
;      - my_computer:U1|dmem:dmem|RAM~1456                                  ; 0                 ; 0       ;
;      - my_computer:U1|dmem:dmem|RAM~1488                                  ; 0                 ; 0       ;
;      - my_computer:U1|dmem:dmem|RAM~1424                                  ; 0                 ; 0       ;
;      - my_computer:U1|dmem:dmem|RAM~1520                                  ; 0                 ; 0       ;
;      - my_computer:U1|dmem:dmem|RAM~688                                   ; 0                 ; 0       ;
;      - my_computer:U1|dmem:dmem|RAM~816                                   ; 0                 ; 0       ;
;      - my_computer:U1|dmem:dmem|RAM~560                                   ; 0                 ; 0       ;
;      - my_computer:U1|dmem:dmem|RAM~944                                   ; 0                 ; 0       ;
;      - my_computer:U1|dmem:dmem|RAM~848                                   ; 0                 ; 0       ;
;      - my_computer:U1|dmem:dmem|RAM~720                                   ; 0                 ; 0       ;
;      - my_computer:U1|dmem:dmem|RAM~592                                   ; 0                 ; 0       ;
;      - my_computer:U1|dmem:dmem|RAM~976                                   ; 0                 ; 0       ;
;      - my_computer:U1|dmem:dmem|RAM~784                                   ; 0                 ; 0       ;
;      - my_computer:U1|dmem:dmem|RAM~656                                   ; 0                 ; 0       ;
;      - my_computer:U1|dmem:dmem|RAM~528                                   ; 0                 ; 0       ;
;      - my_computer:U1|dmem:dmem|RAM~912                                   ; 0                 ; 0       ;
;      - my_computer:U1|dmem:dmem|RAM~752                                   ; 0                 ; 0       ;
;      - my_computer:U1|dmem:dmem|RAM~880                                   ; 0                 ; 0       ;
;      - my_computer:U1|dmem:dmem|RAM~624                                   ; 0                 ; 0       ;
;      - my_computer:U1|dmem:dmem|RAM~1008                                  ; 0                 ; 0       ;
;      - my_computer:U1|dmem:dmem|RAM~208                                   ; 0                 ; 0       ;
;      - my_computer:U1|dmem:dmem|RAM~176                                   ; 0                 ; 0       ;
;      - my_computer:U1|dmem:dmem|RAM~144                                   ; 0                 ; 0       ;
;      - my_computer:U1|dmem:dmem|RAM~240                                   ; 0                 ; 0       ;
;      - my_computer:U1|dmem:dmem|RAM~304                                   ; 0                 ; 0       ;
;      - my_computer:U1|dmem:dmem|RAM~336                                   ; 0                 ; 0       ;
;      - my_computer:U1|dmem:dmem|RAM~272                                   ; 0                 ; 0       ;
;      - my_computer:U1|dmem:dmem|RAM~368                                   ; 0                 ; 0       ;
;      - my_computer:U1|dmem:dmem|RAM~48                                    ; 0                 ; 0       ;
;      - my_computer:U1|dmem:dmem|RAM~80                                    ; 0                 ; 0       ;
;      - my_computer:U1|dmem:dmem|RAM~16                                    ; 0                 ; 0       ;
;      - my_computer:U1|dmem:dmem|RAM~112                                   ; 0                 ; 0       ;
;      - my_computer:U1|dmem:dmem|RAM~464                                   ; 0                 ; 0       ;
;      - my_computer:U1|dmem:dmem|RAM~432                                   ; 0                 ; 0       ;
;      - my_computer:U1|dmem:dmem|RAM~400                                   ; 0                 ; 0       ;
;      - my_computer:U1|dmem:dmem|RAM~496                                   ; 0                 ; 0       ;
;      - my_computer:U1|dmem:dmem|RAM~1744                                  ; 0                 ; 0       ;
;      - my_computer:U1|dmem:dmem|RAM~1872                                  ; 0                 ; 0       ;
;      - my_computer:U1|dmem:dmem|RAM~1616                                  ; 0                 ; 0       ;
;      - my_computer:U1|dmem:dmem|RAM~2000                                  ; 0                 ; 0       ;
;      - my_computer:U1|dmem:dmem|RAM~1840                                  ; 0                 ; 0       ;
;      - my_computer:U1|dmem:dmem|RAM~1712                                  ; 0                 ; 0       ;
;      - my_computer:U1|dmem:dmem|RAM~1584                                  ; 0                 ; 0       ;
;      - my_computer:U1|dmem:dmem|RAM~1968                                  ; 0                 ; 0       ;
;      - my_computer:U1|dmem:dmem|RAM~1680                                  ; 0                 ; 0       ;
;      - my_computer:U1|dmem:dmem|RAM~1808                                  ; 0                 ; 0       ;
;      - my_computer:U1|dmem:dmem|RAM~1552                                  ; 0                 ; 0       ;
;      - my_computer:U1|dmem:dmem|RAM~1936                                  ; 0                 ; 0       ;
;      - my_computer:U1|dmem:dmem|RAM~1904                                  ; 0                 ; 0       ;
;      - my_computer:U1|dmem:dmem|RAM~1776                                  ; 0                 ; 0       ;
;      - my_computer:U1|dmem:dmem|RAM~1648                                  ; 0                 ; 0       ;
;      - my_computer:U1|dmem:dmem|RAM~2032                                  ; 0                 ; 0       ;
;      - my_computer:U1|dmem:dmem|RAM~2735                                  ; 0                 ; 0       ;
;      - my_computer:U1|dmem:dmem|RAM~2863                                  ; 0                 ; 0       ;
;      - my_computer:U1|dmem:dmem|RAM~2607                                  ; 0                 ; 0       ;
;      - my_computer:U1|dmem:dmem|RAM~2991                                  ; 0                 ; 0       ;
;      - my_computer:U1|dmem:dmem|RAM~2895                                  ; 0                 ; 0       ;
;      - my_computer:U1|dmem:dmem|RAM~2767                                  ; 0                 ; 0       ;
;      - my_computer:U1|dmem:dmem|RAM~2639                                  ; 0                 ; 0       ;
;      - my_computer:U1|dmem:dmem|RAM~3023                                  ; 0                 ; 0       ;
;      - my_computer:U1|dmem:dmem|RAM~2831                                  ; 0                 ; 0       ;
;      - my_computer:U1|dmem:dmem|RAM~2703                                  ; 0                 ; 0       ;
;      - my_computer:U1|dmem:dmem|RAM~2575                                  ; 0                 ; 0       ;
;      - my_computer:U1|dmem:dmem|RAM~2959                                  ; 0                 ; 0       ;
;      - my_computer:U1|dmem:dmem|RAM~2799                                  ; 0                 ; 0       ;
;      - my_computer:U1|dmem:dmem|RAM~2927                                  ; 0                 ; 0       ;
;      - my_computer:U1|dmem:dmem|RAM~2671                                  ; 0                 ; 0       ;
;      - my_computer:U1|dmem:dmem|RAM~3055                                  ; 0                 ; 0       ;
;      - my_computer:U1|dmem:dmem|RAM~3407                                  ; 0                 ; 0       ;
;      - my_computer:U1|dmem:dmem|RAM~3375                                  ; 0                 ; 0       ;
;      - my_computer:U1|dmem:dmem|RAM~3343                                  ; 0                 ; 0       ;
;      - my_computer:U1|dmem:dmem|RAM~3439                                  ; 0                 ; 0       ;
;      - my_computer:U1|dmem:dmem|RAM~3247                                  ; 0                 ; 0       ;
;      - my_computer:U1|dmem:dmem|RAM~3279                                  ; 0                 ; 0       ;
;      - my_computer:U1|dmem:dmem|RAM~3215                                  ; 0                 ; 0       ;
;      - my_computer:U1|dmem:dmem|RAM~3311                                  ; 0                 ; 0       ;
;      - my_computer:U1|dmem:dmem|RAM~3151                                  ; 0                 ; 0       ;
;      - my_computer:U1|dmem:dmem|RAM~3119                                  ; 0                 ; 0       ;
;      - my_computer:U1|dmem:dmem|RAM~3087                                  ; 0                 ; 0       ;
;      - my_computer:U1|dmem:dmem|RAM~3183                                  ; 0                 ; 0       ;
;      - my_computer:U1|dmem:dmem|RAM~3503                                  ; 0                 ; 0       ;
;      - my_computer:U1|dmem:dmem|RAM~3535                                  ; 0                 ; 0       ;
;      - my_computer:U1|dmem:dmem|RAM~3471                                  ; 0                 ; 0       ;
;      - my_computer:U1|dmem:dmem|RAM~3567                                  ; 0                 ; 0       ;
;      - my_computer:U1|dmem:dmem|RAM~2255                                  ; 0                 ; 0       ;
;      - my_computer:U1|dmem:dmem|RAM~2223                                  ; 0                 ; 0       ;
;      - my_computer:U1|dmem:dmem|RAM~2191                                  ; 0                 ; 0       ;
;      - my_computer:U1|dmem:dmem|RAM~2287                                  ; 0                 ; 0       ;
;      - my_computer:U1|dmem:dmem|RAM~2351                                  ; 0                 ; 0       ;
;      - my_computer:U1|dmem:dmem|RAM~2383                                  ; 0                 ; 0       ;
;      - my_computer:U1|dmem:dmem|RAM~2319                                  ; 0                 ; 0       ;
;      - my_computer:U1|dmem:dmem|RAM~2415                                  ; 0                 ; 0       ;
;      - my_computer:U1|dmem:dmem|RAM~2095                                  ; 0                 ; 0       ;
;      - my_computer:U1|dmem:dmem|RAM~2127                                  ; 0                 ; 0       ;
;      - my_computer:U1|dmem:dmem|RAM~2063                                  ; 0                 ; 0       ;
;      - my_computer:U1|dmem:dmem|RAM~2159                                  ; 0                 ; 0       ;
;      - my_computer:U1|dmem:dmem|RAM~2511                                  ; 0                 ; 0       ;
;      - my_computer:U1|dmem:dmem|RAM~2479                                  ; 0                 ; 0       ;
;      - my_computer:U1|dmem:dmem|RAM~2447                                  ; 0                 ; 0       ;
;      - my_computer:U1|dmem:dmem|RAM~2543                                  ; 0                 ; 0       ;
;      - my_computer:U1|dmem:dmem|RAM~3791                                  ; 0                 ; 0       ;
;      - my_computer:U1|dmem:dmem|RAM~3919                                  ; 0                 ; 0       ;
;      - my_computer:U1|dmem:dmem|RAM~3663                                  ; 0                 ; 0       ;
;      - my_computer:U1|dmem:dmem|RAM~4047                                  ; 0                 ; 0       ;
;      - my_computer:U1|dmem:dmem|RAM~3887                                  ; 0                 ; 0       ;
;      - my_computer:U1|dmem:dmem|RAM~3759                                  ; 0                 ; 0       ;
;      - my_computer:U1|dmem:dmem|RAM~3631                                  ; 0                 ; 0       ;
;      - my_computer:U1|dmem:dmem|RAM~4015                                  ; 0                 ; 0       ;
;      - my_computer:U1|dmem:dmem|RAM~3727                                  ; 0                 ; 0       ;
;      - my_computer:U1|dmem:dmem|RAM~3855                                  ; 0                 ; 0       ;
;      - my_computer:U1|dmem:dmem|RAM~3599                                  ; 0                 ; 0       ;
;      - my_computer:U1|dmem:dmem|RAM~3983                                  ; 0                 ; 0       ;
;      - my_computer:U1|dmem:dmem|RAM~3951                                  ; 0                 ; 0       ;
;      - my_computer:U1|dmem:dmem|RAM~3823                                  ; 0                 ; 0       ;
;      - my_computer:U1|dmem:dmem|RAM~3695                                  ; 0                 ; 0       ;
;      - my_computer:U1|dmem:dmem|RAM~4079                                  ; 0                 ; 0       ;
;      - my_computer:U1|dmem:dmem|RAM~1359                                  ; 0                 ; 0       ;
;      - my_computer:U1|dmem:dmem|RAM~1327                                  ; 0                 ; 0       ;
;      - my_computer:U1|dmem:dmem|RAM~1295                                  ; 0                 ; 0       ;
;      - my_computer:U1|dmem:dmem|RAM~1391                                  ; 0                 ; 0       ;
;      - my_computer:U1|dmem:dmem|RAM~1199                                  ; 0                 ; 0       ;
;      - my_computer:U1|dmem:dmem|RAM~1231                                  ; 0                 ; 0       ;
;      - my_computer:U1|dmem:dmem|RAM~1167                                  ; 0                 ; 0       ;
;      - my_computer:U1|dmem:dmem|RAM~1263                                  ; 0                 ; 0       ;
;      - my_computer:U1|dmem:dmem|RAM~1103                                  ; 0                 ; 0       ;
;      - my_computer:U1|dmem:dmem|RAM~1071                                  ; 0                 ; 0       ;
;      - my_computer:U1|dmem:dmem|RAM~1039                                  ; 0                 ; 0       ;
;      - my_computer:U1|dmem:dmem|RAM~1135                                  ; 0                 ; 0       ;
;      - my_computer:U1|dmem:dmem|RAM~1455                                  ; 0                 ; 0       ;
;      - my_computer:U1|dmem:dmem|RAM~1487                                  ; 0                 ; 0       ;
;      - my_computer:U1|dmem:dmem|RAM~1423                                  ; 0                 ; 0       ;
;      - my_computer:U1|dmem:dmem|RAM~1519                                  ; 0                 ; 0       ;
;      - my_computer:U1|dmem:dmem|RAM~687                                   ; 0                 ; 0       ;
;      - my_computer:U1|dmem:dmem|RAM~815                                   ; 0                 ; 0       ;
;      - my_computer:U1|dmem:dmem|RAM~559                                   ; 0                 ; 0       ;
;      - my_computer:U1|dmem:dmem|RAM~943                                   ; 0                 ; 0       ;
;      - my_computer:U1|dmem:dmem|RAM~847                                   ; 0                 ; 0       ;
;      - my_computer:U1|dmem:dmem|RAM~719                                   ; 0                 ; 0       ;
;      - my_computer:U1|dmem:dmem|RAM~591                                   ; 0                 ; 0       ;
;      - my_computer:U1|dmem:dmem|RAM~975                                   ; 0                 ; 0       ;
;      - my_computer:U1|dmem:dmem|RAM~783                                   ; 0                 ; 0       ;
;      - my_computer:U1|dmem:dmem|RAM~655                                   ; 0                 ; 0       ;
;      - my_computer:U1|dmem:dmem|RAM~527                                   ; 0                 ; 0       ;
;      - my_computer:U1|dmem:dmem|RAM~911                                   ; 0                 ; 0       ;
;      - my_computer:U1|dmem:dmem|RAM~751                                   ; 0                 ; 0       ;
;      - my_computer:U1|dmem:dmem|RAM~879                                   ; 0                 ; 0       ;
;      - my_computer:U1|dmem:dmem|RAM~623                                   ; 0                 ; 0       ;
;      - my_computer:U1|dmem:dmem|RAM~1007                                  ; 0                 ; 0       ;
;      - my_computer:U1|dmem:dmem|RAM~207                                   ; 0                 ; 0       ;
;      - my_computer:U1|dmem:dmem|RAM~175                                   ; 0                 ; 0       ;
;      - my_computer:U1|dmem:dmem|RAM~143                                   ; 0                 ; 0       ;
;      - my_computer:U1|dmem:dmem|RAM~239                                   ; 0                 ; 0       ;
;      - my_computer:U1|dmem:dmem|RAM~303                                   ; 0                 ; 0       ;
;      - my_computer:U1|dmem:dmem|RAM~335                                   ; 0                 ; 0       ;
;      - my_computer:U1|dmem:dmem|RAM~271                                   ; 0                 ; 0       ;
;      - my_computer:U1|dmem:dmem|RAM~367                                   ; 0                 ; 0       ;
;      - my_computer:U1|dmem:dmem|RAM~47                                    ; 0                 ; 0       ;
;      - my_computer:U1|dmem:dmem|RAM~79                                    ; 0                 ; 0       ;
;      - my_computer:U1|dmem:dmem|RAM~15                                    ; 0                 ; 0       ;
;      - my_computer:U1|dmem:dmem|RAM~111                                   ; 0                 ; 0       ;
;      - my_computer:U1|dmem:dmem|RAM~463                                   ; 0                 ; 0       ;
;      - my_computer:U1|dmem:dmem|RAM~431                                   ; 0                 ; 0       ;
;      - my_computer:U1|dmem:dmem|RAM~399                                   ; 0                 ; 0       ;
;      - my_computer:U1|dmem:dmem|RAM~495                                   ; 0                 ; 0       ;
;      - my_computer:U1|dmem:dmem|RAM~1743                                  ; 0                 ; 0       ;
;      - my_computer:U1|dmem:dmem|RAM~1871                                  ; 0                 ; 0       ;
;      - my_computer:U1|dmem:dmem|RAM~1615                                  ; 0                 ; 0       ;
;      - my_computer:U1|dmem:dmem|RAM~1999                                  ; 0                 ; 0       ;
;      - my_computer:U1|dmem:dmem|RAM~1839                                  ; 0                 ; 0       ;
;      - my_computer:U1|dmem:dmem|RAM~1711                                  ; 0                 ; 0       ;
;      - my_computer:U1|dmem:dmem|RAM~1583                                  ; 0                 ; 0       ;
;      - my_computer:U1|dmem:dmem|RAM~1967                                  ; 0                 ; 0       ;
;      - my_computer:U1|dmem:dmem|RAM~1679                                  ; 0                 ; 0       ;
;      - my_computer:U1|dmem:dmem|RAM~1807                                  ; 0                 ; 0       ;
;      - my_computer:U1|dmem:dmem|RAM~1551                                  ; 0                 ; 0       ;
;      - my_computer:U1|dmem:dmem|RAM~1935                                  ; 0                 ; 0       ;
;      - my_computer:U1|dmem:dmem|RAM~1903                                  ; 0                 ; 0       ;
;      - my_computer:U1|dmem:dmem|RAM~1775                                  ; 0                 ; 0       ;
;      - my_computer:U1|dmem:dmem|RAM~1647                                  ; 0                 ; 0       ;
;      - my_computer:U1|dmem:dmem|RAM~2031                                  ; 0                 ; 0       ;
;      - my_computer:U1|dmem:dmem|RAM~2734                                  ; 0                 ; 0       ;
;      - my_computer:U1|dmem:dmem|RAM~2862                                  ; 0                 ; 0       ;
;      - my_computer:U1|dmem:dmem|RAM~2606                                  ; 0                 ; 0       ;
;      - my_computer:U1|dmem:dmem|RAM~2990                                  ; 0                 ; 0       ;
;      - my_computer:U1|dmem:dmem|RAM~2894                                  ; 0                 ; 0       ;
;      - my_computer:U1|dmem:dmem|RAM~2766                                  ; 0                 ; 0       ;
;      - my_computer:U1|dmem:dmem|RAM~2638                                  ; 0                 ; 0       ;
;      - my_computer:U1|dmem:dmem|RAM~3022                                  ; 0                 ; 0       ;
;      - my_computer:U1|dmem:dmem|RAM~2830                                  ; 0                 ; 0       ;
;      - my_computer:U1|dmem:dmem|RAM~2702                                  ; 0                 ; 0       ;
;      - my_computer:U1|dmem:dmem|RAM~2574                                  ; 0                 ; 0       ;
;      - my_computer:U1|dmem:dmem|RAM~2958                                  ; 0                 ; 0       ;
;      - my_computer:U1|dmem:dmem|RAM~2798                                  ; 0                 ; 0       ;
;      - my_computer:U1|dmem:dmem|RAM~2926                                  ; 0                 ; 0       ;
;      - my_computer:U1|dmem:dmem|RAM~2670                                  ; 0                 ; 0       ;
;      - my_computer:U1|dmem:dmem|RAM~3054                                  ; 0                 ; 0       ;
;      - my_computer:U1|dmem:dmem|RAM~3406                                  ; 0                 ; 0       ;
;      - my_computer:U1|dmem:dmem|RAM~3374                                  ; 0                 ; 0       ;
;      - my_computer:U1|dmem:dmem|RAM~3342                                  ; 0                 ; 0       ;
;      - my_computer:U1|dmem:dmem|RAM~3438                                  ; 0                 ; 0       ;
;      - my_computer:U1|dmem:dmem|RAM~3246                                  ; 0                 ; 0       ;
;      - my_computer:U1|dmem:dmem|RAM~3278                                  ; 0                 ; 0       ;
;      - my_computer:U1|dmem:dmem|RAM~3214                                  ; 0                 ; 0       ;
;      - my_computer:U1|dmem:dmem|RAM~3310                                  ; 0                 ; 0       ;
;      - my_computer:U1|dmem:dmem|RAM~3150                                  ; 0                 ; 0       ;
;      - my_computer:U1|dmem:dmem|RAM~3118                                  ; 0                 ; 0       ;
;      - my_computer:U1|dmem:dmem|RAM~3086                                  ; 0                 ; 0       ;
;      - my_computer:U1|dmem:dmem|RAM~3182                                  ; 0                 ; 0       ;
;      - my_computer:U1|dmem:dmem|RAM~3502                                  ; 0                 ; 0       ;
;      - my_computer:U1|dmem:dmem|RAM~3534                                  ; 0                 ; 0       ;
;      - my_computer:U1|dmem:dmem|RAM~3470                                  ; 0                 ; 0       ;
;      - my_computer:U1|dmem:dmem|RAM~3566                                  ; 0                 ; 0       ;
;      - my_computer:U1|dmem:dmem|RAM~2254                                  ; 0                 ; 0       ;
;      - my_computer:U1|dmem:dmem|RAM~2222                                  ; 0                 ; 0       ;
;      - my_computer:U1|dmem:dmem|RAM~2190                                  ; 0                 ; 0       ;
;      - my_computer:U1|dmem:dmem|RAM~2286                                  ; 0                 ; 0       ;
;      - my_computer:U1|dmem:dmem|RAM~2350                                  ; 0                 ; 0       ;
;      - my_computer:U1|dmem:dmem|RAM~2382                                  ; 0                 ; 0       ;
;      - my_computer:U1|dmem:dmem|RAM~2318                                  ; 0                 ; 0       ;
;      - my_computer:U1|dmem:dmem|RAM~2414                                  ; 0                 ; 0       ;
;      - my_computer:U1|dmem:dmem|RAM~2094                                  ; 0                 ; 0       ;
;      - my_computer:U1|dmem:dmem|RAM~2126                                  ; 0                 ; 0       ;
;      - my_computer:U1|dmem:dmem|RAM~2062                                  ; 0                 ; 0       ;
;      - my_computer:U1|dmem:dmem|RAM~2158                                  ; 0                 ; 0       ;
;      - my_computer:U1|dmem:dmem|RAM~2510                                  ; 0                 ; 0       ;
;      - my_computer:U1|dmem:dmem|RAM~2478                                  ; 0                 ; 0       ;
;      - my_computer:U1|dmem:dmem|RAM~2446                                  ; 0                 ; 0       ;
;      - my_computer:U1|dmem:dmem|RAM~2542                                  ; 0                 ; 0       ;
;      - my_computer:U1|dmem:dmem|RAM~3790                                  ; 0                 ; 0       ;
;      - my_computer:U1|dmem:dmem|RAM~3918                                  ; 0                 ; 0       ;
;      - my_computer:U1|dmem:dmem|RAM~3662                                  ; 0                 ; 0       ;
;      - my_computer:U1|dmem:dmem|RAM~4046                                  ; 0                 ; 0       ;
;      - my_computer:U1|dmem:dmem|RAM~3886                                  ; 0                 ; 0       ;
;      - my_computer:U1|dmem:dmem|RAM~3758                                  ; 0                 ; 0       ;
;      - my_computer:U1|dmem:dmem|RAM~3630                                  ; 0                 ; 0       ;
;      - my_computer:U1|dmem:dmem|RAM~4014                                  ; 0                 ; 0       ;
;      - my_computer:U1|dmem:dmem|RAM~3726                                  ; 0                 ; 0       ;
;      - my_computer:U1|dmem:dmem|RAM~3854                                  ; 0                 ; 0       ;
;      - my_computer:U1|dmem:dmem|RAM~3598                                  ; 0                 ; 0       ;
;      - my_computer:U1|dmem:dmem|RAM~3982                                  ; 0                 ; 0       ;
;      - my_computer:U1|dmem:dmem|RAM~3950                                  ; 0                 ; 0       ;
;      - my_computer:U1|dmem:dmem|RAM~3822                                  ; 0                 ; 0       ;
;      - my_computer:U1|dmem:dmem|RAM~3694                                  ; 0                 ; 0       ;
;      - my_computer:U1|dmem:dmem|RAM~4078                                  ; 0                 ; 0       ;
;      - my_computer:U1|dmem:dmem|RAM~1358                                  ; 0                 ; 0       ;
;      - my_computer:U1|dmem:dmem|RAM~1326                                  ; 0                 ; 0       ;
;      - my_computer:U1|dmem:dmem|RAM~1294                                  ; 0                 ; 0       ;
;      - my_computer:U1|dmem:dmem|RAM~1390                                  ; 0                 ; 0       ;
;      - my_computer:U1|dmem:dmem|RAM~1198                                  ; 0                 ; 0       ;
;      - my_computer:U1|dmem:dmem|RAM~1230                                  ; 0                 ; 0       ;
;      - my_computer:U1|dmem:dmem|RAM~1166                                  ; 0                 ; 0       ;
;      - my_computer:U1|dmem:dmem|RAM~1262                                  ; 0                 ; 0       ;
;      - my_computer:U1|dmem:dmem|RAM~1102                                  ; 0                 ; 0       ;
;      - my_computer:U1|dmem:dmem|RAM~1070                                  ; 0                 ; 0       ;
;      - my_computer:U1|dmem:dmem|RAM~1038                                  ; 0                 ; 0       ;
;      - my_computer:U1|dmem:dmem|RAM~1134                                  ; 0                 ; 0       ;
;      - my_computer:U1|dmem:dmem|RAM~1454                                  ; 0                 ; 0       ;
;      - my_computer:U1|dmem:dmem|RAM~1486                                  ; 0                 ; 0       ;
;      - my_computer:U1|dmem:dmem|RAM~1422                                  ; 0                 ; 0       ;
;      - my_computer:U1|dmem:dmem|RAM~1518                                  ; 0                 ; 0       ;
;      - my_computer:U1|dmem:dmem|RAM~686                                   ; 0                 ; 0       ;
;      - my_computer:U1|dmem:dmem|RAM~814                                   ; 0                 ; 0       ;
;      - my_computer:U1|dmem:dmem|RAM~558                                   ; 0                 ; 0       ;
;      - my_computer:U1|dmem:dmem|RAM~942                                   ; 0                 ; 0       ;
;      - my_computer:U1|dmem:dmem|RAM~846                                   ; 0                 ; 0       ;
;      - my_computer:U1|dmem:dmem|RAM~718                                   ; 0                 ; 0       ;
;      - my_computer:U1|dmem:dmem|RAM~590                                   ; 0                 ; 0       ;
;      - my_computer:U1|dmem:dmem|RAM~974                                   ; 0                 ; 0       ;
;      - my_computer:U1|dmem:dmem|RAM~782                                   ; 0                 ; 0       ;
;      - my_computer:U1|dmem:dmem|RAM~654                                   ; 0                 ; 0       ;
;      - my_computer:U1|dmem:dmem|RAM~526                                   ; 0                 ; 0       ;
;      - my_computer:U1|dmem:dmem|RAM~910                                   ; 0                 ; 0       ;
;      - my_computer:U1|dmem:dmem|RAM~750                                   ; 0                 ; 0       ;
;      - my_computer:U1|dmem:dmem|RAM~878                                   ; 0                 ; 0       ;
;      - my_computer:U1|dmem:dmem|RAM~622                                   ; 0                 ; 0       ;
;      - my_computer:U1|dmem:dmem|RAM~1006                                  ; 0                 ; 0       ;
;      - my_computer:U1|dmem:dmem|RAM~206                                   ; 0                 ; 0       ;
;      - my_computer:U1|dmem:dmem|RAM~174                                   ; 0                 ; 0       ;
;      - my_computer:U1|dmem:dmem|RAM~142                                   ; 0                 ; 0       ;
;      - my_computer:U1|dmem:dmem|RAM~238                                   ; 0                 ; 0       ;
;      - my_computer:U1|dmem:dmem|RAM~302                                   ; 0                 ; 0       ;
;      - my_computer:U1|dmem:dmem|RAM~334                                   ; 0                 ; 0       ;
;      - my_computer:U1|dmem:dmem|RAM~270                                   ; 0                 ; 0       ;
;      - my_computer:U1|dmem:dmem|RAM~366                                   ; 0                 ; 0       ;
;      - my_computer:U1|dmem:dmem|RAM~46                                    ; 0                 ; 0       ;
;      - my_computer:U1|dmem:dmem|RAM~78                                    ; 0                 ; 0       ;
;      - my_computer:U1|dmem:dmem|RAM~14                                    ; 0                 ; 0       ;
;      - my_computer:U1|dmem:dmem|RAM~110                                   ; 0                 ; 0       ;
;      - my_computer:U1|dmem:dmem|RAM~462                                   ; 0                 ; 0       ;
;      - my_computer:U1|dmem:dmem|RAM~430                                   ; 0                 ; 0       ;
;      - my_computer:U1|dmem:dmem|RAM~398                                   ; 0                 ; 0       ;
;      - my_computer:U1|dmem:dmem|RAM~494                                   ; 0                 ; 0       ;
;      - my_computer:U1|dmem:dmem|RAM~1742                                  ; 0                 ; 0       ;
;      - my_computer:U1|dmem:dmem|RAM~1870                                  ; 0                 ; 0       ;
;      - my_computer:U1|dmem:dmem|RAM~1614                                  ; 0                 ; 0       ;
;      - my_computer:U1|dmem:dmem|RAM~1998                                  ; 0                 ; 0       ;
;      - my_computer:U1|dmem:dmem|RAM~1838                                  ; 0                 ; 0       ;
;      - my_computer:U1|dmem:dmem|RAM~1710                                  ; 0                 ; 0       ;
;      - my_computer:U1|dmem:dmem|RAM~1582                                  ; 0                 ; 0       ;
;      - my_computer:U1|dmem:dmem|RAM~1966                                  ; 0                 ; 0       ;
;      - my_computer:U1|dmem:dmem|RAM~1678                                  ; 0                 ; 0       ;
;      - my_computer:U1|dmem:dmem|RAM~1806                                  ; 0                 ; 0       ;
;      - my_computer:U1|dmem:dmem|RAM~1550                                  ; 0                 ; 0       ;
;      - my_computer:U1|dmem:dmem|RAM~1934                                  ; 0                 ; 0       ;
;      - my_computer:U1|dmem:dmem|RAM~1902                                  ; 0                 ; 0       ;
;      - my_computer:U1|dmem:dmem|RAM~1774                                  ; 0                 ; 0       ;
;      - my_computer:U1|dmem:dmem|RAM~1646                                  ; 0                 ; 0       ;
;      - my_computer:U1|dmem:dmem|RAM~2030                                  ; 0                 ; 0       ;
;      - my_computer:U1|dmem:dmem|RAM~717                                   ; 0                 ; 0       ;
;      - my_computer:U1|dmem:dmem|RAM~1229                                  ; 0                 ; 0       ;
;      - my_computer:U1|dmem:dmem|RAM~205                                   ; 0                 ; 0       ;
;      - my_computer:U1|dmem:dmem|RAM~1741                                  ; 0                 ; 0       ;
;      - my_computer:U1|dmem:dmem|RAM~1357                                  ; 0                 ; 0       ;
;      - my_computer:U1|dmem:dmem|RAM~845                                   ; 0                 ; 0       ;
;      - my_computer:U1|dmem:dmem|RAM~333                                   ; 0                 ; 0       ;
;      - my_computer:U1|dmem:dmem|RAM~1869                                  ; 0                 ; 0       ;
;      - my_computer:U1|dmem:dmem|RAM~1101                                  ; 0                 ; 0       ;
;      - my_computer:U1|dmem:dmem|RAM~589                                   ; 0                 ; 0       ;
;      - my_computer:U1|dmem:dmem|RAM~77                                    ; 0                 ; 0       ;
;      - my_computer:U1|dmem:dmem|RAM~1613                                  ; 0                 ; 0       ;
;      - my_computer:U1|dmem:dmem|RAM~973                                   ; 0                 ; 0       ;
;      - my_computer:U1|dmem:dmem|RAM~1485                                  ; 0                 ; 0       ;
;      - my_computer:U1|dmem:dmem|RAM~461                                   ; 0                 ; 0       ;
;      - my_computer:U1|dmem:dmem|RAM~1997                                  ; 0                 ; 0       ;
;      - my_computer:U1|dmem:dmem|RAM~1325                                  ; 0                 ; 0       ;
;      - my_computer:U1|dmem:dmem|RAM~813                                   ; 0                 ; 0       ;
;      - my_computer:U1|dmem:dmem|RAM~301                                   ; 0                 ; 0       ;
;      - my_computer:U1|dmem:dmem|RAM~1837                                  ; 0                 ; 0       ;
;      - my_computer:U1|dmem:dmem|RAM~685                                   ; 0                 ; 0       ;
;      - my_computer:U1|dmem:dmem|RAM~1197                                  ; 0                 ; 0       ;
;      - my_computer:U1|dmem:dmem|RAM~173                                   ; 0                 ; 0       ;
;      - my_computer:U1|dmem:dmem|RAM~1709                                  ; 0                 ; 0       ;
;      - my_computer:U1|dmem:dmem|RAM~1069                                  ; 0                 ; 0       ;
;      - my_computer:U1|dmem:dmem|RAM~557                                   ; 0                 ; 0       ;
;      - my_computer:U1|dmem:dmem|RAM~45                                    ; 0                 ; 0       ;
;      - my_computer:U1|dmem:dmem|RAM~1581                                  ; 0                 ; 0       ;
;      - my_computer:U1|dmem:dmem|RAM~941                                   ; 0                 ; 0       ;
;      - my_computer:U1|dmem:dmem|RAM~1453                                  ; 0                 ; 0       ;
;      - my_computer:U1|dmem:dmem|RAM~429                                   ; 0                 ; 0       ;
;      - my_computer:U1|dmem:dmem|RAM~1965                                  ; 0                 ; 0       ;
;      - my_computer:U1|dmem:dmem|RAM~653                                   ; 0                 ; 0       ;
;      - my_computer:U1|dmem:dmem|RAM~1165                                  ; 0                 ; 0       ;
;      - my_computer:U1|dmem:dmem|RAM~141                                   ; 0                 ; 0       ;
;      - my_computer:U1|dmem:dmem|RAM~1677                                  ; 0                 ; 0       ;
;      - my_computer:U1|dmem:dmem|RAM~1293                                  ; 0                 ; 0       ;
;      - my_computer:U1|dmem:dmem|RAM~781                                   ; 0                 ; 0       ;
;      - my_computer:U1|dmem:dmem|RAM~269                                   ; 0                 ; 0       ;
;      - my_computer:U1|dmem:dmem|RAM~1805                                  ; 0                 ; 0       ;
;      - my_computer:U1|dmem:dmem|RAM~1037                                  ; 0                 ; 0       ;
;      - my_computer:U1|dmem:dmem|RAM~525                                   ; 0                 ; 0       ;
;      - my_computer:U1|dmem:dmem|RAM~13                                    ; 0                 ; 0       ;
;      - my_computer:U1|dmem:dmem|RAM~1549                                  ; 0                 ; 0       ;
;      - my_computer:U1|dmem:dmem|RAM~909                                   ; 0                 ; 0       ;
;      - my_computer:U1|dmem:dmem|RAM~1421                                  ; 0                 ; 0       ;
;      - my_computer:U1|dmem:dmem|RAM~397                                   ; 0                 ; 0       ;
;      - my_computer:U1|dmem:dmem|RAM~1933                                  ; 0                 ; 0       ;
;      - my_computer:U1|dmem:dmem|RAM~1389                                  ; 0                 ; 0       ;
;      - my_computer:U1|dmem:dmem|RAM~877                                   ; 0                 ; 0       ;
;      - my_computer:U1|dmem:dmem|RAM~365                                   ; 0                 ; 0       ;
;      - my_computer:U1|dmem:dmem|RAM~1901                                  ; 0                 ; 0       ;
;      - my_computer:U1|dmem:dmem|RAM~749                                   ; 0                 ; 0       ;
;      - my_computer:U1|dmem:dmem|RAM~1261                                  ; 0                 ; 0       ;
;      - my_computer:U1|dmem:dmem|RAM~237                                   ; 0                 ; 0       ;
;      - my_computer:U1|dmem:dmem|RAM~1773                                  ; 0                 ; 0       ;
;      - my_computer:U1|dmem:dmem|RAM~1133                                  ; 0                 ; 0       ;
;      - my_computer:U1|dmem:dmem|RAM~621                                   ; 0                 ; 0       ;
;      - my_computer:U1|dmem:dmem|RAM~109                                   ; 0                 ; 0       ;
;      - my_computer:U1|dmem:dmem|RAM~1645                                  ; 0                 ; 0       ;
;      - my_computer:U1|dmem:dmem|RAM~1005                                  ; 0                 ; 0       ;
;      - my_computer:U1|dmem:dmem|RAM~1517                                  ; 0                 ; 0       ;
;      - my_computer:U1|dmem:dmem|RAM~493                                   ; 0                 ; 0       ;
;      - my_computer:U1|dmem:dmem|RAM~2029                                  ; 0                 ; 0       ;
;      - my_computer:U1|dmem:dmem|RAM~2861                                  ; 0                 ; 0       ;
;      - my_computer:U1|dmem:dmem|RAM~3373                                  ; 0                 ; 0       ;
;      - my_computer:U1|dmem:dmem|RAM~2349                                  ; 0                 ; 0       ;
;      - my_computer:U1|dmem:dmem|RAM~3885                                  ; 0                 ; 0       ;
;      - my_computer:U1|dmem:dmem|RAM~3405                                  ; 0                 ; 0       ;
;      - my_computer:U1|dmem:dmem|RAM~2893                                  ; 0                 ; 0       ;
;      - my_computer:U1|dmem:dmem|RAM~2381                                  ; 0                 ; 0       ;
;      - my_computer:U1|dmem:dmem|RAM~3917                                  ; 0                 ; 0       ;
;      - my_computer:U1|dmem:dmem|RAM~3341                                  ; 0                 ; 0       ;
;      - my_computer:U1|dmem:dmem|RAM~2829                                  ; 0                 ; 0       ;
;      - my_computer:U1|dmem:dmem|RAM~2317                                  ; 0                 ; 0       ;
;      - my_computer:U1|dmem:dmem|RAM~3853                                  ; 0                 ; 0       ;
;      - my_computer:U1|dmem:dmem|RAM~2925                                  ; 0                 ; 0       ;
;      - my_computer:U1|dmem:dmem|RAM~3437                                  ; 0                 ; 0       ;
;      - my_computer:U1|dmem:dmem|RAM~2413                                  ; 0                 ; 0       ;
;      - my_computer:U1|dmem:dmem|RAM~3949                                  ; 0                 ; 0       ;
;      - my_computer:U1|dmem:dmem|RAM~3277                                  ; 0                 ; 0       ;
;      - my_computer:U1|dmem:dmem|RAM~2765                                  ; 0                 ; 0       ;
;      - my_computer:U1|dmem:dmem|RAM~2253                                  ; 0                 ; 0       ;
;      - my_computer:U1|dmem:dmem|RAM~3789                                  ; 0                 ; 0       ;
;      - my_computer:U1|dmem:dmem|RAM~2733                                  ; 0                 ; 0       ;
;      - my_computer:U1|dmem:dmem|RAM~3245                                  ; 0                 ; 0       ;
;      - my_computer:U1|dmem:dmem|RAM~2221                                  ; 0                 ; 0       ;
;      - my_computer:U1|dmem:dmem|RAM~3757                                  ; 0                 ; 0       ;
;      - my_computer:U1|dmem:dmem|RAM~3213                                  ; 0                 ; 0       ;
;      - my_computer:U1|dmem:dmem|RAM~2701                                  ; 0                 ; 0       ;
;      - my_computer:U1|dmem:dmem|RAM~2189                                  ; 0                 ; 0       ;
;      - my_computer:U1|dmem:dmem|RAM~3725                                  ; 0                 ; 0       ;
;      - my_computer:U1|dmem:dmem|RAM~2797                                  ; 0                 ; 0       ;
;      - my_computer:U1|dmem:dmem|RAM~3309                                  ; 0                 ; 0       ;
;      - my_computer:U1|dmem:dmem|RAM~2285                                  ; 0                 ; 0       ;
;      - my_computer:U1|dmem:dmem|RAM~3821                                  ; 0                 ; 0       ;
;      - my_computer:U1|dmem:dmem|RAM~2605                                  ; 0                 ; 0       ;
;      - my_computer:U1|dmem:dmem|RAM~3117                                  ; 0                 ; 0       ;
;      - my_computer:U1|dmem:dmem|RAM~2093                                  ; 0                 ; 0       ;
;      - my_computer:U1|dmem:dmem|RAM~3629                                  ; 0                 ; 0       ;
;      - my_computer:U1|dmem:dmem|RAM~3149                                  ; 0                 ; 0       ;
;      - my_computer:U1|dmem:dmem|RAM~2637                                  ; 0                 ; 0       ;
;      - my_computer:U1|dmem:dmem|RAM~2125                                  ; 0                 ; 0       ;
;      - my_computer:U1|dmem:dmem|RAM~3661                                  ; 0                 ; 0       ;
;      - my_computer:U1|dmem:dmem|RAM~3085                                  ; 0                 ; 0       ;
;      - my_computer:U1|dmem:dmem|RAM~2573                                  ; 0                 ; 0       ;
;      - my_computer:U1|dmem:dmem|RAM~2061                                  ; 0                 ; 0       ;
;      - my_computer:U1|dmem:dmem|RAM~3597                                  ; 0                 ; 0       ;
;      - my_computer:U1|dmem:dmem|RAM~2669                                  ; 0                 ; 0       ;
;      - my_computer:U1|dmem:dmem|RAM~3181                                  ; 0                 ; 0       ;
;      - my_computer:U1|dmem:dmem|RAM~2157                                  ; 0                 ; 0       ;
;      - my_computer:U1|dmem:dmem|RAM~3693                                  ; 0                 ; 0       ;
;      - my_computer:U1|dmem:dmem|RAM~3533                                  ; 0                 ; 0       ;
;      - my_computer:U1|dmem:dmem|RAM~3021                                  ; 0                 ; 0       ;
;      - my_computer:U1|dmem:dmem|RAM~2509                                  ; 0                 ; 0       ;
;      - my_computer:U1|dmem:dmem|RAM~4045                                  ; 0                 ; 0       ;
;      - my_computer:U1|dmem:dmem|RAM~2989                                  ; 0                 ; 0       ;
;      - my_computer:U1|dmem:dmem|RAM~3501                                  ; 0                 ; 0       ;
;      - my_computer:U1|dmem:dmem|RAM~2477                                  ; 0                 ; 0       ;
;      - my_computer:U1|dmem:dmem|RAM~4013                                  ; 0                 ; 0       ;
;      - my_computer:U1|dmem:dmem|RAM~3469                                  ; 0                 ; 0       ;
;      - my_computer:U1|dmem:dmem|RAM~2957                                  ; 0                 ; 0       ;
;      - my_computer:U1|dmem:dmem|RAM~2445                                  ; 0                 ; 0       ;
;      - my_computer:U1|dmem:dmem|RAM~3981                                  ; 0                 ; 0       ;
;      - my_computer:U1|dmem:dmem|RAM~3053                                  ; 0                 ; 0       ;
;      - my_computer:U1|dmem:dmem|RAM~3565                                  ; 0                 ; 0       ;
;      - my_computer:U1|dmem:dmem|RAM~2541                                  ; 0                 ; 0       ;
;      - my_computer:U1|dmem:dmem|RAM~4077                                  ; 0                 ; 0       ;
;      - my_computer:U1|dmem:dmem|RAM~1228                                  ; 0                 ; 0       ;
;      - my_computer:U1|dmem:dmem|RAM~716                                   ; 0                 ; 0       ;
;      - my_computer:U1|dmem:dmem|RAM~204                                   ; 0                 ; 0       ;
;      - my_computer:U1|dmem:dmem|RAM~1740                                  ; 0                 ; 0       ;
;      - my_computer:U1|dmem:dmem|RAM~684                                   ; 0                 ; 0       ;
;      - my_computer:U1|dmem:dmem|RAM~1196                                  ; 0                 ; 0       ;
;      - my_computer:U1|dmem:dmem|RAM~172                                   ; 0                 ; 0       ;
;      - my_computer:U1|dmem:dmem|RAM~1708                                  ; 0                 ; 0       ;
;      - my_computer:U1|dmem:dmem|RAM~1164                                  ; 0                 ; 0       ;
;      - my_computer:U1|dmem:dmem|RAM~652                                   ; 0                 ; 0       ;
;      - my_computer:U1|dmem:dmem|RAM~140                                   ; 0                 ; 0       ;
;      - my_computer:U1|dmem:dmem|RAM~1676                                  ; 0                 ; 0       ;
;      - my_computer:U1|dmem:dmem|RAM~748                                   ; 0                 ; 0       ;
;      - my_computer:U1|dmem:dmem|RAM~1260                                  ; 0                 ; 0       ;
;      - my_computer:U1|dmem:dmem|RAM~236                                   ; 0                 ; 0       ;
;      - my_computer:U1|dmem:dmem|RAM~1772                                  ; 0                 ; 0       ;
;      - my_computer:U1|dmem:dmem|RAM~812                                   ; 0                 ; 0       ;
;      - my_computer:U1|dmem:dmem|RAM~1324                                  ; 0                 ; 0       ;
;      - my_computer:U1|dmem:dmem|RAM~300                                   ; 0                 ; 0       ;
;      - my_computer:U1|dmem:dmem|RAM~1836                                  ; 0                 ; 0       ;
;      - my_computer:U1|dmem:dmem|RAM~1356                                  ; 0                 ; 0       ;
;      - my_computer:U1|dmem:dmem|RAM~844                                   ; 0                 ; 0       ;
;      - my_computer:U1|dmem:dmem|RAM~332                                   ; 0                 ; 0       ;
;      - my_computer:U1|dmem:dmem|RAM~1868                                  ; 0                 ; 0       ;
;      - my_computer:U1|dmem:dmem|RAM~1292                                  ; 0                 ; 0       ;
;      - my_computer:U1|dmem:dmem|RAM~780                                   ; 0                 ; 0       ;
;      - my_computer:U1|dmem:dmem|RAM~268                                   ; 0                 ; 0       ;
;      - my_computer:U1|dmem:dmem|RAM~1804                                  ; 0                 ; 0       ;
;      - my_computer:U1|dmem:dmem|RAM~876                                   ; 0                 ; 0       ;
;      - my_computer:U1|dmem:dmem|RAM~1388                                  ; 0                 ; 0       ;
;      - my_computer:U1|dmem:dmem|RAM~364                                   ; 0                 ; 0       ;
;      - my_computer:U1|dmem:dmem|RAM~1900                                  ; 0                 ; 0       ;
;      - my_computer:U1|dmem:dmem|RAM~556                                   ; 0                 ; 0       ;
;      - my_computer:U1|dmem:dmem|RAM~1068                                  ; 0                 ; 0       ;
;      - my_computer:U1|dmem:dmem|RAM~44                                    ; 0                 ; 0       ;
;      - my_computer:U1|dmem:dmem|RAM~1580                                  ; 0                 ; 0       ;
;      - my_computer:U1|dmem:dmem|RAM~1100                                  ; 0                 ; 0       ;
;      - my_computer:U1|dmem:dmem|RAM~588                                   ; 0                 ; 0       ;
;      - my_computer:U1|dmem:dmem|RAM~76                                    ; 0                 ; 0       ;
;      - my_computer:U1|dmem:dmem|RAM~1612                                  ; 0                 ; 0       ;
;      - my_computer:U1|dmem:dmem|RAM~1036                                  ; 0                 ; 0       ;
;      - my_computer:U1|dmem:dmem|RAM~524                                   ; 0                 ; 0       ;
;      - my_computer:U1|dmem:dmem|RAM~12                                    ; 0                 ; 0       ;
;      - my_computer:U1|dmem:dmem|RAM~1548                                  ; 0                 ; 0       ;
;      - my_computer:U1|dmem:dmem|RAM~620                                   ; 0                 ; 0       ;
;      - my_computer:U1|dmem:dmem|RAM~1132                                  ; 0                 ; 0       ;
;      - my_computer:U1|dmem:dmem|RAM~108                                   ; 0                 ; 0       ;
;      - my_computer:U1|dmem:dmem|RAM~1644                                  ; 0                 ; 0       ;
;      - my_computer:U1|dmem:dmem|RAM~1484                                  ; 0                 ; 0       ;
;      - my_computer:U1|dmem:dmem|RAM~972                                   ; 0                 ; 0       ;
;      - my_computer:U1|dmem:dmem|RAM~460                                   ; 0                 ; 0       ;
;      - my_computer:U1|dmem:dmem|RAM~1996                                  ; 0                 ; 0       ;
;      - my_computer:U1|dmem:dmem|RAM~940                                   ; 0                 ; 0       ;
;      - my_computer:U1|dmem:dmem|RAM~1452                                  ; 0                 ; 0       ;
;      - my_computer:U1|dmem:dmem|RAM~428                                   ; 0                 ; 0       ;
;      - my_computer:U1|dmem:dmem|RAM~1964                                  ; 0                 ; 0       ;
;      - my_computer:U1|dmem:dmem|RAM~1420                                  ; 0                 ; 0       ;
;      - my_computer:U1|dmem:dmem|RAM~908                                   ; 0                 ; 0       ;
;      - my_computer:U1|dmem:dmem|RAM~396                                   ; 0                 ; 0       ;
;      - my_computer:U1|dmem:dmem|RAM~1932                                  ; 0                 ; 0       ;
;      - my_computer:U1|dmem:dmem|RAM~1004                                  ; 0                 ; 0       ;
;      - my_computer:U1|dmem:dmem|RAM~1516                                  ; 0                 ; 0       ;
;      - my_computer:U1|dmem:dmem|RAM~492                                   ; 0                 ; 0       ;
;      - my_computer:U1|dmem:dmem|RAM~2028                                  ; 0                 ; 0       ;
;      - my_computer:U1|dmem:dmem|RAM~2732                                  ; 0                 ; 0       ;
;      - my_computer:U1|dmem:dmem|RAM~2860                                  ; 0                 ; 0       ;
;      - my_computer:U1|dmem:dmem|RAM~2604                                  ; 0                 ; 0       ;
;      - my_computer:U1|dmem:dmem|RAM~2988                                  ; 0                 ; 0       ;
;      - my_computer:U1|dmem:dmem|RAM~2892                                  ; 0                 ; 0       ;
;      - my_computer:U1|dmem:dmem|RAM~2764                                  ; 0                 ; 0       ;
;      - my_computer:U1|dmem:dmem|RAM~2636                                  ; 0                 ; 0       ;
;      - my_computer:U1|dmem:dmem|RAM~3020                                  ; 0                 ; 0       ;
;      - my_computer:U1|dmem:dmem|RAM~2828                                  ; 0                 ; 0       ;
;      - my_computer:U1|dmem:dmem|RAM~2700                                  ; 0                 ; 0       ;
;      - my_computer:U1|dmem:dmem|RAM~2572                                  ; 0                 ; 0       ;
;      - my_computer:U1|dmem:dmem|RAM~2956                                  ; 0                 ; 0       ;
;      - my_computer:U1|dmem:dmem|RAM~2796                                  ; 0                 ; 0       ;
;      - my_computer:U1|dmem:dmem|RAM~2924                                  ; 0                 ; 0       ;
;      - my_computer:U1|dmem:dmem|RAM~2668                                  ; 0                 ; 0       ;
;      - my_computer:U1|dmem:dmem|RAM~3052                                  ; 0                 ; 0       ;
;      - my_computer:U1|dmem:dmem|RAM~3404                                  ; 0                 ; 0       ;
;      - my_computer:U1|dmem:dmem|RAM~3372                                  ; 0                 ; 0       ;
;      - my_computer:U1|dmem:dmem|RAM~3340                                  ; 0                 ; 0       ;
;      - my_computer:U1|dmem:dmem|RAM~3436                                  ; 0                 ; 0       ;
;      - my_computer:U1|dmem:dmem|RAM~3244                                  ; 0                 ; 0       ;
;      - my_computer:U1|dmem:dmem|RAM~3276                                  ; 0                 ; 0       ;
;      - my_computer:U1|dmem:dmem|RAM~3212                                  ; 0                 ; 0       ;
;      - my_computer:U1|dmem:dmem|RAM~3308                                  ; 0                 ; 0       ;
;      - my_computer:U1|dmem:dmem|RAM~3148                                  ; 0                 ; 0       ;
;      - my_computer:U1|dmem:dmem|RAM~3116                                  ; 0                 ; 0       ;
;      - my_computer:U1|dmem:dmem|RAM~3084                                  ; 0                 ; 0       ;
;      - my_computer:U1|dmem:dmem|RAM~3180                                  ; 0                 ; 0       ;
;      - my_computer:U1|dmem:dmem|RAM~3500                                  ; 0                 ; 0       ;
;      - my_computer:U1|dmem:dmem|RAM~3532                                  ; 0                 ; 0       ;
;      - my_computer:U1|dmem:dmem|RAM~3468                                  ; 0                 ; 0       ;
;      - my_computer:U1|dmem:dmem|RAM~3564                                  ; 0                 ; 0       ;
;      - my_computer:U1|dmem:dmem|RAM~2252                                  ; 0                 ; 0       ;
;      - my_computer:U1|dmem:dmem|RAM~2220                                  ; 0                 ; 0       ;
;      - my_computer:U1|dmem:dmem|RAM~2188                                  ; 0                 ; 0       ;
;      - my_computer:U1|dmem:dmem|RAM~2284                                  ; 0                 ; 0       ;
;      - my_computer:U1|dmem:dmem|RAM~2348                                  ; 0                 ; 0       ;
;      - my_computer:U1|dmem:dmem|RAM~2380                                  ; 0                 ; 0       ;
;      - my_computer:U1|dmem:dmem|RAM~2316                                  ; 0                 ; 0       ;
;      - my_computer:U1|dmem:dmem|RAM~2412                                  ; 0                 ; 0       ;
;      - my_computer:U1|dmem:dmem|RAM~2092                                  ; 0                 ; 0       ;
;      - my_computer:U1|dmem:dmem|RAM~2124                                  ; 0                 ; 0       ;
;      - my_computer:U1|dmem:dmem|RAM~2060                                  ; 0                 ; 0       ;
;      - my_computer:U1|dmem:dmem|RAM~2156                                  ; 0                 ; 0       ;
;      - my_computer:U1|dmem:dmem|RAM~2508                                  ; 0                 ; 0       ;
;      - my_computer:U1|dmem:dmem|RAM~2476                                  ; 0                 ; 0       ;
;      - my_computer:U1|dmem:dmem|RAM~2444                                  ; 0                 ; 0       ;
;      - my_computer:U1|dmem:dmem|RAM~2540                                  ; 0                 ; 0       ;
;      - my_computer:U1|dmem:dmem|RAM~3788                                  ; 0                 ; 0       ;
;      - my_computer:U1|dmem:dmem|RAM~3916                                  ; 0                 ; 0       ;
;      - my_computer:U1|dmem:dmem|RAM~3660                                  ; 0                 ; 0       ;
;      - my_computer:U1|dmem:dmem|RAM~4044                                  ; 0                 ; 0       ;
;      - my_computer:U1|dmem:dmem|RAM~3884                                  ; 0                 ; 0       ;
;      - my_computer:U1|dmem:dmem|RAM~3756                                  ; 0                 ; 0       ;
;      - my_computer:U1|dmem:dmem|RAM~3628                                  ; 0                 ; 0       ;
;      - my_computer:U1|dmem:dmem|RAM~4012                                  ; 0                 ; 0       ;
;      - my_computer:U1|dmem:dmem|RAM~3724                                  ; 0                 ; 0       ;
;      - my_computer:U1|dmem:dmem|RAM~3852                                  ; 0                 ; 0       ;
;      - my_computer:U1|dmem:dmem|RAM~3596                                  ; 0                 ; 0       ;
;      - my_computer:U1|dmem:dmem|RAM~3980                                  ; 0                 ; 0       ;
;      - my_computer:U1|dmem:dmem|RAM~3948                                  ; 0                 ; 0       ;
;      - my_computer:U1|dmem:dmem|RAM~3820                                  ; 0                 ; 0       ;
;      - my_computer:U1|dmem:dmem|RAM~3692                                  ; 0                 ; 0       ;
;      - my_computer:U1|dmem:dmem|RAM~4076                                  ; 0                 ; 0       ;
;      - my_computer:U1|dmem:dmem|RAM~3371                                  ; 0                 ; 0       ;
;      - my_computer:U1|dmem:dmem|RAM~2859                                  ; 0                 ; 0       ;
;      - my_computer:U1|dmem:dmem|RAM~2347                                  ; 0                 ; 0       ;
;      - my_computer:U1|dmem:dmem|RAM~3883                                  ; 0                 ; 0       ;
;      - my_computer:U1|dmem:dmem|RAM~2731                                  ; 0                 ; 0       ;
;      - my_computer:U1|dmem:dmem|RAM~3243                                  ; 0                 ; 0       ;
;      - my_computer:U1|dmem:dmem|RAM~2219                                  ; 0                 ; 0       ;
;      - my_computer:U1|dmem:dmem|RAM~3755                                  ; 0                 ; 0       ;
;      - my_computer:U1|dmem:dmem|RAM~3115                                  ; 0                 ; 0       ;
;      - my_computer:U1|dmem:dmem|RAM~2603                                  ; 0                 ; 0       ;
;      - my_computer:U1|dmem:dmem|RAM~2091                                  ; 0                 ; 0       ;
;      - my_computer:U1|dmem:dmem|RAM~3627                                  ; 0                 ; 0       ;
;      - my_computer:U1|dmem:dmem|RAM~2987                                  ; 0                 ; 0       ;
;      - my_computer:U1|dmem:dmem|RAM~3499                                  ; 0                 ; 0       ;
;      - my_computer:U1|dmem:dmem|RAM~2475                                  ; 0                 ; 0       ;
;      - my_computer:U1|dmem:dmem|RAM~4011                                  ; 0                 ; 0       ;
;      - my_computer:U1|dmem:dmem|RAM~2763                                  ; 0                 ; 0       ;
;      - my_computer:U1|dmem:dmem|RAM~3275                                  ; 0                 ; 0       ;
;      - my_computer:U1|dmem:dmem|RAM~2251                                  ; 0                 ; 0       ;
;      - my_computer:U1|dmem:dmem|RAM~3787                                  ; 0                 ; 0       ;
;      - my_computer:U1|dmem:dmem|RAM~3403                                  ; 0                 ; 0       ;
;      - my_computer:U1|dmem:dmem|RAM~2891                                  ; 0                 ; 0       ;
;      - my_computer:U1|dmem:dmem|RAM~2379                                  ; 0                 ; 0       ;
;      - my_computer:U1|dmem:dmem|RAM~3915                                  ; 0                 ; 0       ;
;      - my_computer:U1|dmem:dmem|RAM~3147                                  ; 0                 ; 0       ;
;      - my_computer:U1|dmem:dmem|RAM~2635                                  ; 0                 ; 0       ;
;      - my_computer:U1|dmem:dmem|RAM~2123                                  ; 0                 ; 0       ;
;      - my_computer:U1|dmem:dmem|RAM~3659                                  ; 0                 ; 0       ;
;      - my_computer:U1|dmem:dmem|RAM~3019                                  ; 0                 ; 0       ;
;      - my_computer:U1|dmem:dmem|RAM~3531                                  ; 0                 ; 0       ;
;      - my_computer:U1|dmem:dmem|RAM~2507                                  ; 0                 ; 0       ;
;      - my_computer:U1|dmem:dmem|RAM~4043                                  ; 0                 ; 0       ;
;      - my_computer:U1|dmem:dmem|RAM~2699                                  ; 0                 ; 0       ;
;      - my_computer:U1|dmem:dmem|RAM~3211                                  ; 0                 ; 0       ;
;      - my_computer:U1|dmem:dmem|RAM~2187                                  ; 0                 ; 0       ;
;      - my_computer:U1|dmem:dmem|RAM~3723                                  ; 0                 ; 0       ;
;      - my_computer:U1|dmem:dmem|RAM~3339                                  ; 0                 ; 0       ;
;      - my_computer:U1|dmem:dmem|RAM~2827                                  ; 0                 ; 0       ;
;      - my_computer:U1|dmem:dmem|RAM~2315                                  ; 0                 ; 0       ;
;      - my_computer:U1|dmem:dmem|RAM~3851                                  ; 0                 ; 0       ;
;      - my_computer:U1|dmem:dmem|RAM~3083                                  ; 0                 ; 0       ;
;      - my_computer:U1|dmem:dmem|RAM~2571                                  ; 0                 ; 0       ;
;      - my_computer:U1|dmem:dmem|RAM~2059                                  ; 0                 ; 0       ;
;      - my_computer:U1|dmem:dmem|RAM~3595                                  ; 0                 ; 0       ;
;      - my_computer:U1|dmem:dmem|RAM~2955                                  ; 0                 ; 0       ;
;      - my_computer:U1|dmem:dmem|RAM~3467                                  ; 0                 ; 0       ;
;      - my_computer:U1|dmem:dmem|RAM~2443                                  ; 0                 ; 0       ;
;      - my_computer:U1|dmem:dmem|RAM~3979                                  ; 0                 ; 0       ;
;      - my_computer:U1|dmem:dmem|RAM~3435                                  ; 0                 ; 0       ;
;      - my_computer:U1|dmem:dmem|RAM~2923                                  ; 0                 ; 0       ;
;      - my_computer:U1|dmem:dmem|RAM~2411                                  ; 0                 ; 0       ;
;      - my_computer:U1|dmem:dmem|RAM~3947                                  ; 0                 ; 0       ;
;      - my_computer:U1|dmem:dmem|RAM~2795                                  ; 0                 ; 0       ;
;      - my_computer:U1|dmem:dmem|RAM~3307                                  ; 0                 ; 0       ;
;      - my_computer:U1|dmem:dmem|RAM~2283                                  ; 0                 ; 0       ;
;      - my_computer:U1|dmem:dmem|RAM~3819                                  ; 0                 ; 0       ;
;      - my_computer:U1|dmem:dmem|RAM~3179                                  ; 0                 ; 0       ;
;      - my_computer:U1|dmem:dmem|RAM~2667                                  ; 0                 ; 0       ;
;      - my_computer:U1|dmem:dmem|RAM~2155                                  ; 0                 ; 0       ;
;      - my_computer:U1|dmem:dmem|RAM~3691                                  ; 0                 ; 0       ;
;      - my_computer:U1|dmem:dmem|RAM~3051                                  ; 0                 ; 0       ;
;      - my_computer:U1|dmem:dmem|RAM~3563                                  ; 0                 ; 0       ;
;      - my_computer:U1|dmem:dmem|RAM~2539                                  ; 0                 ; 0       ;
;      - my_computer:U1|dmem:dmem|RAM~4075                                  ; 0                 ; 0       ;
;      - my_computer:U1|dmem:dmem|RAM~1355                                  ; 0                 ; 0       ;
;      - my_computer:U1|dmem:dmem|RAM~1323                                  ; 0                 ; 0       ;
;      - my_computer:U1|dmem:dmem|RAM~1291                                  ; 0                 ; 0       ;
;      - my_computer:U1|dmem:dmem|RAM~1387                                  ; 0                 ; 0       ;
;      - my_computer:U1|dmem:dmem|RAM~1195                                  ; 0                 ; 0       ;
;      - my_computer:U1|dmem:dmem|RAM~1227                                  ; 0                 ; 0       ;
;      - my_computer:U1|dmem:dmem|RAM~1163                                  ; 0                 ; 0       ;
;      - my_computer:U1|dmem:dmem|RAM~1259                                  ; 0                 ; 0       ;
;      - my_computer:U1|dmem:dmem|RAM~1099                                  ; 0                 ; 0       ;
;      - my_computer:U1|dmem:dmem|RAM~1067                                  ; 0                 ; 0       ;
;      - my_computer:U1|dmem:dmem|RAM~1035                                  ; 0                 ; 0       ;
;      - my_computer:U1|dmem:dmem|RAM~1131                                  ; 0                 ; 0       ;
;      - my_computer:U1|dmem:dmem|RAM~1451                                  ; 0                 ; 0       ;
;      - my_computer:U1|dmem:dmem|RAM~1483                                  ; 0                 ; 0       ;
;      - my_computer:U1|dmem:dmem|RAM~1419                                  ; 0                 ; 0       ;
;      - my_computer:U1|dmem:dmem|RAM~1515                                  ; 0                 ; 0       ;
;      - my_computer:U1|dmem:dmem|RAM~683                                   ; 0                 ; 0       ;
;      - my_computer:U1|dmem:dmem|RAM~811                                   ; 0                 ; 0       ;
;      - my_computer:U1|dmem:dmem|RAM~555                                   ; 0                 ; 0       ;
;      - my_computer:U1|dmem:dmem|RAM~939                                   ; 0                 ; 0       ;
;      - my_computer:U1|dmem:dmem|RAM~843                                   ; 0                 ; 0       ;
;      - my_computer:U1|dmem:dmem|RAM~715                                   ; 0                 ; 0       ;
;      - my_computer:U1|dmem:dmem|RAM~587                                   ; 0                 ; 0       ;
;      - my_computer:U1|dmem:dmem|RAM~971                                   ; 0                 ; 0       ;
;      - my_computer:U1|dmem:dmem|RAM~779                                   ; 0                 ; 0       ;
;      - my_computer:U1|dmem:dmem|RAM~651                                   ; 0                 ; 0       ;
;      - my_computer:U1|dmem:dmem|RAM~523                                   ; 0                 ; 0       ;
;      - my_computer:U1|dmem:dmem|RAM~907                                   ; 0                 ; 0       ;
;      - my_computer:U1|dmem:dmem|RAM~747                                   ; 0                 ; 0       ;
;      - my_computer:U1|dmem:dmem|RAM~875                                   ; 0                 ; 0       ;
;      - my_computer:U1|dmem:dmem|RAM~619                                   ; 0                 ; 0       ;
;      - my_computer:U1|dmem:dmem|RAM~1003                                  ; 0                 ; 0       ;
;      - my_computer:U1|dmem:dmem|RAM~203                                   ; 0                 ; 0       ;
;      - my_computer:U1|dmem:dmem|RAM~171                                   ; 0                 ; 0       ;
;      - my_computer:U1|dmem:dmem|RAM~139                                   ; 0                 ; 0       ;
;      - my_computer:U1|dmem:dmem|RAM~235                                   ; 0                 ; 0       ;
;      - my_computer:U1|dmem:dmem|RAM~299                                   ; 0                 ; 0       ;
;      - my_computer:U1|dmem:dmem|RAM~331                                   ; 0                 ; 0       ;
;      - my_computer:U1|dmem:dmem|RAM~267                                   ; 0                 ; 0       ;
;      - my_computer:U1|dmem:dmem|RAM~363                                   ; 0                 ; 0       ;
;      - my_computer:U1|dmem:dmem|RAM~43                                    ; 0                 ; 0       ;
;      - my_computer:U1|dmem:dmem|RAM~75                                    ; 0                 ; 0       ;
;      - my_computer:U1|dmem:dmem|RAM~11                                    ; 0                 ; 0       ;
;      - my_computer:U1|dmem:dmem|RAM~107                                   ; 0                 ; 0       ;
;      - my_computer:U1|dmem:dmem|RAM~459                                   ; 0                 ; 0       ;
;      - my_computer:U1|dmem:dmem|RAM~427                                   ; 0                 ; 0       ;
;      - my_computer:U1|dmem:dmem|RAM~395                                   ; 0                 ; 0       ;
;      - my_computer:U1|dmem:dmem|RAM~491                                   ; 0                 ; 0       ;
;      - my_computer:U1|dmem:dmem|RAM~1739                                  ; 0                 ; 0       ;
;      - my_computer:U1|dmem:dmem|RAM~1867                                  ; 0                 ; 0       ;
;      - my_computer:U1|dmem:dmem|RAM~1611                                  ; 0                 ; 0       ;
;      - my_computer:U1|dmem:dmem|RAM~1995                                  ; 0                 ; 0       ;
;      - my_computer:U1|dmem:dmem|RAM~1835                                  ; 0                 ; 0       ;
;      - my_computer:U1|dmem:dmem|RAM~1707                                  ; 0                 ; 0       ;
;      - my_computer:U1|dmem:dmem|RAM~1579                                  ; 0                 ; 0       ;
;      - my_computer:U1|dmem:dmem|RAM~1963                                  ; 0                 ; 0       ;
;      - my_computer:U1|dmem:dmem|RAM~1675                                  ; 0                 ; 0       ;
;      - my_computer:U1|dmem:dmem|RAM~1803                                  ; 0                 ; 0       ;
;      - my_computer:U1|dmem:dmem|RAM~1547                                  ; 0                 ; 0       ;
;      - my_computer:U1|dmem:dmem|RAM~1931                                  ; 0                 ; 0       ;
;      - my_computer:U1|dmem:dmem|RAM~1899                                  ; 0                 ; 0       ;
;      - my_computer:U1|dmem:dmem|RAM~1771                                  ; 0                 ; 0       ;
;      - my_computer:U1|dmem:dmem|RAM~1643                                  ; 0                 ; 0       ;
;      - my_computer:U1|dmem:dmem|RAM~2027                                  ; 0                 ; 0       ;
;      - my_computer:U1|dmem:dmem|RAM~714                                   ; 0                 ; 0       ;
;      - my_computer:U1|dmem:dmem|RAM~1226                                  ; 0                 ; 0       ;
;      - my_computer:U1|dmem:dmem|RAM~202                                   ; 0                 ; 0       ;
;      - my_computer:U1|dmem:dmem|RAM~1738                                  ; 0                 ; 0       ;
;      - my_computer:U1|dmem:dmem|RAM~1354                                  ; 0                 ; 0       ;
;      - my_computer:U1|dmem:dmem|RAM~842                                   ; 0                 ; 0       ;
;      - my_computer:U1|dmem:dmem|RAM~330                                   ; 0                 ; 0       ;
;      - my_computer:U1|dmem:dmem|RAM~1866                                  ; 0                 ; 0       ;
;      - my_computer:U1|dmem:dmem|RAM~1098                                  ; 0                 ; 0       ;
;      - my_computer:U1|dmem:dmem|RAM~586                                   ; 0                 ; 0       ;
;      - my_computer:U1|dmem:dmem|RAM~74                                    ; 0                 ; 0       ;
;      - my_computer:U1|dmem:dmem|RAM~1610                                  ; 0                 ; 0       ;
;      - my_computer:U1|dmem:dmem|RAM~970                                   ; 0                 ; 0       ;
;      - my_computer:U1|dmem:dmem|RAM~1482                                  ; 0                 ; 0       ;
;      - my_computer:U1|dmem:dmem|RAM~458                                   ; 0                 ; 0       ;
;      - my_computer:U1|dmem:dmem|RAM~1994                                  ; 0                 ; 0       ;
;      - my_computer:U1|dmem:dmem|RAM~1322                                  ; 0                 ; 0       ;
;      - my_computer:U1|dmem:dmem|RAM~810                                   ; 0                 ; 0       ;
;      - my_computer:U1|dmem:dmem|RAM~298                                   ; 0                 ; 0       ;
;      - my_computer:U1|dmem:dmem|RAM~1834                                  ; 0                 ; 0       ;
;      - my_computer:U1|dmem:dmem|RAM~682                                   ; 0                 ; 0       ;
;      - my_computer:U1|dmem:dmem|RAM~1194                                  ; 0                 ; 0       ;
;      - my_computer:U1|dmem:dmem|RAM~170                                   ; 0                 ; 0       ;
;      - my_computer:U1|dmem:dmem|RAM~1706                                  ; 0                 ; 0       ;
;      - my_computer:U1|dmem:dmem|RAM~1066                                  ; 0                 ; 0       ;
;      - my_computer:U1|dmem:dmem|RAM~554                                   ; 0                 ; 0       ;
;      - my_computer:U1|dmem:dmem|RAM~42                                    ; 0                 ; 0       ;
;      - my_computer:U1|dmem:dmem|RAM~1578                                  ; 0                 ; 0       ;
;      - my_computer:U1|dmem:dmem|RAM~938                                   ; 0                 ; 0       ;
;      - my_computer:U1|dmem:dmem|RAM~1450                                  ; 0                 ; 0       ;
;      - my_computer:U1|dmem:dmem|RAM~426                                   ; 0                 ; 0       ;
;      - my_computer:U1|dmem:dmem|RAM~1962                                  ; 0                 ; 0       ;
;      - my_computer:U1|dmem:dmem|RAM~650                                   ; 0                 ; 0       ;
;      - my_computer:U1|dmem:dmem|RAM~1162                                  ; 0                 ; 0       ;
;      - my_computer:U1|dmem:dmem|RAM~138                                   ; 0                 ; 0       ;
;      - my_computer:U1|dmem:dmem|RAM~1674                                  ; 0                 ; 0       ;
;      - my_computer:U1|dmem:dmem|RAM~1290                                  ; 0                 ; 0       ;
;      - my_computer:U1|dmem:dmem|RAM~778                                   ; 0                 ; 0       ;
;      - my_computer:U1|dmem:dmem|RAM~266                                   ; 0                 ; 0       ;
;      - my_computer:U1|dmem:dmem|RAM~1802                                  ; 0                 ; 0       ;
;      - my_computer:U1|dmem:dmem|RAM~1034                                  ; 0                 ; 0       ;
;      - my_computer:U1|dmem:dmem|RAM~522                                   ; 0                 ; 0       ;
;      - my_computer:U1|dmem:dmem|RAM~10                                    ; 0                 ; 0       ;
;      - my_computer:U1|dmem:dmem|RAM~1546                                  ; 0                 ; 0       ;
;      - my_computer:U1|dmem:dmem|RAM~906                                   ; 0                 ; 0       ;
;      - my_computer:U1|dmem:dmem|RAM~1418                                  ; 0                 ; 0       ;
;      - my_computer:U1|dmem:dmem|RAM~394                                   ; 0                 ; 0       ;
;      - my_computer:U1|dmem:dmem|RAM~1930                                  ; 0                 ; 0       ;
;      - my_computer:U1|dmem:dmem|RAM~1386                                  ; 0                 ; 0       ;
;      - my_computer:U1|dmem:dmem|RAM~874                                   ; 0                 ; 0       ;
;      - my_computer:U1|dmem:dmem|RAM~362                                   ; 0                 ; 0       ;
;      - my_computer:U1|dmem:dmem|RAM~1898                                  ; 0                 ; 0       ;
;      - my_computer:U1|dmem:dmem|RAM~746                                   ; 0                 ; 0       ;
;      - my_computer:U1|dmem:dmem|RAM~1258                                  ; 0                 ; 0       ;
;      - my_computer:U1|dmem:dmem|RAM~234                                   ; 0                 ; 0       ;
;      - my_computer:U1|dmem:dmem|RAM~1770                                  ; 0                 ; 0       ;
;      - my_computer:U1|dmem:dmem|RAM~1130                                  ; 0                 ; 0       ;
;      - my_computer:U1|dmem:dmem|RAM~618                                   ; 0                 ; 0       ;
;      - my_computer:U1|dmem:dmem|RAM~106                                   ; 0                 ; 0       ;
;      - my_computer:U1|dmem:dmem|RAM~1642                                  ; 0                 ; 0       ;
;      - my_computer:U1|dmem:dmem|RAM~1002                                  ; 0                 ; 0       ;
;      - my_computer:U1|dmem:dmem|RAM~1514                                  ; 0                 ; 0       ;
;      - my_computer:U1|dmem:dmem|RAM~490                                   ; 0                 ; 0       ;
;      - my_computer:U1|dmem:dmem|RAM~2026                                  ; 0                 ; 0       ;
;      - my_computer:U1|dmem:dmem|RAM~2858                                  ; 0                 ; 0       ;
;      - my_computer:U1|dmem:dmem|RAM~3370                                  ; 0                 ; 0       ;
;      - my_computer:U1|dmem:dmem|RAM~2346                                  ; 0                 ; 0       ;
;      - my_computer:U1|dmem:dmem|RAM~3882                                  ; 0                 ; 0       ;
;      - my_computer:U1|dmem:dmem|RAM~3402                                  ; 0                 ; 0       ;
;      - my_computer:U1|dmem:dmem|RAM~2890                                  ; 0                 ; 0       ;
;      - my_computer:U1|dmem:dmem|RAM~2378                                  ; 0                 ; 0       ;
;      - my_computer:U1|dmem:dmem|RAM~3914                                  ; 0                 ; 0       ;
;      - my_computer:U1|dmem:dmem|RAM~3338                                  ; 0                 ; 0       ;
;      - my_computer:U1|dmem:dmem|RAM~2826                                  ; 0                 ; 0       ;
;      - my_computer:U1|dmem:dmem|RAM~2314                                  ; 0                 ; 0       ;
;      - my_computer:U1|dmem:dmem|RAM~3850                                  ; 0                 ; 0       ;
;      - my_computer:U1|dmem:dmem|RAM~2922                                  ; 0                 ; 0       ;
;      - my_computer:U1|dmem:dmem|RAM~3434                                  ; 0                 ; 0       ;
;      - my_computer:U1|dmem:dmem|RAM~2410                                  ; 0                 ; 0       ;
;      - my_computer:U1|dmem:dmem|RAM~3946                                  ; 0                 ; 0       ;
;      - my_computer:U1|dmem:dmem|RAM~3274                                  ; 0                 ; 0       ;
;      - my_computer:U1|dmem:dmem|RAM~2762                                  ; 0                 ; 0       ;
;      - my_computer:U1|dmem:dmem|RAM~2250                                  ; 0                 ; 0       ;
;      - my_computer:U1|dmem:dmem|RAM~3786                                  ; 0                 ; 0       ;
;      - my_computer:U1|dmem:dmem|RAM~2730                                  ; 0                 ; 0       ;
;      - my_computer:U1|dmem:dmem|RAM~3242                                  ; 0                 ; 0       ;
;      - my_computer:U1|dmem:dmem|RAM~2218                                  ; 0                 ; 0       ;
;      - my_computer:U1|dmem:dmem|RAM~3754                                  ; 0                 ; 0       ;
;      - my_computer:U1|dmem:dmem|RAM~3210                                  ; 0                 ; 0       ;
;      - my_computer:U1|dmem:dmem|RAM~2698                                  ; 0                 ; 0       ;
;      - my_computer:U1|dmem:dmem|RAM~2186                                  ; 0                 ; 0       ;
;      - my_computer:U1|dmem:dmem|RAM~3722                                  ; 0                 ; 0       ;
;      - my_computer:U1|dmem:dmem|RAM~2794                                  ; 0                 ; 0       ;
;      - my_computer:U1|dmem:dmem|RAM~3306                                  ; 0                 ; 0       ;
;      - my_computer:U1|dmem:dmem|RAM~2282                                  ; 0                 ; 0       ;
;      - my_computer:U1|dmem:dmem|RAM~3818                                  ; 0                 ; 0       ;
;      - my_computer:U1|dmem:dmem|RAM~2602                                  ; 0                 ; 0       ;
;      - my_computer:U1|dmem:dmem|RAM~3114                                  ; 0                 ; 0       ;
;      - my_computer:U1|dmem:dmem|RAM~2090                                  ; 0                 ; 0       ;
;      - my_computer:U1|dmem:dmem|RAM~3626                                  ; 0                 ; 0       ;
;      - my_computer:U1|dmem:dmem|RAM~3146                                  ; 0                 ; 0       ;
;      - my_computer:U1|dmem:dmem|RAM~2634                                  ; 0                 ; 0       ;
;      - my_computer:U1|dmem:dmem|RAM~2122                                  ; 0                 ; 0       ;
;      - my_computer:U1|dmem:dmem|RAM~3658                                  ; 0                 ; 0       ;
;      - my_computer:U1|dmem:dmem|RAM~3082                                  ; 0                 ; 0       ;
;      - my_computer:U1|dmem:dmem|RAM~2570                                  ; 0                 ; 0       ;
;      - my_computer:U1|dmem:dmem|RAM~2058                                  ; 0                 ; 0       ;
;      - my_computer:U1|dmem:dmem|RAM~3594                                  ; 0                 ; 0       ;
;      - my_computer:U1|dmem:dmem|RAM~2666                                  ; 0                 ; 0       ;
;      - my_computer:U1|dmem:dmem|RAM~3178                                  ; 0                 ; 0       ;
;      - my_computer:U1|dmem:dmem|RAM~2154                                  ; 0                 ; 0       ;
;      - my_computer:U1|dmem:dmem|RAM~3690                                  ; 0                 ; 0       ;
;      - my_computer:U1|dmem:dmem|RAM~3530                                  ; 0                 ; 0       ;
;      - my_computer:U1|dmem:dmem|RAM~3018                                  ; 0                 ; 0       ;
;      - my_computer:U1|dmem:dmem|RAM~2506                                  ; 0                 ; 0       ;
;      - my_computer:U1|dmem:dmem|RAM~4042                                  ; 0                 ; 0       ;
;      - my_computer:U1|dmem:dmem|RAM~2986                                  ; 0                 ; 0       ;
;      - my_computer:U1|dmem:dmem|RAM~3498                                  ; 0                 ; 0       ;
;      - my_computer:U1|dmem:dmem|RAM~2474                                  ; 0                 ; 0       ;
;      - my_computer:U1|dmem:dmem|RAM~4010                                  ; 0                 ; 0       ;
;      - my_computer:U1|dmem:dmem|RAM~3466                                  ; 0                 ; 0       ;
;      - my_computer:U1|dmem:dmem|RAM~2954                                  ; 0                 ; 0       ;
;      - my_computer:U1|dmem:dmem|RAM~2442                                  ; 0                 ; 0       ;
;      - my_computer:U1|dmem:dmem|RAM~3978                                  ; 0                 ; 0       ;
;      - my_computer:U1|dmem:dmem|RAM~3050                                  ; 0                 ; 0       ;
;      - my_computer:U1|dmem:dmem|RAM~3562                                  ; 0                 ; 0       ;
;      - my_computer:U1|dmem:dmem|RAM~2538                                  ; 0                 ; 0       ;
;      - my_computer:U1|dmem:dmem|RAM~4074                                  ; 0                 ; 0       ;
;      - my_computer:U1|dmem:dmem|RAM~2729                                  ; 0                 ; 0       ;
;      - my_computer:U1|dmem:dmem|RAM~2857                                  ; 0                 ; 0       ;
;      - my_computer:U1|dmem:dmem|RAM~2601                                  ; 0                 ; 0       ;
;      - my_computer:U1|dmem:dmem|RAM~2985                                  ; 0                 ; 0       ;
;      - my_computer:U1|dmem:dmem|RAM~2889                                  ; 0                 ; 0       ;
;      - my_computer:U1|dmem:dmem|RAM~2761                                  ; 0                 ; 0       ;
;      - my_computer:U1|dmem:dmem|RAM~2633                                  ; 0                 ; 0       ;
;      - my_computer:U1|dmem:dmem|RAM~3017                                  ; 0                 ; 0       ;
;      - my_computer:U1|dmem:dmem|RAM~2825                                  ; 0                 ; 0       ;
;      - my_computer:U1|dmem:dmem|RAM~2697                                  ; 0                 ; 0       ;
;      - my_computer:U1|dmem:dmem|RAM~2569                                  ; 0                 ; 0       ;
;      - my_computer:U1|dmem:dmem|RAM~2953                                  ; 0                 ; 0       ;
;      - my_computer:U1|dmem:dmem|RAM~2793                                  ; 0                 ; 0       ;
;      - my_computer:U1|dmem:dmem|RAM~2921                                  ; 0                 ; 0       ;
;      - my_computer:U1|dmem:dmem|RAM~2665                                  ; 0                 ; 0       ;
;      - my_computer:U1|dmem:dmem|RAM~3049                                  ; 0                 ; 0       ;
;      - my_computer:U1|dmem:dmem|RAM~3401                                  ; 0                 ; 0       ;
;      - my_computer:U1|dmem:dmem|RAM~3369                                  ; 0                 ; 0       ;
;      - my_computer:U1|dmem:dmem|RAM~3337                                  ; 0                 ; 0       ;
;      - my_computer:U1|dmem:dmem|RAM~3433                                  ; 0                 ; 0       ;
;      - my_computer:U1|dmem:dmem|RAM~3241                                  ; 0                 ; 0       ;
;      - my_computer:U1|dmem:dmem|RAM~3273                                  ; 0                 ; 0       ;
;      - my_computer:U1|dmem:dmem|RAM~3209                                  ; 0                 ; 0       ;
;      - my_computer:U1|dmem:dmem|RAM~3305                                  ; 0                 ; 0       ;
;      - my_computer:U1|dmem:dmem|RAM~3145                                  ; 0                 ; 0       ;
;      - my_computer:U1|dmem:dmem|RAM~3113                                  ; 0                 ; 0       ;
;      - my_computer:U1|dmem:dmem|RAM~3081                                  ; 0                 ; 0       ;
;      - my_computer:U1|dmem:dmem|RAM~3177                                  ; 0                 ; 0       ;
;      - my_computer:U1|dmem:dmem|RAM~3497                                  ; 0                 ; 0       ;
;      - my_computer:U1|dmem:dmem|RAM~3529                                  ; 0                 ; 0       ;
;      - my_computer:U1|dmem:dmem|RAM~3465                                  ; 0                 ; 0       ;
;      - my_computer:U1|dmem:dmem|RAM~3561                                  ; 0                 ; 0       ;
;      - my_computer:U1|dmem:dmem|RAM~2249                                  ; 0                 ; 0       ;
;      - my_computer:U1|dmem:dmem|RAM~2217                                  ; 0                 ; 0       ;
;      - my_computer:U1|dmem:dmem|RAM~2185                                  ; 0                 ; 0       ;
;      - my_computer:U1|dmem:dmem|RAM~2281                                  ; 0                 ; 0       ;
;      - my_computer:U1|dmem:dmem|RAM~2345                                  ; 0                 ; 0       ;
;      - my_computer:U1|dmem:dmem|RAM~2377                                  ; 0                 ; 0       ;
;      - my_computer:U1|dmem:dmem|RAM~2313                                  ; 0                 ; 0       ;
;      - my_computer:U1|dmem:dmem|RAM~2409                                  ; 0                 ; 0       ;
;      - my_computer:U1|dmem:dmem|RAM~2089                                  ; 0                 ; 0       ;
;      - my_computer:U1|dmem:dmem|RAM~2121                                  ; 0                 ; 0       ;
;      - my_computer:U1|dmem:dmem|RAM~2057                                  ; 0                 ; 0       ;
;      - my_computer:U1|dmem:dmem|RAM~2153                                  ; 0                 ; 0       ;
;      - my_computer:U1|dmem:dmem|RAM~2505                                  ; 0                 ; 0       ;
;      - my_computer:U1|dmem:dmem|RAM~2473                                  ; 0                 ; 0       ;
;      - my_computer:U1|dmem:dmem|RAM~2441                                  ; 0                 ; 0       ;
;      - my_computer:U1|dmem:dmem|RAM~2537                                  ; 0                 ; 0       ;
;      - my_computer:U1|dmem:dmem|RAM~3785                                  ; 0                 ; 0       ;
;      - my_computer:U1|dmem:dmem|RAM~3913                                  ; 0                 ; 0       ;
;      - my_computer:U1|dmem:dmem|RAM~3657                                  ; 0                 ; 0       ;
;      - my_computer:U1|dmem:dmem|RAM~4041                                  ; 0                 ; 0       ;
;      - my_computer:U1|dmem:dmem|RAM~3881                                  ; 0                 ; 0       ;
;      - my_computer:U1|dmem:dmem|RAM~3753                                  ; 0                 ; 0       ;
;      - my_computer:U1|dmem:dmem|RAM~3625                                  ; 0                 ; 0       ;
;      - my_computer:U1|dmem:dmem|RAM~4009                                  ; 0                 ; 0       ;
;      - my_computer:U1|dmem:dmem|RAM~3721                                  ; 0                 ; 0       ;
;      - my_computer:U1|dmem:dmem|RAM~3849                                  ; 0                 ; 0       ;
;      - my_computer:U1|dmem:dmem|RAM~3593                                  ; 0                 ; 0       ;
;      - my_computer:U1|dmem:dmem|RAM~3977                                  ; 0                 ; 0       ;
;      - my_computer:U1|dmem:dmem|RAM~3945                                  ; 0                 ; 0       ;
;      - my_computer:U1|dmem:dmem|RAM~3817                                  ; 0                 ; 0       ;
;      - my_computer:U1|dmem:dmem|RAM~3689                                  ; 0                 ; 0       ;
;      - my_computer:U1|dmem:dmem|RAM~4073                                  ; 0                 ; 0       ;
;      - my_computer:U1|dmem:dmem|RAM~3368                                  ; 0                 ; 0       ;
;      - my_computer:U1|dmem:dmem|RAM~2856                                  ; 0                 ; 0       ;
;      - my_computer:U1|dmem:dmem|RAM~2344                                  ; 0                 ; 0       ;
;      - my_computer:U1|dmem:dmem|RAM~3880                                  ; 0                 ; 0       ;
;      - my_computer:U1|dmem:dmem|RAM~2728                                  ; 0                 ; 0       ;
;      - my_computer:U1|dmem:dmem|RAM~3240                                  ; 0                 ; 0       ;
;      - my_computer:U1|dmem:dmem|RAM~2216                                  ; 0                 ; 0       ;
;      - my_computer:U1|dmem:dmem|RAM~3752                                  ; 0                 ; 0       ;
;      - my_computer:U1|dmem:dmem|RAM~3112                                  ; 0                 ; 0       ;
;      - my_computer:U1|dmem:dmem|RAM~2600                                  ; 0                 ; 0       ;
;      - my_computer:U1|dmem:dmem|RAM~2088                                  ; 0                 ; 0       ;
;      - my_computer:U1|dmem:dmem|RAM~3624                                  ; 0                 ; 0       ;
;      - my_computer:U1|dmem:dmem|RAM~2984                                  ; 0                 ; 0       ;
;      - my_computer:U1|dmem:dmem|RAM~3496                                  ; 0                 ; 0       ;
;      - my_computer:U1|dmem:dmem|RAM~2472                                  ; 0                 ; 0       ;
;      - my_computer:U1|dmem:dmem|RAM~4008                                  ; 0                 ; 0       ;
;      - my_computer:U1|dmem:dmem|RAM~2760                                  ; 0                 ; 0       ;
;      - my_computer:U1|dmem:dmem|RAM~3272                                  ; 0                 ; 0       ;
;      - my_computer:U1|dmem:dmem|RAM~2248                                  ; 0                 ; 0       ;
;      - my_computer:U1|dmem:dmem|RAM~3784                                  ; 0                 ; 0       ;
;      - my_computer:U1|dmem:dmem|RAM~3400                                  ; 0                 ; 0       ;
;      - my_computer:U1|dmem:dmem|RAM~2888                                  ; 0                 ; 0       ;
;      - my_computer:U1|dmem:dmem|RAM~2376                                  ; 0                 ; 0       ;
;      - my_computer:U1|dmem:dmem|RAM~3912                                  ; 0                 ; 0       ;
;      - my_computer:U1|dmem:dmem|RAM~3144                                  ; 0                 ; 0       ;
;      - my_computer:U1|dmem:dmem|RAM~2632                                  ; 0                 ; 0       ;
;      - my_computer:U1|dmem:dmem|RAM~2120                                  ; 0                 ; 0       ;
;      - my_computer:U1|dmem:dmem|RAM~3656                                  ; 0                 ; 0       ;
;      - my_computer:U1|dmem:dmem|RAM~3016                                  ; 0                 ; 0       ;
;      - my_computer:U1|dmem:dmem|RAM~3528                                  ; 0                 ; 0       ;
;      - my_computer:U1|dmem:dmem|RAM~2504                                  ; 0                 ; 0       ;
;      - my_computer:U1|dmem:dmem|RAM~4040                                  ; 0                 ; 0       ;
;      - my_computer:U1|dmem:dmem|RAM~2696                                  ; 0                 ; 0       ;
;      - my_computer:U1|dmem:dmem|RAM~3208                                  ; 0                 ; 0       ;
;      - my_computer:U1|dmem:dmem|RAM~2184                                  ; 0                 ; 0       ;
;      - my_computer:U1|dmem:dmem|RAM~3720                                  ; 0                 ; 0       ;
;      - my_computer:U1|dmem:dmem|RAM~3336                                  ; 0                 ; 0       ;
;      - my_computer:U1|dmem:dmem|RAM~2824                                  ; 0                 ; 0       ;
;      - my_computer:U1|dmem:dmem|RAM~2312                                  ; 0                 ; 0       ;
;      - my_computer:U1|dmem:dmem|RAM~3848                                  ; 0                 ; 0       ;
;      - my_computer:U1|dmem:dmem|RAM~3080                                  ; 0                 ; 0       ;
;      - my_computer:U1|dmem:dmem|RAM~2568                                  ; 0                 ; 0       ;
;      - my_computer:U1|dmem:dmem|RAM~2056                                  ; 0                 ; 0       ;
;      - my_computer:U1|dmem:dmem|RAM~3592                                  ; 0                 ; 0       ;
;      - my_computer:U1|dmem:dmem|RAM~2952                                  ; 0                 ; 0       ;
;      - my_computer:U1|dmem:dmem|RAM~3464                                  ; 0                 ; 0       ;
;      - my_computer:U1|dmem:dmem|RAM~2440                                  ; 0                 ; 0       ;
;      - my_computer:U1|dmem:dmem|RAM~3976                                  ; 0                 ; 0       ;
;      - my_computer:U1|dmem:dmem|RAM~3432                                  ; 0                 ; 0       ;
;      - my_computer:U1|dmem:dmem|RAM~2920                                  ; 0                 ; 0       ;
;      - my_computer:U1|dmem:dmem|RAM~2408                                  ; 0                 ; 0       ;
;      - my_computer:U1|dmem:dmem|RAM~3944                                  ; 0                 ; 0       ;
;      - my_computer:U1|dmem:dmem|RAM~2792                                  ; 0                 ; 0       ;
;      - my_computer:U1|dmem:dmem|RAM~3304                                  ; 0                 ; 0       ;
;      - my_computer:U1|dmem:dmem|RAM~2280                                  ; 0                 ; 0       ;
;      - my_computer:U1|dmem:dmem|RAM~3816                                  ; 0                 ; 0       ;
;      - my_computer:U1|dmem:dmem|RAM~3176                                  ; 0                 ; 0       ;
;      - my_computer:U1|dmem:dmem|RAM~2664                                  ; 0                 ; 0       ;
;      - my_computer:U1|dmem:dmem|RAM~2152                                  ; 0                 ; 0       ;
;      - my_computer:U1|dmem:dmem|RAM~3688                                  ; 0                 ; 0       ;
;      - my_computer:U1|dmem:dmem|RAM~3048                                  ; 0                 ; 0       ;
;      - my_computer:U1|dmem:dmem|RAM~3560                                  ; 0                 ; 0       ;
;      - my_computer:U1|dmem:dmem|RAM~2536                                  ; 0                 ; 0       ;
;      - my_computer:U1|dmem:dmem|RAM~4072                                  ; 0                 ; 0       ;
;      - my_computer:U1|dmem:dmem|RAM~2855                                  ; 0                 ; 0       ;
;      - my_computer:U1|dmem:dmem|RAM~3367                                  ; 0                 ; 0       ;
;      - my_computer:U1|dmem:dmem|RAM~2343                                  ; 0                 ; 0       ;
;      - my_computer:U1|dmem:dmem|RAM~3879                                  ; 0                 ; 0       ;
;      - my_computer:U1|dmem:dmem|RAM~3399                                  ; 0                 ; 0       ;
;      - my_computer:U1|dmem:dmem|RAM~2887                                  ; 0                 ; 0       ;
;      - my_computer:U1|dmem:dmem|RAM~2375                                  ; 0                 ; 0       ;
;      - my_computer:U1|dmem:dmem|RAM~3911                                  ; 0                 ; 0       ;
;      - my_computer:U1|dmem:dmem|RAM~3335                                  ; 0                 ; 0       ;
;      - my_computer:U1|dmem:dmem|RAM~2823                                  ; 0                 ; 0       ;
;      - my_computer:U1|dmem:dmem|RAM~2311                                  ; 0                 ; 0       ;
;      - my_computer:U1|dmem:dmem|RAM~3847                                  ; 0                 ; 0       ;
;      - my_computer:U1|dmem:dmem|RAM~2919                                  ; 0                 ; 0       ;
;      - my_computer:U1|dmem:dmem|RAM~3431                                  ; 0                 ; 0       ;
;      - my_computer:U1|dmem:dmem|RAM~2407                                  ; 0                 ; 0       ;
;      - my_computer:U1|dmem:dmem|RAM~3943                                  ; 0                 ; 0       ;
;      - my_computer:U1|dmem:dmem|RAM~3271                                  ; 0                 ; 0       ;
;      - my_computer:U1|dmem:dmem|RAM~2759                                  ; 0                 ; 0       ;
;      - my_computer:U1|dmem:dmem|RAM~2247                                  ; 0                 ; 0       ;
;      - my_computer:U1|dmem:dmem|RAM~3783                                  ; 0                 ; 0       ;
;      - my_computer:U1|dmem:dmem|RAM~2727                                  ; 0                 ; 0       ;
;      - my_computer:U1|dmem:dmem|RAM~3239                                  ; 0                 ; 0       ;
;      - my_computer:U1|dmem:dmem|RAM~2215                                  ; 0                 ; 0       ;
;      - my_computer:U1|dmem:dmem|RAM~3751                                  ; 0                 ; 0       ;
;      - my_computer:U1|dmem:dmem|RAM~3207                                  ; 0                 ; 0       ;
;      - my_computer:U1|dmem:dmem|RAM~2695                                  ; 0                 ; 0       ;
;      - my_computer:U1|dmem:dmem|RAM~2183                                  ; 0                 ; 0       ;
;      - my_computer:U1|dmem:dmem|RAM~3719                                  ; 0                 ; 0       ;
;      - my_computer:U1|dmem:dmem|RAM~2791                                  ; 0                 ; 0       ;
;      - my_computer:U1|dmem:dmem|RAM~3303                                  ; 0                 ; 0       ;
;      - my_computer:U1|dmem:dmem|RAM~2279                                  ; 0                 ; 0       ;
;      - my_computer:U1|dmem:dmem|RAM~3815                                  ; 0                 ; 0       ;
;      - my_computer:U1|dmem:dmem|RAM~2599                                  ; 0                 ; 0       ;
;      - my_computer:U1|dmem:dmem|RAM~3111                                  ; 0                 ; 0       ;
;      - my_computer:U1|dmem:dmem|RAM~2087                                  ; 0                 ; 0       ;
;      - my_computer:U1|dmem:dmem|RAM~3623                                  ; 0                 ; 0       ;
;      - my_computer:U1|dmem:dmem|RAM~3143                                  ; 0                 ; 0       ;
;      - my_computer:U1|dmem:dmem|RAM~2631                                  ; 0                 ; 0       ;
;      - my_computer:U1|dmem:dmem|RAM~2119                                  ; 0                 ; 0       ;
;      - my_computer:U1|dmem:dmem|RAM~3655                                  ; 0                 ; 0       ;
;      - my_computer:U1|dmem:dmem|RAM~3079                                  ; 0                 ; 0       ;
;      - my_computer:U1|dmem:dmem|RAM~2567                                  ; 0                 ; 0       ;
;      - my_computer:U1|dmem:dmem|RAM~2055                                  ; 0                 ; 0       ;
;      - my_computer:U1|dmem:dmem|RAM~3591                                  ; 0                 ; 0       ;
;      - my_computer:U1|dmem:dmem|RAM~2663                                  ; 0                 ; 0       ;
;      - my_computer:U1|dmem:dmem|RAM~3175                                  ; 0                 ; 0       ;
;      - my_computer:U1|dmem:dmem|RAM~2151                                  ; 0                 ; 0       ;
;      - my_computer:U1|dmem:dmem|RAM~3687                                  ; 0                 ; 0       ;
;      - my_computer:U1|dmem:dmem|RAM~3527                                  ; 0                 ; 0       ;
;      - my_computer:U1|dmem:dmem|RAM~3015                                  ; 0                 ; 0       ;
;      - my_computer:U1|dmem:dmem|RAM~2503                                  ; 0                 ; 0       ;
;      - my_computer:U1|dmem:dmem|RAM~4039                                  ; 0                 ; 0       ;
;      - my_computer:U1|dmem:dmem|RAM~2983                                  ; 0                 ; 0       ;
;      - my_computer:U1|dmem:dmem|RAM~3495                                  ; 0                 ; 0       ;
;      - my_computer:U1|dmem:dmem|RAM~2471                                  ; 0                 ; 0       ;
;      - my_computer:U1|dmem:dmem|RAM~4007                                  ; 0                 ; 0       ;
;      - my_computer:U1|dmem:dmem|RAM~3463                                  ; 0                 ; 0       ;
;      - my_computer:U1|dmem:dmem|RAM~2951                                  ; 0                 ; 0       ;
;      - my_computer:U1|dmem:dmem|RAM~2439                                  ; 0                 ; 0       ;
;      - my_computer:U1|dmem:dmem|RAM~3975                                  ; 0                 ; 0       ;
;      - my_computer:U1|dmem:dmem|RAM~3047                                  ; 0                 ; 0       ;
;      - my_computer:U1|dmem:dmem|RAM~3559                                  ; 0                 ; 0       ;
;      - my_computer:U1|dmem:dmem|RAM~2535                                  ; 0                 ; 0       ;
;      - my_computer:U1|dmem:dmem|RAM~4071                                  ; 0                 ; 0       ;
;      - my_computer:U1|dmem:dmem|RAM~2726                                  ; 0                 ; 0       ;
;      - my_computer:U1|dmem:dmem|RAM~2854                                  ; 0                 ; 0       ;
;      - my_computer:U1|dmem:dmem|RAM~2598                                  ; 0                 ; 0       ;
;      - my_computer:U1|dmem:dmem|RAM~2982                                  ; 0                 ; 0       ;
;      - my_computer:U1|dmem:dmem|RAM~2886                                  ; 0                 ; 0       ;
;      - my_computer:U1|dmem:dmem|RAM~2758                                  ; 0                 ; 0       ;
;      - my_computer:U1|dmem:dmem|RAM~2630                                  ; 0                 ; 0       ;
;      - my_computer:U1|dmem:dmem|RAM~3014                                  ; 0                 ; 0       ;
;      - my_computer:U1|dmem:dmem|RAM~2822                                  ; 0                 ; 0       ;
;      - my_computer:U1|dmem:dmem|RAM~2694                                  ; 0                 ; 0       ;
;      - my_computer:U1|dmem:dmem|RAM~2566                                  ; 0                 ; 0       ;
;      - my_computer:U1|dmem:dmem|RAM~2950                                  ; 0                 ; 0       ;
;      - my_computer:U1|dmem:dmem|RAM~2790                                  ; 0                 ; 0       ;
;      - my_computer:U1|dmem:dmem|RAM~2918                                  ; 0                 ; 0       ;
;      - my_computer:U1|dmem:dmem|RAM~2662                                  ; 0                 ; 0       ;
;      - my_computer:U1|dmem:dmem|RAM~3046                                  ; 0                 ; 0       ;
;      - my_computer:U1|dmem:dmem|RAM~3398                                  ; 0                 ; 0       ;
;      - my_computer:U1|dmem:dmem|RAM~3366                                  ; 0                 ; 0       ;
;      - my_computer:U1|dmem:dmem|RAM~3334                                  ; 0                 ; 0       ;
;      - my_computer:U1|dmem:dmem|RAM~3430                                  ; 0                 ; 0       ;
;      - my_computer:U1|dmem:dmem|RAM~3238                                  ; 0                 ; 0       ;
;      - my_computer:U1|dmem:dmem|RAM~3270                                  ; 0                 ; 0       ;
;      - my_computer:U1|dmem:dmem|RAM~3206                                  ; 0                 ; 0       ;
;      - my_computer:U1|dmem:dmem|RAM~3302                                  ; 0                 ; 0       ;
;      - my_computer:U1|dmem:dmem|RAM~3142                                  ; 0                 ; 0       ;
;      - my_computer:U1|dmem:dmem|RAM~3110                                  ; 0                 ; 0       ;
;      - my_computer:U1|dmem:dmem|RAM~3078                                  ; 0                 ; 0       ;
;      - my_computer:U1|dmem:dmem|RAM~3174                                  ; 0                 ; 0       ;
;      - my_computer:U1|dmem:dmem|RAM~3494                                  ; 0                 ; 0       ;
;      - my_computer:U1|dmem:dmem|RAM~3526                                  ; 0                 ; 0       ;
;      - my_computer:U1|dmem:dmem|RAM~3462                                  ; 0                 ; 0       ;
;      - my_computer:U1|dmem:dmem|RAM~3558                                  ; 0                 ; 0       ;
;      - my_computer:U1|dmem:dmem|RAM~2246                                  ; 0                 ; 0       ;
;      - my_computer:U1|dmem:dmem|RAM~2214                                  ; 0                 ; 0       ;
;      - my_computer:U1|dmem:dmem|RAM~2182                                  ; 0                 ; 0       ;
;      - my_computer:U1|dmem:dmem|RAM~2278                                  ; 0                 ; 0       ;
;      - my_computer:U1|dmem:dmem|RAM~2342                                  ; 0                 ; 0       ;
;      - my_computer:U1|dmem:dmem|RAM~2374                                  ; 0                 ; 0       ;
;      - my_computer:U1|dmem:dmem|RAM~2310                                  ; 0                 ; 0       ;
;      - my_computer:U1|dmem:dmem|RAM~2406                                  ; 0                 ; 0       ;
;      - my_computer:U1|dmem:dmem|RAM~2086                                  ; 0                 ; 0       ;
;      - my_computer:U1|dmem:dmem|RAM~2118                                  ; 0                 ; 0       ;
;      - my_computer:U1|dmem:dmem|RAM~2054                                  ; 0                 ; 0       ;
;      - my_computer:U1|dmem:dmem|RAM~2150                                  ; 0                 ; 0       ;
;      - my_computer:U1|dmem:dmem|RAM~2502                                  ; 0                 ; 0       ;
;      - my_computer:U1|dmem:dmem|RAM~2470                                  ; 0                 ; 0       ;
;      - my_computer:U1|dmem:dmem|RAM~2438                                  ; 0                 ; 0       ;
;      - my_computer:U1|dmem:dmem|RAM~2534                                  ; 0                 ; 0       ;
;      - my_computer:U1|dmem:dmem|RAM~3782                                  ; 0                 ; 0       ;
;      - my_computer:U1|dmem:dmem|RAM~3910                                  ; 0                 ; 0       ;
;      - my_computer:U1|dmem:dmem|RAM~3654                                  ; 0                 ; 0       ;
;      - my_computer:U1|dmem:dmem|RAM~4038                                  ; 0                 ; 0       ;
;      - my_computer:U1|dmem:dmem|RAM~3878                                  ; 0                 ; 0       ;
;      - my_computer:U1|dmem:dmem|RAM~3750                                  ; 0                 ; 0       ;
;      - my_computer:U1|dmem:dmem|RAM~3622                                  ; 0                 ; 0       ;
;      - my_computer:U1|dmem:dmem|RAM~4006                                  ; 0                 ; 0       ;
;      - my_computer:U1|dmem:dmem|RAM~3718                                  ; 0                 ; 0       ;
;      - my_computer:U1|dmem:dmem|RAM~3846                                  ; 0                 ; 0       ;
;      - my_computer:U1|dmem:dmem|RAM~3590                                  ; 0                 ; 0       ;
;      - my_computer:U1|dmem:dmem|RAM~3974                                  ; 0                 ; 0       ;
;      - my_computer:U1|dmem:dmem|RAM~3942                                  ; 0                 ; 0       ;
;      - my_computer:U1|dmem:dmem|RAM~3814                                  ; 0                 ; 0       ;
;      - my_computer:U1|dmem:dmem|RAM~3686                                  ; 0                 ; 0       ;
;      - my_computer:U1|dmem:dmem|RAM~4070                                  ; 0                 ; 0       ;
;      - my_computer:U1|dmem:dmem|RAM~1371                                  ; 0                 ; 0       ;
;      - my_computer:U1|dmem:dmem|RAM~1339                                  ; 0                 ; 0       ;
;      - my_computer:U1|dmem:dmem|RAM~1307                                  ; 0                 ; 0       ;
;      - my_computer:U1|dmem:dmem|RAM~1403                                  ; 0                 ; 0       ;
;      - my_computer:U1|dmem:dmem|RAM~1211                                  ; 0                 ; 0       ;
;      - my_computer:U1|dmem:dmem|RAM~1243                                  ; 0                 ; 0       ;
;      - my_computer:U1|dmem:dmem|RAM~1179                                  ; 0                 ; 0       ;
;      - my_computer:U1|dmem:dmem|RAM~1275                                  ; 0                 ; 0       ;
;      - my_computer:U1|dmem:dmem|RAM~1115                                  ; 0                 ; 0       ;
;      - my_computer:U1|dmem:dmem|RAM~1083                                  ; 0                 ; 0       ;
;      - my_computer:U1|dmem:dmem|RAM~1051                                  ; 0                 ; 0       ;
;      - my_computer:U1|dmem:dmem|RAM~1147                                  ; 0                 ; 0       ;
;      - my_computer:U1|dmem:dmem|RAM~1467                                  ; 0                 ; 0       ;
;      - my_computer:U1|dmem:dmem|RAM~1499                                  ; 0                 ; 0       ;
;      - my_computer:U1|dmem:dmem|RAM~1435                                  ; 0                 ; 0       ;
;      - my_computer:U1|dmem:dmem|RAM~1531                                  ; 0                 ; 0       ;
;      - my_computer:U1|dmem:dmem|RAM~699                                   ; 0                 ; 0       ;
;      - my_computer:U1|dmem:dmem|RAM~827                                   ; 0                 ; 0       ;
;      - my_computer:U1|dmem:dmem|RAM~571                                   ; 0                 ; 0       ;
;      - my_computer:U1|dmem:dmem|RAM~955                                   ; 0                 ; 0       ;
;      - my_computer:U1|dmem:dmem|RAM~859                                   ; 0                 ; 0       ;
;      - my_computer:U1|dmem:dmem|RAM~731                                   ; 0                 ; 0       ;
;      - my_computer:U1|dmem:dmem|RAM~603                                   ; 0                 ; 0       ;
;      - my_computer:U1|dmem:dmem|RAM~987                                   ; 0                 ; 0       ;
;      - my_computer:U1|dmem:dmem|RAM~795                                   ; 0                 ; 0       ;
;      - my_computer:U1|dmem:dmem|RAM~667                                   ; 0                 ; 0       ;
;      - my_computer:U1|dmem:dmem|RAM~539                                   ; 0                 ; 0       ;
;      - my_computer:U1|dmem:dmem|RAM~923                                   ; 0                 ; 0       ;
;      - my_computer:U1|dmem:dmem|RAM~763                                   ; 0                 ; 0       ;
;      - my_computer:U1|dmem:dmem|RAM~891                                   ; 0                 ; 0       ;
;      - my_computer:U1|dmem:dmem|RAM~635                                   ; 0                 ; 0       ;
;      - my_computer:U1|dmem:dmem|RAM~1019                                  ; 0                 ; 0       ;
;      - my_computer:U1|dmem:dmem|RAM~219                                   ; 0                 ; 0       ;
;      - my_computer:U1|dmem:dmem|RAM~187                                   ; 0                 ; 0       ;
;      - my_computer:U1|dmem:dmem|RAM~155                                   ; 0                 ; 0       ;
;      - my_computer:U1|dmem:dmem|RAM~251                                   ; 0                 ; 0       ;
;      - my_computer:U1|dmem:dmem|RAM~315                                   ; 0                 ; 0       ;
;      - my_computer:U1|dmem:dmem|RAM~347                                   ; 0                 ; 0       ;
;      - my_computer:U1|dmem:dmem|RAM~283                                   ; 0                 ; 0       ;
;      - my_computer:U1|dmem:dmem|RAM~379                                   ; 0                 ; 0       ;
;      - my_computer:U1|dmem:dmem|RAM~59                                    ; 0                 ; 0       ;
;      - my_computer:U1|dmem:dmem|RAM~91                                    ; 0                 ; 0       ;
;      - my_computer:U1|dmem:dmem|RAM~27                                    ; 0                 ; 0       ;
;      - my_computer:U1|dmem:dmem|RAM~123                                   ; 0                 ; 0       ;
;      - my_computer:U1|dmem:dmem|RAM~475                                   ; 0                 ; 0       ;
;      - my_computer:U1|dmem:dmem|RAM~443                                   ; 0                 ; 0       ;
;      - my_computer:U1|dmem:dmem|RAM~411                                   ; 0                 ; 0       ;
;      - my_computer:U1|dmem:dmem|RAM~507                                   ; 0                 ; 0       ;
;      - my_computer:U1|dmem:dmem|RAM~1755                                  ; 0                 ; 0       ;
;      - my_computer:U1|dmem:dmem|RAM~1883                                  ; 0                 ; 0       ;
;      - my_computer:U1|dmem:dmem|RAM~1627                                  ; 0                 ; 0       ;
;      - my_computer:U1|dmem:dmem|RAM~2011                                  ; 0                 ; 0       ;
;      - my_computer:U1|dmem:dmem|RAM~1851                                  ; 0                 ; 0       ;
;      - my_computer:U1|dmem:dmem|RAM~1723                                  ; 0                 ; 0       ;
;      - my_computer:U1|dmem:dmem|RAM~1595                                  ; 0                 ; 0       ;
;      - my_computer:U1|dmem:dmem|RAM~1979                                  ; 0                 ; 0       ;
;      - my_computer:U1|dmem:dmem|RAM~1691                                  ; 0                 ; 0       ;
;      - my_computer:U1|dmem:dmem|RAM~1819                                  ; 0                 ; 0       ;
;      - my_computer:U1|dmem:dmem|RAM~1563                                  ; 0                 ; 0       ;
;      - my_computer:U1|dmem:dmem|RAM~1947                                  ; 0                 ; 0       ;
;      - my_computer:U1|dmem:dmem|RAM~1915                                  ; 0                 ; 0       ;
;      - my_computer:U1|dmem:dmem|RAM~1787                                  ; 0                 ; 0       ;
;      - my_computer:U1|dmem:dmem|RAM~1659                                  ; 0                 ; 0       ;
;      - my_computer:U1|dmem:dmem|RAM~2043                                  ; 0                 ; 0       ;
;      - my_computer:U1|riscvsingle:rvsingle|datapath:dp|flopr:pcreg|q[27]  ; 0                 ; 0       ;
;      - my_computer:U1|dmem:dmem|RAM~3387                                  ; 0                 ; 0       ;
;      - my_computer:U1|dmem:dmem|RAM~2875                                  ; 0                 ; 0       ;
;      - my_computer:U1|dmem:dmem|RAM~2363                                  ; 0                 ; 0       ;
;      - my_computer:U1|dmem:dmem|RAM~3899                                  ; 0                 ; 0       ;
;      - my_computer:U1|dmem:dmem|RAM~2747                                  ; 0                 ; 0       ;
;      - my_computer:U1|dmem:dmem|RAM~3259                                  ; 0                 ; 0       ;
;      - my_computer:U1|dmem:dmem|RAM~2235                                  ; 0                 ; 0       ;
;      - my_computer:U1|dmem:dmem|RAM~3771                                  ; 0                 ; 0       ;
;      - my_computer:U1|dmem:dmem|RAM~3131                                  ; 0                 ; 0       ;
;      - my_computer:U1|dmem:dmem|RAM~2619                                  ; 0                 ; 0       ;
;      - my_computer:U1|dmem:dmem|RAM~2107                                  ; 0                 ; 0       ;
;      - my_computer:U1|dmem:dmem|RAM~3643                                  ; 0                 ; 0       ;
;      - my_computer:U1|dmem:dmem|RAM~3003                                  ; 0                 ; 0       ;
;      - my_computer:U1|dmem:dmem|RAM~3515                                  ; 0                 ; 0       ;
;      - my_computer:U1|dmem:dmem|RAM~2491                                  ; 0                 ; 0       ;
;      - my_computer:U1|dmem:dmem|RAM~4027                                  ; 0                 ; 0       ;
;      - my_computer:U1|dmem:dmem|RAM~2779                                  ; 0                 ; 0       ;
;      - my_computer:U1|dmem:dmem|RAM~3291                                  ; 0                 ; 0       ;
;      - my_computer:U1|dmem:dmem|RAM~2267                                  ; 0                 ; 0       ;
;      - my_computer:U1|dmem:dmem|RAM~3803                                  ; 0                 ; 0       ;
;      - my_computer:U1|dmem:dmem|RAM~3419                                  ; 0                 ; 0       ;
;      - my_computer:U1|dmem:dmem|RAM~2907                                  ; 0                 ; 0       ;
;      - my_computer:U1|dmem:dmem|RAM~2395                                  ; 0                 ; 0       ;
;      - my_computer:U1|dmem:dmem|RAM~3931                                  ; 0                 ; 0       ;
;      - my_computer:U1|dmem:dmem|RAM~3163                                  ; 0                 ; 0       ;
;      - my_computer:U1|dmem:dmem|RAM~2651                                  ; 0                 ; 0       ;
;      - my_computer:U1|dmem:dmem|RAM~2139                                  ; 0                 ; 0       ;
;      - my_computer:U1|dmem:dmem|RAM~3675                                  ; 0                 ; 0       ;
;      - my_computer:U1|dmem:dmem|RAM~3035                                  ; 0                 ; 0       ;
;      - my_computer:U1|dmem:dmem|RAM~3547                                  ; 0                 ; 0       ;
;      - my_computer:U1|dmem:dmem|RAM~2523                                  ; 0                 ; 0       ;
;      - my_computer:U1|dmem:dmem|RAM~4059                                  ; 0                 ; 0       ;
;      - my_computer:U1|dmem:dmem|RAM~2715                                  ; 0                 ; 0       ;
;      - my_computer:U1|dmem:dmem|RAM~3227                                  ; 0                 ; 0       ;
;      - my_computer:U1|dmem:dmem|RAM~2203                                  ; 0                 ; 0       ;
;      - my_computer:U1|dmem:dmem|RAM~3739                                  ; 0                 ; 0       ;
;      - my_computer:U1|dmem:dmem|RAM~3355                                  ; 0                 ; 0       ;
;      - my_computer:U1|dmem:dmem|RAM~2843                                  ; 0                 ; 0       ;
;      - my_computer:U1|dmem:dmem|RAM~2331                                  ; 0                 ; 0       ;
;      - my_computer:U1|dmem:dmem|RAM~3867                                  ; 0                 ; 0       ;
;      - my_computer:U1|dmem:dmem|RAM~3099                                  ; 0                 ; 0       ;
;      - my_computer:U1|dmem:dmem|RAM~2587                                  ; 0                 ; 0       ;
;      - my_computer:U1|dmem:dmem|RAM~2075                                  ; 0                 ; 0       ;
;      - my_computer:U1|dmem:dmem|RAM~3611                                  ; 0                 ; 0       ;
;      - my_computer:U1|dmem:dmem|RAM~2971                                  ; 0                 ; 0       ;
;      - my_computer:U1|dmem:dmem|RAM~3483                                  ; 0                 ; 0       ;
;      - my_computer:U1|dmem:dmem|RAM~2459                                  ; 0                 ; 0       ;
;      - my_computer:U1|dmem:dmem|RAM~3995                                  ; 0                 ; 0       ;
;      - my_computer:U1|dmem:dmem|RAM~3451                                  ; 0                 ; 0       ;
;      - my_computer:U1|dmem:dmem|RAM~2939                                  ; 0                 ; 0       ;
;      - my_computer:U1|dmem:dmem|RAM~2427                                  ; 0                 ; 0       ;
;      - my_computer:U1|dmem:dmem|RAM~3963                                  ; 0                 ; 0       ;
;      - my_computer:U1|dmem:dmem|RAM~2811                                  ; 0                 ; 0       ;
;      - my_computer:U1|dmem:dmem|RAM~3323                                  ; 0                 ; 0       ;
;      - my_computer:U1|dmem:dmem|RAM~2299                                  ; 0                 ; 0       ;
;      - my_computer:U1|dmem:dmem|RAM~3835                                  ; 0                 ; 0       ;
;      - my_computer:U1|dmem:dmem|RAM~3195                                  ; 0                 ; 0       ;
;      - my_computer:U1|dmem:dmem|RAM~2683                                  ; 0                 ; 0       ;
;      - my_computer:U1|dmem:dmem|RAM~2171                                  ; 0                 ; 0       ;
;      - my_computer:U1|dmem:dmem|RAM~3707                                  ; 0                 ; 0       ;
;      - my_computer:U1|dmem:dmem|RAM~3067                                  ; 0                 ; 0       ;
;      - my_computer:U1|dmem:dmem|RAM~3579                                  ; 0                 ; 0       ;
;      - my_computer:U1|dmem:dmem|RAM~2555                                  ; 0                 ; 0       ;
;      - my_computer:U1|dmem:dmem|RAM~4091                                  ; 0                 ; 0       ;
;      - my_computer:U1|riscvsingle:rvsingle|datapath:dp|flopr:pcreg|q[31]  ; 0                 ; 0       ;
;      - my_computer:U1|riscvsingle:rvsingle|datapath:dp|flopr:pcreg|q[30]  ; 0                 ; 0       ;
;      - my_computer:U1|riscvsingle:rvsingle|datapath:dp|flopr:pcreg|q[29]  ; 0                 ; 0       ;
;      - my_computer:U1|riscvsingle:rvsingle|datapath:dp|flopr:pcreg|q[28]  ; 0                 ; 0       ;
;      - my_computer:U1|dmem:dmem|RAM~1247                                  ; 0                 ; 0       ;
;      - my_computer:U1|dmem:dmem|RAM~735                                   ; 0                 ; 0       ;
;      - my_computer:U1|dmem:dmem|RAM~223                                   ; 0                 ; 0       ;
;      - my_computer:U1|dmem:dmem|RAM~1759                                  ; 0                 ; 0       ;
;      - my_computer:U1|dmem:dmem|RAM~703                                   ; 0                 ; 0       ;
;      - my_computer:U1|dmem:dmem|RAM~1215                                  ; 0                 ; 0       ;
;      - my_computer:U1|dmem:dmem|RAM~191                                   ; 0                 ; 0       ;
;      - my_computer:U1|dmem:dmem|RAM~1727                                  ; 0                 ; 0       ;
;      - my_computer:U1|dmem:dmem|RAM~1183                                  ; 0                 ; 0       ;
;      - my_computer:U1|dmem:dmem|RAM~671                                   ; 0                 ; 0       ;
;      - my_computer:U1|dmem:dmem|RAM~159                                   ; 0                 ; 0       ;
;      - my_computer:U1|dmem:dmem|RAM~1695                                  ; 0                 ; 0       ;
;      - my_computer:U1|dmem:dmem|RAM~767                                   ; 0                 ; 0       ;
;      - my_computer:U1|dmem:dmem|RAM~1279                                  ; 0                 ; 0       ;
;      - my_computer:U1|dmem:dmem|RAM~255                                   ; 0                 ; 0       ;
;      - my_computer:U1|dmem:dmem|RAM~1791                                  ; 0                 ; 0       ;
;      - my_computer:U1|dmem:dmem|RAM~831                                   ; 0                 ; 0       ;
;      - my_computer:U1|dmem:dmem|RAM~1343                                  ; 0                 ; 0       ;
;      - my_computer:U1|dmem:dmem|RAM~319                                   ; 0                 ; 0       ;
;      - my_computer:U1|dmem:dmem|RAM~1855                                  ; 0                 ; 0       ;
;      - my_computer:U1|dmem:dmem|RAM~1375                                  ; 0                 ; 0       ;
;      - my_computer:U1|dmem:dmem|RAM~863                                   ; 0                 ; 0       ;
;      - my_computer:U1|dmem:dmem|RAM~351                                   ; 0                 ; 0       ;
;      - my_computer:U1|dmem:dmem|RAM~1887                                  ; 0                 ; 0       ;
;      - my_computer:U1|dmem:dmem|RAM~1311                                  ; 0                 ; 0       ;
;      - my_computer:U1|dmem:dmem|RAM~799                                   ; 0                 ; 0       ;
;      - my_computer:U1|dmem:dmem|RAM~287                                   ; 0                 ; 0       ;
;      - my_computer:U1|dmem:dmem|RAM~1823                                  ; 0                 ; 0       ;
;      - my_computer:U1|dmem:dmem|RAM~895                                   ; 0                 ; 0       ;
;      - my_computer:U1|dmem:dmem|RAM~1407                                  ; 0                 ; 0       ;
;      - my_computer:U1|dmem:dmem|RAM~383                                   ; 0                 ; 0       ;
;      - my_computer:U1|dmem:dmem|RAM~1919                                  ; 0                 ; 0       ;
;      - my_computer:U1|dmem:dmem|RAM~575                                   ; 0                 ; 0       ;
;      - my_computer:U1|dmem:dmem|RAM~1087                                  ; 0                 ; 0       ;
;      - my_computer:U1|dmem:dmem|RAM~63                                    ; 0                 ; 0       ;
;      - my_computer:U1|dmem:dmem|RAM~1599                                  ; 0                 ; 0       ;
;      - my_computer:U1|dmem:dmem|RAM~1119                                  ; 0                 ; 0       ;
;      - my_computer:U1|dmem:dmem|RAM~607                                   ; 0                 ; 0       ;
;      - my_computer:U1|dmem:dmem|RAM~95                                    ; 0                 ; 0       ;
;      - my_computer:U1|dmem:dmem|RAM~1631                                  ; 0                 ; 0       ;
;      - my_computer:U1|dmem:dmem|RAM~1055                                  ; 0                 ; 0       ;
;      - my_computer:U1|dmem:dmem|RAM~543                                   ; 0                 ; 0       ;
;      - my_computer:U1|dmem:dmem|RAM~31                                    ; 0                 ; 0       ;
;      - my_computer:U1|dmem:dmem|RAM~1567                                  ; 0                 ; 0       ;
;      - my_computer:U1|dmem:dmem|RAM~639                                   ; 0                 ; 0       ;
;      - my_computer:U1|dmem:dmem|RAM~1151                                  ; 0                 ; 0       ;
;      - my_computer:U1|dmem:dmem|RAM~127                                   ; 0                 ; 0       ;
;      - my_computer:U1|dmem:dmem|RAM~1663                                  ; 0                 ; 0       ;
;      - my_computer:U1|dmem:dmem|RAM~1503                                  ; 0                 ; 0       ;
;      - my_computer:U1|dmem:dmem|RAM~991                                   ; 0                 ; 0       ;
;      - my_computer:U1|dmem:dmem|RAM~479                                   ; 0                 ; 0       ;
;      - my_computer:U1|dmem:dmem|RAM~2015                                  ; 0                 ; 0       ;
;      - my_computer:U1|dmem:dmem|RAM~959                                   ; 0                 ; 0       ;
;      - my_computer:U1|dmem:dmem|RAM~1471                                  ; 0                 ; 0       ;
;      - my_computer:U1|dmem:dmem|RAM~447                                   ; 0                 ; 0       ;
;      - my_computer:U1|dmem:dmem|RAM~1983                                  ; 0                 ; 0       ;
;      - my_computer:U1|dmem:dmem|RAM~1439                                  ; 0                 ; 0       ;
;      - my_computer:U1|dmem:dmem|RAM~927                                   ; 0                 ; 0       ;
;      - my_computer:U1|dmem:dmem|RAM~415                                   ; 0                 ; 0       ;
;      - my_computer:U1|dmem:dmem|RAM~1951                                  ; 0                 ; 0       ;
;      - my_computer:U1|dmem:dmem|RAM~1023                                  ; 0                 ; 0       ;
;      - my_computer:U1|dmem:dmem|RAM~1535                                  ; 0                 ; 0       ;
;      - my_computer:U1|dmem:dmem|RAM~511                                   ; 0                 ; 0       ;
;      - my_computer:U1|dmem:dmem|RAM~2047                                  ; 0                 ; 0       ;
;      - my_computer:U1|dmem:dmem|RAM~2751                                  ; 0                 ; 0       ;
;      - my_computer:U1|dmem:dmem|RAM~2879                                  ; 0                 ; 0       ;
;      - my_computer:U1|dmem:dmem|RAM~2623                                  ; 0                 ; 0       ;
;      - my_computer:U1|dmem:dmem|RAM~3007                                  ; 0                 ; 0       ;
;      - my_computer:U1|dmem:dmem|RAM~2911                                  ; 0                 ; 0       ;
;      - my_computer:U1|dmem:dmem|RAM~2783                                  ; 0                 ; 0       ;
;      - my_computer:U1|dmem:dmem|RAM~2655                                  ; 0                 ; 0       ;
;      - my_computer:U1|dmem:dmem|RAM~3039                                  ; 0                 ; 0       ;
;      - my_computer:U1|dmem:dmem|RAM~2847                                  ; 0                 ; 0       ;
;      - my_computer:U1|dmem:dmem|RAM~2719                                  ; 0                 ; 0       ;
;      - my_computer:U1|dmem:dmem|RAM~2591                                  ; 0                 ; 0       ;
;      - my_computer:U1|dmem:dmem|RAM~2975                                  ; 0                 ; 0       ;
;      - my_computer:U1|dmem:dmem|RAM~2815                                  ; 0                 ; 0       ;
;      - my_computer:U1|dmem:dmem|RAM~2943                                  ; 0                 ; 0       ;
;      - my_computer:U1|dmem:dmem|RAM~2687                                  ; 0                 ; 0       ;
;      - my_computer:U1|dmem:dmem|RAM~3071                                  ; 0                 ; 0       ;
;      - my_computer:U1|dmem:dmem|RAM~3423                                  ; 0                 ; 0       ;
;      - my_computer:U1|dmem:dmem|RAM~3391                                  ; 0                 ; 0       ;
;      - my_computer:U1|dmem:dmem|RAM~3359                                  ; 0                 ; 0       ;
;      - my_computer:U1|dmem:dmem|RAM~3455                                  ; 0                 ; 0       ;
;      - my_computer:U1|dmem:dmem|RAM~3263                                  ; 0                 ; 0       ;
;      - my_computer:U1|dmem:dmem|RAM~3295                                  ; 0                 ; 0       ;
;      - my_computer:U1|dmem:dmem|RAM~3231                                  ; 0                 ; 0       ;
;      - my_computer:U1|dmem:dmem|RAM~3327                                  ; 0                 ; 0       ;
;      - my_computer:U1|dmem:dmem|RAM~3167                                  ; 0                 ; 0       ;
;      - my_computer:U1|dmem:dmem|RAM~3135                                  ; 0                 ; 0       ;
;      - my_computer:U1|dmem:dmem|RAM~3103                                  ; 0                 ; 0       ;
;      - my_computer:U1|dmem:dmem|RAM~3199                                  ; 0                 ; 0       ;
;      - my_computer:U1|dmem:dmem|RAM~3519                                  ; 0                 ; 0       ;
;      - my_computer:U1|dmem:dmem|RAM~3551                                  ; 0                 ; 0       ;
;      - my_computer:U1|dmem:dmem|RAM~3487                                  ; 0                 ; 0       ;
;      - my_computer:U1|dmem:dmem|RAM~3583                                  ; 0                 ; 0       ;
;      - my_computer:U1|dmem:dmem|RAM~2271                                  ; 0                 ; 0       ;
;      - my_computer:U1|dmem:dmem|RAM~2239                                  ; 0                 ; 0       ;
;      - my_computer:U1|dmem:dmem|RAM~2207                                  ; 0                 ; 0       ;
;      - my_computer:U1|dmem:dmem|RAM~2303                                  ; 0                 ; 0       ;
;      - my_computer:U1|dmem:dmem|RAM~2367                                  ; 0                 ; 0       ;
;      - my_computer:U1|dmem:dmem|RAM~2399                                  ; 0                 ; 0       ;
;      - my_computer:U1|dmem:dmem|RAM~2335                                  ; 0                 ; 0       ;
;      - my_computer:U1|dmem:dmem|RAM~2431                                  ; 0                 ; 0       ;
;      - my_computer:U1|dmem:dmem|RAM~2111                                  ; 0                 ; 0       ;
;      - my_computer:U1|dmem:dmem|RAM~2143                                  ; 0                 ; 0       ;
;      - my_computer:U1|dmem:dmem|RAM~2079                                  ; 0                 ; 0       ;
;      - my_computer:U1|dmem:dmem|RAM~2175                                  ; 0                 ; 0       ;
;      - my_computer:U1|dmem:dmem|RAM~2527                                  ; 0                 ; 0       ;
;      - my_computer:U1|dmem:dmem|RAM~2495                                  ; 0                 ; 0       ;
;      - my_computer:U1|dmem:dmem|RAM~2463                                  ; 0                 ; 0       ;
;      - my_computer:U1|dmem:dmem|RAM~2559                                  ; 0                 ; 0       ;
;      - my_computer:U1|dmem:dmem|RAM~3807                                  ; 0                 ; 0       ;
;      - my_computer:U1|dmem:dmem|RAM~3935                                  ; 0                 ; 0       ;
;      - my_computer:U1|dmem:dmem|RAM~3679                                  ; 0                 ; 0       ;
;      - my_computer:U1|dmem:dmem|RAM~4063                                  ; 0                 ; 0       ;
;      - my_computer:U1|dmem:dmem|RAM~3903                                  ; 0                 ; 0       ;
;      - my_computer:U1|dmem:dmem|RAM~3775                                  ; 0                 ; 0       ;
;      - my_computer:U1|dmem:dmem|RAM~3647                                  ; 0                 ; 0       ;
;      - my_computer:U1|dmem:dmem|RAM~4031                                  ; 0                 ; 0       ;
;      - my_computer:U1|dmem:dmem|RAM~3743                                  ; 0                 ; 0       ;
;      - my_computer:U1|dmem:dmem|RAM~3871                                  ; 0                 ; 0       ;
;      - my_computer:U1|dmem:dmem|RAM~3615                                  ; 0                 ; 0       ;
;      - my_computer:U1|dmem:dmem|RAM~3999                                  ; 0                 ; 0       ;
;      - my_computer:U1|dmem:dmem|RAM~3967                                  ; 0                 ; 0       ;
;      - my_computer:U1|dmem:dmem|RAM~3839                                  ; 0                 ; 0       ;
;      - my_computer:U1|dmem:dmem|RAM~3711                                  ; 0                 ; 0       ;
;      - my_computer:U1|dmem:dmem|RAM~4095                                  ; 0                 ; 0       ;
;      - my_computer:U1|dmem:dmem|RAM~3390                                  ; 0                 ; 0       ;
;      - my_computer:U1|dmem:dmem|RAM~2878                                  ; 0                 ; 0       ;
;      - my_computer:U1|dmem:dmem|RAM~2366                                  ; 0                 ; 0       ;
;      - my_computer:U1|dmem:dmem|RAM~3902                                  ; 0                 ; 0       ;
;      - my_computer:U1|dmem:dmem|RAM~2750                                  ; 0                 ; 0       ;
;      - my_computer:U1|dmem:dmem|RAM~3262                                  ; 0                 ; 0       ;
;      - my_computer:U1|dmem:dmem|RAM~2238                                  ; 0                 ; 0       ;
;      - my_computer:U1|dmem:dmem|RAM~3774                                  ; 0                 ; 0       ;
;      - my_computer:U1|dmem:dmem|RAM~3134                                  ; 0                 ; 0       ;
;      - my_computer:U1|dmem:dmem|RAM~2622                                  ; 0                 ; 0       ;
;      - my_computer:U1|dmem:dmem|RAM~2110                                  ; 0                 ; 0       ;
;      - my_computer:U1|dmem:dmem|RAM~3646                                  ; 0                 ; 0       ;
;      - my_computer:U1|dmem:dmem|RAM~3006                                  ; 0                 ; 0       ;
;      - my_computer:U1|dmem:dmem|RAM~3518                                  ; 0                 ; 0       ;
;      - my_computer:U1|dmem:dmem|RAM~2494                                  ; 0                 ; 0       ;
;      - my_computer:U1|dmem:dmem|RAM~4030                                  ; 0                 ; 0       ;
;      - my_computer:U1|dmem:dmem|RAM~2782                                  ; 0                 ; 0       ;
;      - my_computer:U1|dmem:dmem|RAM~3294                                  ; 0                 ; 0       ;
;      - my_computer:U1|dmem:dmem|RAM~2270                                  ; 0                 ; 0       ;
;      - my_computer:U1|dmem:dmem|RAM~3806                                  ; 0                 ; 0       ;
;      - my_computer:U1|dmem:dmem|RAM~3422                                  ; 0                 ; 0       ;
;      - my_computer:U1|dmem:dmem|RAM~2910                                  ; 0                 ; 0       ;
;      - my_computer:U1|dmem:dmem|RAM~2398                                  ; 0                 ; 0       ;
;      - my_computer:U1|dmem:dmem|RAM~3934                                  ; 0                 ; 0       ;
;      - my_computer:U1|dmem:dmem|RAM~3166                                  ; 0                 ; 0       ;
;      - my_computer:U1|dmem:dmem|RAM~2654                                  ; 0                 ; 0       ;
;      - my_computer:U1|dmem:dmem|RAM~2142                                  ; 0                 ; 0       ;
;      - my_computer:U1|dmem:dmem|RAM~3678                                  ; 0                 ; 0       ;
;      - my_computer:U1|dmem:dmem|RAM~3038                                  ; 0                 ; 0       ;
;      - my_computer:U1|dmem:dmem|RAM~3550                                  ; 0                 ; 0       ;
;      - my_computer:U1|dmem:dmem|RAM~2526                                  ; 0                 ; 0       ;
;      - my_computer:U1|dmem:dmem|RAM~4062                                  ; 0                 ; 0       ;
;      - my_computer:U1|dmem:dmem|RAM~2718                                  ; 0                 ; 0       ;
;      - my_computer:U1|dmem:dmem|RAM~3230                                  ; 0                 ; 0       ;
;      - my_computer:U1|dmem:dmem|RAM~2206                                  ; 0                 ; 0       ;
;      - my_computer:U1|dmem:dmem|RAM~3742                                  ; 0                 ; 0       ;
;      - my_computer:U1|dmem:dmem|RAM~3358                                  ; 0                 ; 0       ;
;      - my_computer:U1|dmem:dmem|RAM~2846                                  ; 0                 ; 0       ;
;      - my_computer:U1|dmem:dmem|RAM~2334                                  ; 0                 ; 0       ;
;      - my_computer:U1|dmem:dmem|RAM~3870                                  ; 0                 ; 0       ;
;      - my_computer:U1|dmem:dmem|RAM~3102                                  ; 0                 ; 0       ;
;      - my_computer:U1|dmem:dmem|RAM~2590                                  ; 0                 ; 0       ;
;      - my_computer:U1|dmem:dmem|RAM~2078                                  ; 0                 ; 0       ;
;      - my_computer:U1|dmem:dmem|RAM~3614                                  ; 0                 ; 0       ;
;      - my_computer:U1|dmem:dmem|RAM~2974                                  ; 0                 ; 0       ;
;      - my_computer:U1|dmem:dmem|RAM~3486                                  ; 0                 ; 0       ;
;      - my_computer:U1|dmem:dmem|RAM~2462                                  ; 0                 ; 0       ;
;      - my_computer:U1|dmem:dmem|RAM~3998                                  ; 0                 ; 0       ;
;      - my_computer:U1|dmem:dmem|RAM~3454                                  ; 0                 ; 0       ;
;      - my_computer:U1|dmem:dmem|RAM~2942                                  ; 0                 ; 0       ;
;      - my_computer:U1|dmem:dmem|RAM~2430                                  ; 0                 ; 0       ;
;      - my_computer:U1|dmem:dmem|RAM~3966                                  ; 0                 ; 0       ;
;      - my_computer:U1|dmem:dmem|RAM~2814                                  ; 0                 ; 0       ;
;      - my_computer:U1|dmem:dmem|RAM~3326                                  ; 0                 ; 0       ;
;      - my_computer:U1|dmem:dmem|RAM~2302                                  ; 0                 ; 0       ;
;      - my_computer:U1|dmem:dmem|RAM~3838                                  ; 0                 ; 0       ;
;      - my_computer:U1|dmem:dmem|RAM~3198                                  ; 0                 ; 0       ;
;      - my_computer:U1|dmem:dmem|RAM~2686                                  ; 0                 ; 0       ;
;      - my_computer:U1|dmem:dmem|RAM~2174                                  ; 0                 ; 0       ;
;      - my_computer:U1|dmem:dmem|RAM~3710                                  ; 0                 ; 0       ;
;      - my_computer:U1|dmem:dmem|RAM~3070                                  ; 0                 ; 0       ;
;      - my_computer:U1|dmem:dmem|RAM~3582                                  ; 0                 ; 0       ;
;      - my_computer:U1|dmem:dmem|RAM~2558                                  ; 0                 ; 0       ;
;      - my_computer:U1|dmem:dmem|RAM~4094                                  ; 0                 ; 0       ;
;      - my_computer:U1|dmem:dmem|RAM~1374                                  ; 0                 ; 0       ;
;      - my_computer:U1|dmem:dmem|RAM~1342                                  ; 0                 ; 0       ;
;      - my_computer:U1|dmem:dmem|RAM~1310                                  ; 0                 ; 0       ;
;      - my_computer:U1|dmem:dmem|RAM~1406                                  ; 0                 ; 0       ;
;      - my_computer:U1|dmem:dmem|RAM~1214                                  ; 0                 ; 0       ;
;      - my_computer:U1|dmem:dmem|RAM~1246                                  ; 0                 ; 0       ;
;      - my_computer:U1|dmem:dmem|RAM~1182                                  ; 0                 ; 0       ;
;      - my_computer:U1|dmem:dmem|RAM~1278                                  ; 0                 ; 0       ;
;      - my_computer:U1|dmem:dmem|RAM~1118                                  ; 0                 ; 0       ;
;      - my_computer:U1|dmem:dmem|RAM~1086                                  ; 0                 ; 0       ;
;      - my_computer:U1|dmem:dmem|RAM~1054                                  ; 0                 ; 0       ;
;      - my_computer:U1|dmem:dmem|RAM~1150                                  ; 0                 ; 0       ;
;      - my_computer:U1|dmem:dmem|RAM~1470                                  ; 0                 ; 0       ;
;      - my_computer:U1|dmem:dmem|RAM~1502                                  ; 0                 ; 0       ;
;      - my_computer:U1|dmem:dmem|RAM~1438                                  ; 0                 ; 0       ;
;      - my_computer:U1|dmem:dmem|RAM~1534                                  ; 0                 ; 0       ;
;      - my_computer:U1|dmem:dmem|RAM~702                                   ; 0                 ; 0       ;
;      - my_computer:U1|dmem:dmem|RAM~830                                   ; 0                 ; 0       ;
;      - my_computer:U1|dmem:dmem|RAM~574                                   ; 0                 ; 0       ;
;      - my_computer:U1|dmem:dmem|RAM~958                                   ; 0                 ; 0       ;
;      - my_computer:U1|dmem:dmem|RAM~862                                   ; 0                 ; 0       ;
;      - my_computer:U1|dmem:dmem|RAM~734                                   ; 0                 ; 0       ;
;      - my_computer:U1|dmem:dmem|RAM~606                                   ; 0                 ; 0       ;
;      - my_computer:U1|dmem:dmem|RAM~990                                   ; 0                 ; 0       ;
;      - my_computer:U1|dmem:dmem|RAM~798                                   ; 0                 ; 0       ;
;      - my_computer:U1|dmem:dmem|RAM~670                                   ; 0                 ; 0       ;
;      - my_computer:U1|dmem:dmem|RAM~542                                   ; 0                 ; 0       ;
;      - my_computer:U1|dmem:dmem|RAM~926                                   ; 0                 ; 0       ;
;      - my_computer:U1|dmem:dmem|RAM~766                                   ; 0                 ; 0       ;
;      - my_computer:U1|dmem:dmem|RAM~894                                   ; 0                 ; 0       ;
;      - my_computer:U1|dmem:dmem|RAM~638                                   ; 0                 ; 0       ;
;      - my_computer:U1|dmem:dmem|RAM~1022                                  ; 0                 ; 0       ;
;      - my_computer:U1|dmem:dmem|RAM~222                                   ; 0                 ; 0       ;
;      - my_computer:U1|dmem:dmem|RAM~190                                   ; 0                 ; 0       ;
;      - my_computer:U1|dmem:dmem|RAM~158                                   ; 0                 ; 0       ;
;      - my_computer:U1|dmem:dmem|RAM~254                                   ; 0                 ; 0       ;
;      - my_computer:U1|dmem:dmem|RAM~318                                   ; 0                 ; 0       ;
;      - my_computer:U1|dmem:dmem|RAM~350                                   ; 0                 ; 0       ;
;      - my_computer:U1|dmem:dmem|RAM~286                                   ; 0                 ; 0       ;
;      - my_computer:U1|dmem:dmem|RAM~382                                   ; 0                 ; 0       ;
;      - my_computer:U1|dmem:dmem|RAM~62                                    ; 0                 ; 0       ;
;      - my_computer:U1|dmem:dmem|RAM~94                                    ; 0                 ; 0       ;
;      - my_computer:U1|dmem:dmem|RAM~30                                    ; 0                 ; 0       ;
;      - my_computer:U1|dmem:dmem|RAM~126                                   ; 0                 ; 0       ;
;      - my_computer:U1|dmem:dmem|RAM~478                                   ; 0                 ; 0       ;
;      - my_computer:U1|dmem:dmem|RAM~446                                   ; 0                 ; 0       ;
;      - my_computer:U1|dmem:dmem|RAM~414                                   ; 0                 ; 0       ;
;      - my_computer:U1|dmem:dmem|RAM~510                                   ; 0                 ; 0       ;
;      - my_computer:U1|dmem:dmem|RAM~1758                                  ; 0                 ; 0       ;
;      - my_computer:U1|dmem:dmem|RAM~1886                                  ; 0                 ; 0       ;
;      - my_computer:U1|dmem:dmem|RAM~1630                                  ; 0                 ; 0       ;
;      - my_computer:U1|dmem:dmem|RAM~2014                                  ; 0                 ; 0       ;
;      - my_computer:U1|dmem:dmem|RAM~1854                                  ; 0                 ; 0       ;
;      - my_computer:U1|dmem:dmem|RAM~1726                                  ; 0                 ; 0       ;
;      - my_computer:U1|dmem:dmem|RAM~1598                                  ; 0                 ; 0       ;
;      - my_computer:U1|dmem:dmem|RAM~1982                                  ; 0                 ; 0       ;
;      - my_computer:U1|dmem:dmem|RAM~1694                                  ; 0                 ; 0       ;
;      - my_computer:U1|dmem:dmem|RAM~1822                                  ; 0                 ; 0       ;
;      - my_computer:U1|dmem:dmem|RAM~1566                                  ; 0                 ; 0       ;
;      - my_computer:U1|dmem:dmem|RAM~1950                                  ; 0                 ; 0       ;
;      - my_computer:U1|dmem:dmem|RAM~1918                                  ; 0                 ; 0       ;
;      - my_computer:U1|dmem:dmem|RAM~1790                                  ; 0                 ; 0       ;
;      - my_computer:U1|dmem:dmem|RAM~1662                                  ; 0                 ; 0       ;
;      - my_computer:U1|dmem:dmem|RAM~2046                                  ; 0                 ; 0       ;
;      - my_computer:U1|dmem:dmem|RAM~733                                   ; 0                 ; 0       ;
;      - my_computer:U1|dmem:dmem|RAM~1245                                  ; 0                 ; 0       ;
;      - my_computer:U1|dmem:dmem|RAM~221                                   ; 0                 ; 0       ;
;      - my_computer:U1|dmem:dmem|RAM~1757                                  ; 0                 ; 0       ;
;      - my_computer:U1|dmem:dmem|RAM~1373                                  ; 0                 ; 0       ;
;      - my_computer:U1|dmem:dmem|RAM~861                                   ; 0                 ; 0       ;
;      - my_computer:U1|dmem:dmem|RAM~349                                   ; 0                 ; 0       ;
;      - my_computer:U1|dmem:dmem|RAM~1885                                  ; 0                 ; 0       ;
;      - my_computer:U1|dmem:dmem|RAM~1117                                  ; 0                 ; 0       ;
;      - my_computer:U1|dmem:dmem|RAM~605                                   ; 0                 ; 0       ;
;      - my_computer:U1|dmem:dmem|RAM~93                                    ; 0                 ; 0       ;
;      - my_computer:U1|dmem:dmem|RAM~1629                                  ; 0                 ; 0       ;
;      - my_computer:U1|dmem:dmem|RAM~989                                   ; 0                 ; 0       ;
;      - my_computer:U1|dmem:dmem|RAM~1501                                  ; 0                 ; 0       ;
;      - my_computer:U1|dmem:dmem|RAM~477                                   ; 0                 ; 0       ;
;      - my_computer:U1|dmem:dmem|RAM~2013                                  ; 0                 ; 0       ;
;      - my_computer:U1|dmem:dmem|RAM~1341                                  ; 0                 ; 0       ;
;      - my_computer:U1|dmem:dmem|RAM~829                                   ; 0                 ; 0       ;
;      - my_computer:U1|dmem:dmem|RAM~317                                   ; 0                 ; 0       ;
;      - my_computer:U1|dmem:dmem|RAM~1853                                  ; 0                 ; 0       ;
;      - my_computer:U1|dmem:dmem|RAM~701                                   ; 0                 ; 0       ;
;      - my_computer:U1|dmem:dmem|RAM~1213                                  ; 0                 ; 0       ;
;      - my_computer:U1|dmem:dmem|RAM~189                                   ; 0                 ; 0       ;
;      - my_computer:U1|dmem:dmem|RAM~1725                                  ; 0                 ; 0       ;
;      - my_computer:U1|dmem:dmem|RAM~1085                                  ; 0                 ; 0       ;
;      - my_computer:U1|dmem:dmem|RAM~573                                   ; 0                 ; 0       ;
;      - my_computer:U1|dmem:dmem|RAM~61                                    ; 0                 ; 0       ;
;      - my_computer:U1|dmem:dmem|RAM~1597                                  ; 0                 ; 0       ;
;      - my_computer:U1|dmem:dmem|RAM~957                                   ; 0                 ; 0       ;
;      - my_computer:U1|dmem:dmem|RAM~1469                                  ; 0                 ; 0       ;
;      - my_computer:U1|dmem:dmem|RAM~445                                   ; 0                 ; 0       ;
;      - my_computer:U1|dmem:dmem|RAM~1981                                  ; 0                 ; 0       ;
;      - my_computer:U1|dmem:dmem|RAM~669                                   ; 0                 ; 0       ;
;      - my_computer:U1|dmem:dmem|RAM~1181                                  ; 0                 ; 0       ;
;      - my_computer:U1|dmem:dmem|RAM~157                                   ; 0                 ; 0       ;
;      - my_computer:U1|dmem:dmem|RAM~1693                                  ; 0                 ; 0       ;
;      - my_computer:U1|dmem:dmem|RAM~1309                                  ; 0                 ; 0       ;
;      - my_computer:U1|dmem:dmem|RAM~797                                   ; 0                 ; 0       ;
;      - my_computer:U1|dmem:dmem|RAM~285                                   ; 0                 ; 0       ;
;      - my_computer:U1|dmem:dmem|RAM~1821                                  ; 0                 ; 0       ;
;      - my_computer:U1|dmem:dmem|RAM~1053                                  ; 0                 ; 0       ;
;      - my_computer:U1|dmem:dmem|RAM~541                                   ; 0                 ; 0       ;
;      - my_computer:U1|dmem:dmem|RAM~29                                    ; 0                 ; 0       ;
;      - my_computer:U1|dmem:dmem|RAM~1565                                  ; 0                 ; 0       ;
;      - my_computer:U1|dmem:dmem|RAM~925                                   ; 0                 ; 0       ;
;      - my_computer:U1|dmem:dmem|RAM~1437                                  ; 0                 ; 0       ;
;      - my_computer:U1|dmem:dmem|RAM~413                                   ; 0                 ; 0       ;
;      - my_computer:U1|dmem:dmem|RAM~1949                                  ; 0                 ; 0       ;
;      - my_computer:U1|dmem:dmem|RAM~1405                                  ; 0                 ; 0       ;
;      - my_computer:U1|dmem:dmem|RAM~893                                   ; 0                 ; 0       ;
;      - my_computer:U1|dmem:dmem|RAM~381                                   ; 0                 ; 0       ;
;      - my_computer:U1|dmem:dmem|RAM~1917                                  ; 0                 ; 0       ;
;      - my_computer:U1|dmem:dmem|RAM~765                                   ; 0                 ; 0       ;
;      - my_computer:U1|dmem:dmem|RAM~1277                                  ; 0                 ; 0       ;
;      - my_computer:U1|dmem:dmem|RAM~253                                   ; 0                 ; 0       ;
;      - my_computer:U1|dmem:dmem|RAM~1789                                  ; 0                 ; 0       ;
;      - my_computer:U1|dmem:dmem|RAM~1149                                  ; 0                 ; 0       ;
;      - my_computer:U1|dmem:dmem|RAM~637                                   ; 0                 ; 0       ;
;      - my_computer:U1|dmem:dmem|RAM~125                                   ; 0                 ; 0       ;
;      - my_computer:U1|dmem:dmem|RAM~1661                                  ; 0                 ; 0       ;
;      - my_computer:U1|dmem:dmem|RAM~1021                                  ; 0                 ; 0       ;
;      - my_computer:U1|dmem:dmem|RAM~1533                                  ; 0                 ; 0       ;
;      - my_computer:U1|dmem:dmem|RAM~509                                   ; 0                 ; 0       ;
;      - my_computer:U1|dmem:dmem|RAM~2045                                  ; 0                 ; 0       ;
;      - my_computer:U1|dmem:dmem|RAM~2877                                  ; 0                 ; 0       ;
;      - my_computer:U1|dmem:dmem|RAM~3389                                  ; 0                 ; 0       ;
;      - my_computer:U1|dmem:dmem|RAM~2365                                  ; 0                 ; 0       ;
;      - my_computer:U1|dmem:dmem|RAM~3901                                  ; 0                 ; 0       ;
;      - my_computer:U1|dmem:dmem|RAM~3421                                  ; 0                 ; 0       ;
;      - my_computer:U1|dmem:dmem|RAM~2909                                  ; 0                 ; 0       ;
;      - my_computer:U1|dmem:dmem|RAM~2397                                  ; 0                 ; 0       ;
;      - my_computer:U1|dmem:dmem|RAM~3933                                  ; 0                 ; 0       ;
;      - my_computer:U1|dmem:dmem|RAM~3357                                  ; 0                 ; 0       ;
;      - my_computer:U1|dmem:dmem|RAM~2845                                  ; 0                 ; 0       ;
;      - my_computer:U1|dmem:dmem|RAM~2333                                  ; 0                 ; 0       ;
;      - my_computer:U1|dmem:dmem|RAM~3869                                  ; 0                 ; 0       ;
;      - my_computer:U1|dmem:dmem|RAM~2941                                  ; 0                 ; 0       ;
;      - my_computer:U1|dmem:dmem|RAM~3453                                  ; 0                 ; 0       ;
;      - my_computer:U1|dmem:dmem|RAM~2429                                  ; 0                 ; 0       ;
;      - my_computer:U1|dmem:dmem|RAM~3965                                  ; 0                 ; 0       ;
;      - my_computer:U1|dmem:dmem|RAM~3293                                  ; 0                 ; 0       ;
;      - my_computer:U1|dmem:dmem|RAM~2781                                  ; 0                 ; 0       ;
;      - my_computer:U1|dmem:dmem|RAM~2269                                  ; 0                 ; 0       ;
;      - my_computer:U1|dmem:dmem|RAM~3805                                  ; 0                 ; 0       ;
;      - my_computer:U1|dmem:dmem|RAM~2749                                  ; 0                 ; 0       ;
;      - my_computer:U1|dmem:dmem|RAM~3261                                  ; 0                 ; 0       ;
;      - my_computer:U1|dmem:dmem|RAM~2237                                  ; 0                 ; 0       ;
;      - my_computer:U1|dmem:dmem|RAM~3773                                  ; 0                 ; 0       ;
;      - my_computer:U1|dmem:dmem|RAM~3229                                  ; 0                 ; 0       ;
;      - my_computer:U1|dmem:dmem|RAM~2717                                  ; 0                 ; 0       ;
;      - my_computer:U1|dmem:dmem|RAM~2205                                  ; 0                 ; 0       ;
;      - my_computer:U1|dmem:dmem|RAM~3741                                  ; 0                 ; 0       ;
;      - my_computer:U1|dmem:dmem|RAM~2813                                  ; 0                 ; 0       ;
;      - my_computer:U1|dmem:dmem|RAM~3325                                  ; 0                 ; 0       ;
;      - my_computer:U1|dmem:dmem|RAM~2301                                  ; 0                 ; 0       ;
;      - my_computer:U1|dmem:dmem|RAM~3837                                  ; 0                 ; 0       ;
;      - my_computer:U1|dmem:dmem|RAM~2621                                  ; 0                 ; 0       ;
;      - my_computer:U1|dmem:dmem|RAM~3133                                  ; 0                 ; 0       ;
;      - my_computer:U1|dmem:dmem|RAM~2109                                  ; 0                 ; 0       ;
;      - my_computer:U1|dmem:dmem|RAM~3645                                  ; 0                 ; 0       ;
;      - my_computer:U1|dmem:dmem|RAM~3165                                  ; 0                 ; 0       ;
;      - my_computer:U1|dmem:dmem|RAM~2653                                  ; 0                 ; 0       ;
;      - my_computer:U1|dmem:dmem|RAM~2141                                  ; 0                 ; 0       ;
;      - my_computer:U1|dmem:dmem|RAM~3677                                  ; 0                 ; 0       ;
;      - my_computer:U1|dmem:dmem|RAM~3101                                  ; 0                 ; 0       ;
;      - my_computer:U1|dmem:dmem|RAM~2589                                  ; 0                 ; 0       ;
;      - my_computer:U1|dmem:dmem|RAM~2077                                  ; 0                 ; 0       ;
;      - my_computer:U1|dmem:dmem|RAM~3613                                  ; 0                 ; 0       ;
;      - my_computer:U1|dmem:dmem|RAM~2685                                  ; 0                 ; 0       ;
;      - my_computer:U1|dmem:dmem|RAM~3197                                  ; 0                 ; 0       ;
;      - my_computer:U1|dmem:dmem|RAM~2173                                  ; 0                 ; 0       ;
;      - my_computer:U1|dmem:dmem|RAM~3709                                  ; 0                 ; 0       ;
;      - my_computer:U1|dmem:dmem|RAM~3549                                  ; 0                 ; 0       ;
;      - my_computer:U1|dmem:dmem|RAM~3037                                  ; 0                 ; 0       ;
;      - my_computer:U1|dmem:dmem|RAM~2525                                  ; 0                 ; 0       ;
;      - my_computer:U1|dmem:dmem|RAM~4061                                  ; 0                 ; 0       ;
;      - my_computer:U1|dmem:dmem|RAM~3005                                  ; 0                 ; 0       ;
;      - my_computer:U1|dmem:dmem|RAM~3517                                  ; 0                 ; 0       ;
;      - my_computer:U1|dmem:dmem|RAM~2493                                  ; 0                 ; 0       ;
;      - my_computer:U1|dmem:dmem|RAM~4029                                  ; 0                 ; 0       ;
;      - my_computer:U1|dmem:dmem|RAM~3485                                  ; 0                 ; 0       ;
;      - my_computer:U1|dmem:dmem|RAM~2973                                  ; 0                 ; 0       ;
;      - my_computer:U1|dmem:dmem|RAM~2461                                  ; 0                 ; 0       ;
;      - my_computer:U1|dmem:dmem|RAM~3997                                  ; 0                 ; 0       ;
;      - my_computer:U1|dmem:dmem|RAM~3069                                  ; 0                 ; 0       ;
;      - my_computer:U1|dmem:dmem|RAM~3581                                  ; 0                 ; 0       ;
;      - my_computer:U1|dmem:dmem|RAM~2557                                  ; 0                 ; 0       ;
;      - my_computer:U1|dmem:dmem|RAM~4093                                  ; 0                 ; 0       ;
;      - my_computer:U1|dmem:dmem|RAM~1244                                  ; 0                 ; 0       ;
;      - my_computer:U1|dmem:dmem|RAM~732                                   ; 0                 ; 0       ;
;      - my_computer:U1|dmem:dmem|RAM~220                                   ; 0                 ; 0       ;
;      - my_computer:U1|dmem:dmem|RAM~1756                                  ; 0                 ; 0       ;
;      - my_computer:U1|dmem:dmem|RAM~700                                   ; 0                 ; 0       ;
;      - my_computer:U1|dmem:dmem|RAM~1212                                  ; 0                 ; 0       ;
;      - my_computer:U1|dmem:dmem|RAM~188                                   ; 0                 ; 0       ;
;      - my_computer:U1|dmem:dmem|RAM~1724                                  ; 0                 ; 0       ;
;      - my_computer:U1|dmem:dmem|RAM~1180                                  ; 0                 ; 0       ;
;      - my_computer:U1|dmem:dmem|RAM~668                                   ; 0                 ; 0       ;
;      - my_computer:U1|dmem:dmem|RAM~156                                   ; 0                 ; 0       ;
;      - my_computer:U1|dmem:dmem|RAM~1692                                  ; 0                 ; 0       ;
;      - my_computer:U1|dmem:dmem|RAM~764                                   ; 0                 ; 0       ;
;      - my_computer:U1|dmem:dmem|RAM~1276                                  ; 0                 ; 0       ;
;      - my_computer:U1|dmem:dmem|RAM~252                                   ; 0                 ; 0       ;
;      - my_computer:U1|dmem:dmem|RAM~1788                                  ; 0                 ; 0       ;
;      - my_computer:U1|dmem:dmem|RAM~828                                   ; 0                 ; 0       ;
;      - my_computer:U1|dmem:dmem|RAM~1340                                  ; 0                 ; 0       ;
;      - my_computer:U1|dmem:dmem|RAM~316                                   ; 0                 ; 0       ;
;      - my_computer:U1|dmem:dmem|RAM~1852                                  ; 0                 ; 0       ;
;      - my_computer:U1|dmem:dmem|RAM~1372                                  ; 0                 ; 0       ;
;      - my_computer:U1|dmem:dmem|RAM~860                                   ; 0                 ; 0       ;
;      - my_computer:U1|dmem:dmem|RAM~348                                   ; 0                 ; 0       ;
;      - my_computer:U1|dmem:dmem|RAM~1884                                  ; 0                 ; 0       ;
;      - my_computer:U1|dmem:dmem|RAM~1308                                  ; 0                 ; 0       ;
;      - my_computer:U1|dmem:dmem|RAM~796                                   ; 0                 ; 0       ;
;      - my_computer:U1|dmem:dmem|RAM~284                                   ; 0                 ; 0       ;
;      - my_computer:U1|dmem:dmem|RAM~1820                                  ; 0                 ; 0       ;
;      - my_computer:U1|dmem:dmem|RAM~892                                   ; 0                 ; 0       ;
;      - my_computer:U1|dmem:dmem|RAM~1404                                  ; 0                 ; 0       ;
;      - my_computer:U1|dmem:dmem|RAM~380                                   ; 0                 ; 0       ;
;      - my_computer:U1|dmem:dmem|RAM~1916                                  ; 0                 ; 0       ;
;      - my_computer:U1|dmem:dmem|RAM~572                                   ; 0                 ; 0       ;
;      - my_computer:U1|dmem:dmem|RAM~1084                                  ; 0                 ; 0       ;
;      - my_computer:U1|dmem:dmem|RAM~60                                    ; 0                 ; 0       ;
;      - my_computer:U1|dmem:dmem|RAM~1596                                  ; 0                 ; 0       ;
;      - my_computer:U1|dmem:dmem|RAM~1116                                  ; 0                 ; 0       ;
;      - my_computer:U1|dmem:dmem|RAM~604                                   ; 0                 ; 0       ;
;      - my_computer:U1|dmem:dmem|RAM~92                                    ; 0                 ; 0       ;
;      - my_computer:U1|dmem:dmem|RAM~1628                                  ; 0                 ; 0       ;
;      - my_computer:U1|dmem:dmem|RAM~1052                                  ; 0                 ; 0       ;
;      - my_computer:U1|dmem:dmem|RAM~540                                   ; 0                 ; 0       ;
;      - my_computer:U1|dmem:dmem|RAM~28                                    ; 0                 ; 0       ;
;      - my_computer:U1|dmem:dmem|RAM~1564                                  ; 0                 ; 0       ;
;      - my_computer:U1|dmem:dmem|RAM~636                                   ; 0                 ; 0       ;
;      - my_computer:U1|dmem:dmem|RAM~1148                                  ; 0                 ; 0       ;
;      - my_computer:U1|dmem:dmem|RAM~124                                   ; 0                 ; 0       ;
;      - my_computer:U1|dmem:dmem|RAM~1660                                  ; 0                 ; 0       ;
;      - my_computer:U1|dmem:dmem|RAM~1500                                  ; 0                 ; 0       ;
;      - my_computer:U1|dmem:dmem|RAM~988                                   ; 0                 ; 0       ;
;      - my_computer:U1|dmem:dmem|RAM~476                                   ; 0                 ; 0       ;
;      - my_computer:U1|dmem:dmem|RAM~2012                                  ; 0                 ; 0       ;
;      - my_computer:U1|dmem:dmem|RAM~956                                   ; 0                 ; 0       ;
;      - my_computer:U1|dmem:dmem|RAM~1468                                  ; 0                 ; 0       ;
;      - my_computer:U1|dmem:dmem|RAM~444                                   ; 0                 ; 0       ;
;      - my_computer:U1|dmem:dmem|RAM~1980                                  ; 0                 ; 0       ;
;      - my_computer:U1|dmem:dmem|RAM~1436                                  ; 0                 ; 0       ;
;      - my_computer:U1|dmem:dmem|RAM~924                                   ; 0                 ; 0       ;
;      - my_computer:U1|dmem:dmem|RAM~412                                   ; 0                 ; 0       ;
;      - my_computer:U1|dmem:dmem|RAM~1948                                  ; 0                 ; 0       ;
;      - my_computer:U1|dmem:dmem|RAM~1020                                  ; 0                 ; 0       ;
;      - my_computer:U1|dmem:dmem|RAM~1532                                  ; 0                 ; 0       ;
;      - my_computer:U1|dmem:dmem|RAM~508                                   ; 0                 ; 0       ;
;      - my_computer:U1|dmem:dmem|RAM~2044                                  ; 0                 ; 0       ;
;      - my_computer:U1|dmem:dmem|RAM~2748                                  ; 0                 ; 0       ;
;      - my_computer:U1|dmem:dmem|RAM~2876                                  ; 0                 ; 0       ;
;      - my_computer:U1|dmem:dmem|RAM~2620                                  ; 0                 ; 0       ;
;      - my_computer:U1|dmem:dmem|RAM~3004                                  ; 0                 ; 0       ;
;      - my_computer:U1|dmem:dmem|RAM~2908                                  ; 0                 ; 0       ;
;      - my_computer:U1|dmem:dmem|RAM~2780                                  ; 0                 ; 0       ;
;      - my_computer:U1|dmem:dmem|RAM~2652                                  ; 0                 ; 0       ;
;      - my_computer:U1|dmem:dmem|RAM~3036                                  ; 0                 ; 0       ;
;      - my_computer:U1|dmem:dmem|RAM~2844                                  ; 0                 ; 0       ;
;      - my_computer:U1|dmem:dmem|RAM~2716                                  ; 0                 ; 0       ;
;      - my_computer:U1|dmem:dmem|RAM~2588                                  ; 0                 ; 0       ;
;      - my_computer:U1|dmem:dmem|RAM~2972                                  ; 0                 ; 0       ;
;      - my_computer:U1|dmem:dmem|RAM~2812                                  ; 0                 ; 0       ;
;      - my_computer:U1|dmem:dmem|RAM~2940                                  ; 0                 ; 0       ;
;      - my_computer:U1|dmem:dmem|RAM~2684                                  ; 0                 ; 0       ;
;      - my_computer:U1|dmem:dmem|RAM~3068                                  ; 0                 ; 0       ;
;      - my_computer:U1|dmem:dmem|RAM~3420                                  ; 0                 ; 0       ;
;      - my_computer:U1|dmem:dmem|RAM~3388                                  ; 0                 ; 0       ;
;      - my_computer:U1|dmem:dmem|RAM~3356                                  ; 0                 ; 0       ;
;      - my_computer:U1|dmem:dmem|RAM~3452                                  ; 0                 ; 0       ;
;      - my_computer:U1|dmem:dmem|RAM~3260                                  ; 0                 ; 0       ;
;      - my_computer:U1|dmem:dmem|RAM~3292                                  ; 0                 ; 0       ;
;      - my_computer:U1|dmem:dmem|RAM~3228                                  ; 0                 ; 0       ;
;      - my_computer:U1|dmem:dmem|RAM~3324                                  ; 0                 ; 0       ;
;      - my_computer:U1|dmem:dmem|RAM~3164                                  ; 0                 ; 0       ;
;      - my_computer:U1|dmem:dmem|RAM~3132                                  ; 0                 ; 0       ;
;      - my_computer:U1|dmem:dmem|RAM~3100                                  ; 0                 ; 0       ;
;      - my_computer:U1|dmem:dmem|RAM~3196                                  ; 0                 ; 0       ;
;      - my_computer:U1|dmem:dmem|RAM~3516                                  ; 0                 ; 0       ;
;      - my_computer:U1|dmem:dmem|RAM~3548                                  ; 0                 ; 0       ;
;      - my_computer:U1|dmem:dmem|RAM~3484                                  ; 0                 ; 0       ;
;      - my_computer:U1|dmem:dmem|RAM~3580                                  ; 0                 ; 0       ;
;      - my_computer:U1|dmem:dmem|RAM~2268                                  ; 0                 ; 0       ;
;      - my_computer:U1|dmem:dmem|RAM~2236                                  ; 0                 ; 0       ;
;      - my_computer:U1|dmem:dmem|RAM~2204                                  ; 0                 ; 0       ;
;      - my_computer:U1|dmem:dmem|RAM~2300                                  ; 0                 ; 0       ;
;      - my_computer:U1|dmem:dmem|RAM~2364                                  ; 0                 ; 0       ;
;      - my_computer:U1|dmem:dmem|RAM~2396                                  ; 0                 ; 0       ;
;      - my_computer:U1|dmem:dmem|RAM~2332                                  ; 0                 ; 0       ;
;      - my_computer:U1|dmem:dmem|RAM~2428                                  ; 0                 ; 0       ;
;      - my_computer:U1|dmem:dmem|RAM~2108                                  ; 0                 ; 0       ;
;      - my_computer:U1|dmem:dmem|RAM~2140                                  ; 0                 ; 0       ;
;      - my_computer:U1|dmem:dmem|RAM~2076                                  ; 0                 ; 0       ;
;      - my_computer:U1|dmem:dmem|RAM~2172                                  ; 0                 ; 0       ;
;      - my_computer:U1|dmem:dmem|RAM~2524                                  ; 0                 ; 0       ;
;      - my_computer:U1|dmem:dmem|RAM~2492                                  ; 0                 ; 0       ;
;      - my_computer:U1|dmem:dmem|RAM~2460                                  ; 0                 ; 0       ;
;      - my_computer:U1|dmem:dmem|RAM~2556                                  ; 0                 ; 0       ;
;      - my_computer:U1|dmem:dmem|RAM~3804                                  ; 0                 ; 0       ;
;      - my_computer:U1|dmem:dmem|RAM~3932                                  ; 0                 ; 0       ;
;      - my_computer:U1|dmem:dmem|RAM~3676                                  ; 0                 ; 0       ;
;      - my_computer:U1|dmem:dmem|RAM~4060                                  ; 0                 ; 0       ;
;      - my_computer:U1|dmem:dmem|RAM~3900                                  ; 0                 ; 0       ;
;      - my_computer:U1|dmem:dmem|RAM~3772                                  ; 0                 ; 0       ;
;      - my_computer:U1|dmem:dmem|RAM~3644                                  ; 0                 ; 0       ;
;      - my_computer:U1|dmem:dmem|RAM~4028                                  ; 0                 ; 0       ;
;      - my_computer:U1|dmem:dmem|RAM~3740                                  ; 0                 ; 0       ;
;      - my_computer:U1|dmem:dmem|RAM~3868                                  ; 0                 ; 0       ;
;      - my_computer:U1|dmem:dmem|RAM~3612                                  ; 0                 ; 0       ;
;      - my_computer:U1|dmem:dmem|RAM~3996                                  ; 0                 ; 0       ;
;      - my_computer:U1|dmem:dmem|RAM~3964                                  ; 0                 ; 0       ;
;      - my_computer:U1|dmem:dmem|RAM~3836                                  ; 0                 ; 0       ;
;      - my_computer:U1|dmem:dmem|RAM~3708                                  ; 0                 ; 0       ;
;      - my_computer:U1|dmem:dmem|RAM~4092                                  ; 0                 ; 0       ;
; KEY[0]                                                                    ;                   ;         ;
;      - my_computer:U1|riscvsingle:rvsingle|datapath:dp|flopr:pcreg|q[0]   ; 0                 ; 6       ;
;      - my_computer:U1|riscvsingle:rvsingle|datapath:dp|flopr:pcreg|q[1]   ; 0                 ; 6       ;
;      - my_computer:U1|riscvsingle:rvsingle|datapath:dp|flopr:pcreg|q[2]   ; 0                 ; 6       ;
;      - my_computer:U1|riscvsingle:rvsingle|datapath:dp|flopr:pcreg|q[3]   ; 0                 ; 6       ;
;      - my_computer:U1|riscvsingle:rvsingle|datapath:dp|flopr:pcreg|q[4]   ; 0                 ; 6       ;
;      - my_computer:U1|riscvsingle:rvsingle|datapath:dp|flopr:pcreg|q[5]   ; 0                 ; 6       ;
;      - my_computer:U1|riscvsingle:rvsingle|datapath:dp|flopr:pcreg|q[6]   ; 0                 ; 6       ;
;      - my_computer:U1|riscvsingle:rvsingle|datapath:dp|flopr:pcreg|q[7]   ; 0                 ; 6       ;
;      - my_computer:U1|riscvsingle:rvsingle|datapath:dp|flopr:pcreg|q[8]   ; 0                 ; 6       ;
;      - my_computer:U1|riscvsingle:rvsingle|datapath:dp|flopr:pcreg|q[9]   ; 0                 ; 6       ;
;      - my_computer:U1|riscvsingle:rvsingle|datapath:dp|flopr:pcreg|q[26]  ; 0                 ; 6       ;
;      - my_computer:U1|riscvsingle:rvsingle|datapath:dp|flopr:pcreg|q[25]  ; 0                 ; 6       ;
;      - my_computer:U1|riscvsingle:rvsingle|datapath:dp|flopr:pcreg|q[24]  ; 0                 ; 6       ;
;      - my_computer:U1|riscvsingle:rvsingle|datapath:dp|flopr:pcreg|q[23]  ; 0                 ; 6       ;
;      - my_computer:U1|riscvsingle:rvsingle|datapath:dp|flopr:pcreg|q[22]  ; 0                 ; 6       ;
;      - my_computer:U1|riscvsingle:rvsingle|datapath:dp|flopr:pcreg|q[21]  ; 0                 ; 6       ;
;      - my_computer:U1|riscvsingle:rvsingle|datapath:dp|flopr:pcreg|q[20]  ; 0                 ; 6       ;
;      - my_computer:U1|riscvsingle:rvsingle|datapath:dp|flopr:pcreg|q[19]  ; 0                 ; 6       ;
;      - my_computer:U1|riscvsingle:rvsingle|datapath:dp|flopr:pcreg|q[18]  ; 0                 ; 6       ;
;      - my_computer:U1|riscvsingle:rvsingle|datapath:dp|flopr:pcreg|q[17]  ; 0                 ; 6       ;
;      - my_computer:U1|riscvsingle:rvsingle|datapath:dp|flopr:pcreg|q[16]  ; 0                 ; 6       ;
;      - my_computer:U1|riscvsingle:rvsingle|datapath:dp|flopr:pcreg|q[15]  ; 0                 ; 6       ;
;      - my_computer:U1|riscvsingle:rvsingle|datapath:dp|flopr:pcreg|q[14]  ; 0                 ; 6       ;
;      - my_computer:U1|riscvsingle:rvsingle|datapath:dp|flopr:pcreg|q[13]  ; 0                 ; 6       ;
;      - my_computer:U1|riscvsingle:rvsingle|datapath:dp|flopr:pcreg|q[12]  ; 0                 ; 6       ;
;      - my_computer:U1|riscvsingle:rvsingle|datapath:dp|flopr:pcreg|q[11]  ; 0                 ; 6       ;
;      - my_computer:U1|riscvsingle:rvsingle|datapath:dp|flopr:pcreg|q[10]  ; 0                 ; 6       ;
;      - my_computer:U1|riscvsingle:rvsingle|datapath:dp|flopr:pcreg|q[27]  ; 0                 ; 6       ;
;      - my_computer:U1|riscvsingle:rvsingle|datapath:dp|flopr:pcreg|q[31]  ; 0                 ; 6       ;
;      - my_computer:U1|riscvsingle:rvsingle|datapath:dp|flopr:pcreg|q[30]  ; 0                 ; 6       ;
;      - my_computer:U1|riscvsingle:rvsingle|datapath:dp|flopr:pcreg|q[29]  ; 0                 ; 6       ;
;      - my_computer:U1|riscvsingle:rvsingle|datapath:dp|flopr:pcreg|q[28]  ; 0                 ; 6       ;
+---------------------------------------------------------------------------+-------------------+---------+


+-------------------------------------------------------------------------------------------------------------------------------------------------------------------------------------------------+
; Control Signals                                                                                                                                                                                 ;
+--------------------------------------------------------------------+--------------------+---------+--------------+--------+----------------------+------------------+---------------------------+
; Name                                                               ; Location           ; Fan-Out ; Usage        ; Global ; Global Resource Used ; Global Line Name ; Enable Signal Source Name ;
+--------------------------------------------------------------------+--------------------+---------+--------------+--------+----------------------+------------------+---------------------------+
; KEY[0]                                                             ; PIN_B8             ; 32      ; Async. clear ; no     ; --                   ; --               ; --                        ;
; KEY[1]                                                             ; PIN_A7             ; 5152    ; Clock        ; no     ; --                   ; --               ; --                        ;
; my_computer:U1|dmem:dmem|RAM~4518                                  ; LCCOMB_X39_Y24_N10 ; 32      ; Clock enable ; no     ; --                   ; --               ; --                        ;
; my_computer:U1|dmem:dmem|RAM~4520                                  ; LCCOMB_X46_Y20_N8  ; 32      ; Clock enable ; no     ; --                   ; --               ; --                        ;
; my_computer:U1|dmem:dmem|RAM~4522                                  ; LCCOMB_X38_Y27_N4  ; 32      ; Clock enable ; no     ; --                   ; --               ; --                        ;
; my_computer:U1|dmem:dmem|RAM~4524                                  ; LCCOMB_X42_Y21_N0  ; 32      ; Clock enable ; no     ; --                   ; --               ; --                        ;
; my_computer:U1|dmem:dmem|RAM~4526                                  ; LCCOMB_X38_Y23_N10 ; 32      ; Clock enable ; no     ; --                   ; --               ; --                        ;
; my_computer:U1|dmem:dmem|RAM~4528                                  ; LCCOMB_X38_Y27_N22 ; 32      ; Clock enable ; no     ; --                   ; --               ; --                        ;
; my_computer:U1|dmem:dmem|RAM~4530                                  ; LCCOMB_X42_Y21_N4  ; 32      ; Clock enable ; no     ; --                   ; --               ; --                        ;
; my_computer:U1|dmem:dmem|RAM~4532                                  ; LCCOMB_X39_Y25_N2  ; 32      ; Clock enable ; no     ; --                   ; --               ; --                        ;
; my_computer:U1|dmem:dmem|RAM~4534                                  ; LCCOMB_X47_Y22_N0  ; 32      ; Clock enable ; no     ; --                   ; --               ; --                        ;
; my_computer:U1|dmem:dmem|RAM~4536                                  ; LCCOMB_X42_Y23_N8  ; 32      ; Clock enable ; no     ; --                   ; --               ; --                        ;
; my_computer:U1|dmem:dmem|RAM~4538                                  ; LCCOMB_X47_Y19_N2  ; 32      ; Clock enable ; no     ; --                   ; --               ; --                        ;
; my_computer:U1|dmem:dmem|RAM~4540                                  ; LCCOMB_X46_Y20_N4  ; 32      ; Clock enable ; no     ; --                   ; --               ; --                        ;
; my_computer:U1|dmem:dmem|RAM~4542                                  ; LCCOMB_X38_Y27_N16 ; 32      ; Clock enable ; no     ; --                   ; --               ; --                        ;
; my_computer:U1|dmem:dmem|RAM~4544                                  ; LCCOMB_X43_Y23_N26 ; 32      ; Clock enable ; no     ; --                   ; --               ; --                        ;
; my_computer:U1|dmem:dmem|RAM~4546                                  ; LCCOMB_X42_Y23_N10 ; 32      ; Clock enable ; no     ; --                   ; --               ; --                        ;
; my_computer:U1|dmem:dmem|RAM~4548                                  ; LCCOMB_X38_Y23_N22 ; 32      ; Clock enable ; no     ; --                   ; --               ; --                        ;
; my_computer:U1|dmem:dmem|RAM~4549                                  ; LCCOMB_X38_Y23_N8  ; 32      ; Clock enable ; no     ; --                   ; --               ; --                        ;
; my_computer:U1|dmem:dmem|RAM~4550                                  ; LCCOMB_X45_Y24_N8  ; 32      ; Clock enable ; no     ; --                   ; --               ; --                        ;
; my_computer:U1|dmem:dmem|RAM~4551                                  ; LCCOMB_X42_Y23_N28 ; 32      ; Clock enable ; no     ; --                   ; --               ; --                        ;
; my_computer:U1|dmem:dmem|RAM~4552                                  ; LCCOMB_X38_Y27_N26 ; 32      ; Clock enable ; no     ; --                   ; --               ; --                        ;
; my_computer:U1|dmem:dmem|RAM~4553                                  ; LCCOMB_X39_Y24_N22 ; 32      ; Clock enable ; no     ; --                   ; --               ; --                        ;
; my_computer:U1|dmem:dmem|RAM~4554                                  ; LCCOMB_X38_Y27_N20 ; 32      ; Clock enable ; no     ; --                   ; --               ; --                        ;
; my_computer:U1|dmem:dmem|RAM~4555                                  ; LCCOMB_X39_Y25_N4  ; 32      ; Clock enable ; no     ; --                   ; --               ; --                        ;
; my_computer:U1|dmem:dmem|RAM~4556                                  ; LCCOMB_X43_Y23_N4  ; 32      ; Clock enable ; no     ; --                   ; --               ; --                        ;
; my_computer:U1|dmem:dmem|RAM~4557                                  ; LCCOMB_X43_Y23_N6  ; 32      ; Clock enable ; no     ; --                   ; --               ; --                        ;
; my_computer:U1|dmem:dmem|RAM~4558                                  ; LCCOMB_X42_Y21_N14 ; 32      ; Clock enable ; no     ; --                   ; --               ; --                        ;
; my_computer:U1|dmem:dmem|RAM~4559                                  ; LCCOMB_X47_Y19_N28 ; 32      ; Clock enable ; no     ; --                   ; --               ; --                        ;
; my_computer:U1|dmem:dmem|RAM~4560                                  ; LCCOMB_X42_Y23_N14 ; 32      ; Clock enable ; no     ; --                   ; --               ; --                        ;
; my_computer:U1|dmem:dmem|RAM~4561                                  ; LCCOMB_X39_Y25_N14 ; 32      ; Clock enable ; no     ; --                   ; --               ; --                        ;
; my_computer:U1|dmem:dmem|RAM~4562                                  ; LCCOMB_X42_Y24_N2  ; 32      ; Clock enable ; no     ; --                   ; --               ; --                        ;
; my_computer:U1|dmem:dmem|RAM~4563                                  ; LCCOMB_X46_Y20_N6  ; 32      ; Clock enable ; no     ; --                   ; --               ; --                        ;
; my_computer:U1|dmem:dmem|RAM~4564                                  ; LCCOMB_X31_Y21_N22 ; 32      ; Clock enable ; no     ; --                   ; --               ; --                        ;
; my_computer:U1|dmem:dmem|RAM~4565                                  ; LCCOMB_X38_Y27_N14 ; 32      ; Clock enable ; no     ; --                   ; --               ; --                        ;
; my_computer:U1|dmem:dmem|RAM~4566                                  ; LCCOMB_X38_Y23_N2  ; 32      ; Clock enable ; no     ; --                   ; --               ; --                        ;
; my_computer:U1|dmem:dmem|RAM~4567                                  ; LCCOMB_X42_Y21_N16 ; 32      ; Clock enable ; no     ; --                   ; --               ; --                        ;
; my_computer:U1|dmem:dmem|RAM~4568                                  ; LCCOMB_X39_Y25_N0  ; 32      ; Clock enable ; no     ; --                   ; --               ; --                        ;
; my_computer:U1|dmem:dmem|RAM~4569                                  ; LCCOMB_X44_Y28_N20 ; 32      ; Clock enable ; no     ; --                   ; --               ; --                        ;
; my_computer:U1|dmem:dmem|RAM~4570                                  ; LCCOMB_X39_Y24_N8  ; 32      ; Clock enable ; no     ; --                   ; --               ; --                        ;
; my_computer:U1|dmem:dmem|RAM~4571                                  ; LCCOMB_X38_Y27_N0  ; 32      ; Clock enable ; no     ; --                   ; --               ; --                        ;
; my_computer:U1|dmem:dmem|RAM~4572                                  ; LCCOMB_X38_Y27_N18 ; 32      ; Clock enable ; no     ; --                   ; --               ; --                        ;
; my_computer:U1|dmem:dmem|RAM~4573                                  ; LCCOMB_X42_Y23_N16 ; 32      ; Clock enable ; no     ; --                   ; --               ; --                        ;
; my_computer:U1|dmem:dmem|RAM~4574                                  ; LCCOMB_X39_Y25_N18 ; 32      ; Clock enable ; no     ; --                   ; --               ; --                        ;
; my_computer:U1|dmem:dmem|RAM~4575                                  ; LCCOMB_X46_Y20_N24 ; 32      ; Clock enable ; no     ; --                   ; --               ; --                        ;
; my_computer:U1|dmem:dmem|RAM~4576                                  ; LCCOMB_X47_Y22_N18 ; 32      ; Clock enable ; no     ; --                   ; --               ; --                        ;
; my_computer:U1|dmem:dmem|RAM~4577                                  ; LCCOMB_X43_Y23_N16 ; 32      ; Clock enable ; no     ; --                   ; --               ; --                        ;
; my_computer:U1|dmem:dmem|RAM~4578                                  ; LCCOMB_X38_Y27_N28 ; 32      ; Clock enable ; no     ; --                   ; --               ; --                        ;
; my_computer:U1|dmem:dmem|RAM~4579                                  ; LCCOMB_X42_Y23_N2  ; 32      ; Clock enable ; no     ; --                   ; --               ; --                        ;
; my_computer:U1|dmem:dmem|RAM~4580                                  ; LCCOMB_X31_Y21_N0  ; 32      ; Clock enable ; no     ; --                   ; --               ; --                        ;
; my_computer:U1|dmem:dmem|RAM~4581                                  ; LCCOMB_X38_Y27_N30 ; 32      ; Clock enable ; no     ; --                   ; --               ; --                        ;
; my_computer:U1|dmem:dmem|RAM~4582                                  ; LCCOMB_X39_Y24_N18 ; 32      ; Clock enable ; no     ; --                   ; --               ; --                        ;
; my_computer:U1|dmem:dmem|RAM~4583                                  ; LCCOMB_X39_Y25_N20 ; 32      ; Clock enable ; no     ; --                   ; --               ; --                        ;
; my_computer:U1|dmem:dmem|RAM~4584                                  ; LCCOMB_X43_Y23_N10 ; 32      ; Clock enable ; no     ; --                   ; --               ; --                        ;
; my_computer:U1|dmem:dmem|RAM~4585                                  ; LCCOMB_X46_Y20_N18 ; 32      ; Clock enable ; no     ; --                   ; --               ; --                        ;
; my_computer:U1|dmem:dmem|RAM~4586                                  ; LCCOMB_X38_Y23_N4  ; 32      ; Clock enable ; no     ; --                   ; --               ; --                        ;
; my_computer:U1|dmem:dmem|RAM~4587                                  ; LCCOMB_X42_Y23_N4  ; 32      ; Clock enable ; no     ; --                   ; --               ; --                        ;
; my_computer:U1|dmem:dmem|RAM~4588                                  ; LCCOMB_X38_Y27_N8  ; 32      ; Clock enable ; no     ; --                   ; --               ; --                        ;
; my_computer:U1|dmem:dmem|RAM~4589                                  ; LCCOMB_X42_Y21_N10 ; 32      ; Clock enable ; no     ; --                   ; --               ; --                        ;
; my_computer:U1|dmem:dmem|RAM~4590                                  ; LCCOMB_X43_Y23_N12 ; 32      ; Clock enable ; no     ; --                   ; --               ; --                        ;
; my_computer:U1|dmem:dmem|RAM~4591                                  ; LCCOMB_X46_Y20_N28 ; 32      ; Clock enable ; no     ; --                   ; --               ; --                        ;
; my_computer:U1|dmem:dmem|RAM~4592                                  ; LCCOMB_X42_Y23_N22 ; 32      ; Clock enable ; no     ; --                   ; --               ; --                        ;
; my_computer:U1|dmem:dmem|RAM~4593                                  ; LCCOMB_X42_Y21_N12 ; 32      ; Clock enable ; no     ; --                   ; --               ; --                        ;
; my_computer:U1|dmem:dmem|RAM~4594                                  ; LCCOMB_X39_Y25_N6  ; 32      ; Clock enable ; no     ; --                   ; --               ; --                        ;
; my_computer:U1|dmem:dmem|RAM~4595                                  ; LCCOMB_X41_Y21_N16 ; 32      ; Clock enable ; no     ; --                   ; --               ; --                        ;
; my_computer:U1|dmem:dmem|RAM~4596                                  ; LCCOMB_X31_Y21_N2  ; 32      ; Clock enable ; no     ; --                   ; --               ; --                        ;
; my_computer:U1|dmem:dmem|RAM~7286                                  ; LCCOMB_X46_Y20_N22 ; 32      ; Clock enable ; no     ; --                   ; --               ; --                        ;
; my_computer:U1|dmem:dmem|RAM~7287                                  ; LCCOMB_X46_Y20_N0  ; 32      ; Clock enable ; no     ; --                   ; --               ; --                        ;
; my_computer:U1|dmem:dmem|RAM~7288                                  ; LCCOMB_X46_Y20_N2  ; 32      ; Clock enable ; no     ; --                   ; --               ; --                        ;
; my_computer:U1|dmem:dmem|RAM~7289                                  ; LCCOMB_X46_Y20_N20 ; 32      ; Clock enable ; no     ; --                   ; --               ; --                        ;
; my_computer:U1|dmem:dmem|RAM~7290                                  ; LCCOMB_X39_Y24_N24 ; 32      ; Clock enable ; no     ; --                   ; --               ; --                        ;
; my_computer:U1|dmem:dmem|RAM~7291                                  ; LCCOMB_X39_Y24_N26 ; 32      ; Clock enable ; no     ; --                   ; --               ; --                        ;
; my_computer:U1|dmem:dmem|RAM~7292                                  ; LCCOMB_X39_Y24_N20 ; 32      ; Clock enable ; no     ; --                   ; --               ; --                        ;
; my_computer:U1|dmem:dmem|RAM~7293                                  ; LCCOMB_X39_Y24_N14 ; 32      ; Clock enable ; no     ; --                   ; --               ; --                        ;
; my_computer:U1|dmem:dmem|RAM~7294                                  ; LCCOMB_X43_Y23_N20 ; 32      ; Clock enable ; no     ; --                   ; --               ; --                        ;
; my_computer:U1|dmem:dmem|RAM~7295                                  ; LCCOMB_X39_Y24_N16 ; 32      ; Clock enable ; no     ; --                   ; --               ; --                        ;
; my_computer:U1|dmem:dmem|RAM~7296                                  ; LCCOMB_X39_Y24_N2  ; 32      ; Clock enable ; no     ; --                   ; --               ; --                        ;
; my_computer:U1|dmem:dmem|RAM~7297                                  ; LCCOMB_X39_Y24_N4  ; 32      ; Clock enable ; no     ; --                   ; --               ; --                        ;
; my_computer:U1|dmem:dmem|RAM~7298                                  ; LCCOMB_X42_Y21_N2  ; 32      ; Clock enable ; no     ; --                   ; --               ; --                        ;
; my_computer:U1|dmem:dmem|RAM~7299                                  ; LCCOMB_X42_Y21_N20 ; 32      ; Clock enable ; no     ; --                   ; --               ; --                        ;
; my_computer:U1|dmem:dmem|RAM~7300                                  ; LCCOMB_X38_Y18_N22 ; 32      ; Clock enable ; no     ; --                   ; --               ; --                        ;
; my_computer:U1|dmem:dmem|RAM~7301                                  ; LCCOMB_X42_Y21_N6  ; 32      ; Clock enable ; no     ; --                   ; --               ; --                        ;
; my_computer:U1|dmem:dmem|RAM~7302                                  ; LCCOMB_X38_Y18_N16 ; 32      ; Clock enable ; no     ; --                   ; --               ; --                        ;
; my_computer:U1|dmem:dmem|RAM~7303                                  ; LCCOMB_X38_Y18_N10 ; 32      ; Clock enable ; no     ; --                   ; --               ; --                        ;
; my_computer:U1|dmem:dmem|RAM~7304                                  ; LCCOMB_X38_Y18_N20 ; 32      ; Clock enable ; no     ; --                   ; --               ; --                        ;
; my_computer:U1|dmem:dmem|RAM~7305                                  ; LCCOMB_X38_Y18_N30 ; 32      ; Clock enable ; no     ; --                   ; --               ; --                        ;
; my_computer:U1|dmem:dmem|RAM~7306                                  ; LCCOMB_X38_Y23_N0  ; 32      ; Clock enable ; no     ; --                   ; --               ; --                        ;
; my_computer:U1|dmem:dmem|RAM~7307                                  ; LCCOMB_X38_Y23_N26 ; 32      ; Clock enable ; no     ; --                   ; --               ; --                        ;
; my_computer:U1|dmem:dmem|RAM~7308                                  ; LCCOMB_X38_Y23_N28 ; 32      ; Clock enable ; no     ; --                   ; --               ; --                        ;
; my_computer:U1|dmem:dmem|RAM~7309                                  ; LCCOMB_X38_Y23_N30 ; 32      ; Clock enable ; no     ; --                   ; --               ; --                        ;
; my_computer:U1|dmem:dmem|RAM~7310                                  ; LCCOMB_X42_Y21_N24 ; 32      ; Clock enable ; no     ; --                   ; --               ; --                        ;
; my_computer:U1|dmem:dmem|RAM~7311                                  ; LCCOMB_X42_Y21_N18 ; 32      ; Clock enable ; no     ; --                   ; --               ; --                        ;
; my_computer:U1|dmem:dmem|RAM~7312                                  ; LCCOMB_X42_Y21_N28 ; 32      ; Clock enable ; no     ; --                   ; --               ; --                        ;
; my_computer:U1|dmem:dmem|RAM~7313                                  ; LCCOMB_X42_Y21_N30 ; 32      ; Clock enable ; no     ; --                   ; --               ; --                        ;
; my_computer:U1|dmem:dmem|RAM~7314                                  ; LCCOMB_X39_Y25_N12 ; 32      ; Clock enable ; no     ; --                   ; --               ; --                        ;
; my_computer:U1|dmem:dmem|RAM~7315                                  ; LCCOMB_X39_Y25_N30 ; 32      ; Clock enable ; no     ; --                   ; --               ; --                        ;
; my_computer:U1|dmem:dmem|RAM~7316                                  ; LCCOMB_X39_Y25_N16 ; 32      ; Clock enable ; no     ; --                   ; --               ; --                        ;
; my_computer:U1|dmem:dmem|RAM~7317                                  ; LCCOMB_X39_Y25_N10 ; 32      ; Clock enable ; no     ; --                   ; --               ; --                        ;
; my_computer:U1|dmem:dmem|RAM~7318                                  ; LCCOMB_X42_Y23_N12 ; 32      ; Clock enable ; no     ; --                   ; --               ; --                        ;
; my_computer:U1|dmem:dmem|RAM~7319                                  ; LCCOMB_X38_Y23_N16 ; 32      ; Clock enable ; no     ; --                   ; --               ; --                        ;
; my_computer:U1|dmem:dmem|RAM~7320                                  ; LCCOMB_X38_Y23_N18 ; 32      ; Clock enable ; no     ; --                   ; --               ; --                        ;
; my_computer:U1|dmem:dmem|RAM~7321                                  ; LCCOMB_X38_Y23_N20 ; 32      ; Clock enable ; no     ; --                   ; --               ; --                        ;
; my_computer:U1|dmem:dmem|RAM~7322                                  ; LCCOMB_X39_Y25_N28 ; 32      ; Clock enable ; no     ; --                   ; --               ; --                        ;
; my_computer:U1|dmem:dmem|RAM~7323                                  ; LCCOMB_X47_Y22_N10 ; 32      ; Clock enable ; no     ; --                   ; --               ; --                        ;
; my_computer:U1|dmem:dmem|RAM~7324                                  ; LCCOMB_X47_Y22_N28 ; 32      ; Clock enable ; no     ; --                   ; --               ; --                        ;
; my_computer:U1|dmem:dmem|RAM~7325                                  ; LCCOMB_X47_Y22_N30 ; 32      ; Clock enable ; no     ; --                   ; --               ; --                        ;
; my_computer:U1|dmem:dmem|RAM~7326                                  ; LCCOMB_X47_Y19_N26 ; 32      ; Clock enable ; no     ; --                   ; --               ; --                        ;
; my_computer:U1|dmem:dmem|RAM~7327                                  ; LCCOMB_X34_Y20_N10 ; 32      ; Clock enable ; no     ; --                   ; --               ; --                        ;
; my_computer:U1|dmem:dmem|RAM~7328                                  ; LCCOMB_X47_Y19_N4  ; 32      ; Clock enable ; no     ; --                   ; --               ; --                        ;
; my_computer:U1|dmem:dmem|RAM~7329                                  ; LCCOMB_X47_Y19_N22 ; 32      ; Clock enable ; no     ; --                   ; --               ; --                        ;
; my_computer:U1|dmem:dmem|RAM~7330                                  ; LCCOMB_X46_Y20_N14 ; 32      ; Clock enable ; no     ; --                   ; --               ; --                        ;
; my_computer:U1|dmem:dmem|RAM~7331                                  ; LCCOMB_X46_Y20_N16 ; 32      ; Clock enable ; no     ; --                   ; --               ; --                        ;
; my_computer:U1|dmem:dmem|RAM~7332                                  ; LCCOMB_X38_Y18_N8  ; 32      ; Clock enable ; no     ; --                   ; --               ; --                        ;
; my_computer:U1|dmem:dmem|RAM~7333                                  ; LCCOMB_X38_Y18_N26 ; 32      ; Clock enable ; no     ; --                   ; --               ; --                        ;
; my_computer:U1|dmem:dmem|RAM~7334                                  ; LCCOMB_X43_Y23_N14 ; 32      ; Clock enable ; no     ; --                   ; --               ; --                        ;
; my_computer:U1|dmem:dmem|RAM~7335                                  ; LCCOMB_X43_Y23_N8  ; 32      ; Clock enable ; no     ; --                   ; --               ; --                        ;
; my_computer:U1|dmem:dmem|RAM~7336                                  ; LCCOMB_X43_Y23_N2  ; 32      ; Clock enable ; no     ; --                   ; --               ; --                        ;
; my_computer:U1|dmem:dmem|RAM~7337                                  ; LCCOMB_X43_Y23_N28 ; 32      ; Clock enable ; no     ; --                   ; --               ; --                        ;
; my_computer:U1|dmem:dmem|RAM~7338                                  ; LCCOMB_X45_Y13_N16 ; 32      ; Clock enable ; no     ; --                   ; --               ; --                        ;
; my_computer:U1|dmem:dmem|RAM~7339                                  ; LCCOMB_X45_Y13_N2  ; 32      ; Clock enable ; no     ; --                   ; --               ; --                        ;
; my_computer:U1|dmem:dmem|RAM~7340                                  ; LCCOMB_X45_Y13_N28 ; 32      ; Clock enable ; no     ; --                   ; --               ; --                        ;
; my_computer:U1|dmem:dmem|RAM~7341                                  ; LCCOMB_X45_Y13_N30 ; 32      ; Clock enable ; no     ; --                   ; --               ; --                        ;
; my_computer:U1|dmem:dmem|RAM~7342                                  ; LCCOMB_X42_Y23_N30 ; 32      ; Clock enable ; no     ; --                   ; --               ; --                        ;
; my_computer:U1|dmem:dmem|RAM~7343                                  ; LCCOMB_X42_Y23_N24 ; 32      ; Clock enable ; no     ; --                   ; --               ; --                        ;
; my_computer:U1|dmem:dmem|RAM~7344                                  ; LCCOMB_X42_Y23_N26 ; 32      ; Clock enable ; no     ; --                   ; --               ; --                        ;
; my_computer:U1|dmem:dmem|RAM~7345                                  ; LCCOMB_X42_Y23_N20 ; 32      ; Clock enable ; no     ; --                   ; --               ; --                        ;
; my_computer:U1|dmem:dmem|RAM~7346                                  ; LCCOMB_X31_Y21_N14 ; 32      ; Clock enable ; no     ; --                   ; --               ; --                        ;
; my_computer:U1|dmem:dmem|RAM~7347                                  ; LCCOMB_X31_Y21_N24 ; 32      ; Clock enable ; no     ; --                   ; --               ; --                        ;
; my_computer:U1|dmem:dmem|RAM~7348                                  ; LCCOMB_X31_Y21_N18 ; 32      ; Clock enable ; no     ; --                   ; --               ; --                        ;
; my_computer:U1|dmem:dmem|RAM~7349                                  ; LCCOMB_X31_Y21_N12 ; 32      ; Clock enable ; no     ; --                   ; --               ; --                        ;
; my_computer:U1|riscvsingle:rvsingle|controller:c|PCSrc             ; LCCOMB_X23_Y20_N18 ; 32      ; Clock enable ; no     ; --                   ; --               ; --                        ;
; my_computer:U1|riscvsingle:rvsingle|datapath:dp|regfile:rf|rf~1829 ; LCCOMB_X26_Y14_N0  ; 32      ; Clock enable ; no     ; --                   ; --               ; --                        ;
; my_computer:U1|riscvsingle:rvsingle|datapath:dp|regfile:rf|rf~1831 ; LCCOMB_X26_Y14_N10 ; 32      ; Clock enable ; no     ; --                   ; --               ; --                        ;
; my_computer:U1|riscvsingle:rvsingle|datapath:dp|regfile:rf|rf~1833 ; LCCOMB_X27_Y14_N0  ; 32      ; Clock enable ; no     ; --                   ; --               ; --                        ;
; my_computer:U1|riscvsingle:rvsingle|datapath:dp|regfile:rf|rf~1835 ; LCCOMB_X27_Y14_N2  ; 32      ; Clock enable ; no     ; --                   ; --               ; --                        ;
; my_computer:U1|riscvsingle:rvsingle|datapath:dp|regfile:rf|rf~1837 ; LCCOMB_X25_Y18_N30 ; 32      ; Clock enable ; no     ; --                   ; --               ; --                        ;
; my_computer:U1|riscvsingle:rvsingle|datapath:dp|regfile:rf|rf~1839 ; LCCOMB_X26_Y14_N20 ; 32      ; Clock enable ; no     ; --                   ; --               ; --                        ;
; my_computer:U1|riscvsingle:rvsingle|datapath:dp|regfile:rf|rf~1841 ; LCCOMB_X27_Y14_N4  ; 32      ; Clock enable ; no     ; --                   ; --               ; --                        ;
; my_computer:U1|riscvsingle:rvsingle|datapath:dp|regfile:rf|rf~1843 ; LCCOMB_X26_Y14_N14 ; 32      ; Clock enable ; no     ; --                   ; --               ; --                        ;
; my_computer:U1|riscvsingle:rvsingle|datapath:dp|regfile:rf|rf~1844 ; LCCOMB_X27_Y14_N6  ; 32      ; Clock enable ; no     ; --                   ; --               ; --                        ;
; my_computer:U1|riscvsingle:rvsingle|datapath:dp|regfile:rf|rf~1846 ; LCCOMB_X26_Y14_N24 ; 32      ; Clock enable ; no     ; --                   ; --               ; --                        ;
; my_computer:U1|riscvsingle:rvsingle|datapath:dp|regfile:rf|rf~1847 ; LCCOMB_X26_Y14_N26 ; 32      ; Clock enable ; no     ; --                   ; --               ; --                        ;
; my_computer:U1|riscvsingle:rvsingle|datapath:dp|regfile:rf|rf~1849 ; LCCOMB_X26_Y14_N12 ; 32      ; Clock enable ; no     ; --                   ; --               ; --                        ;
; my_computer:U1|riscvsingle:rvsingle|datapath:dp|regfile:rf|rf~1851 ; LCCOMB_X26_Y14_N30 ; 32      ; Clock enable ; no     ; --                   ; --               ; --                        ;
; my_computer:U1|riscvsingle:rvsingle|datapath:dp|regfile:rf|rf~1852 ; LCCOMB_X26_Y14_N8  ; 32      ; Clock enable ; no     ; --                   ; --               ; --                        ;
; my_computer:U1|riscvsingle:rvsingle|datapath:dp|regfile:rf|rf~1853 ; LCCOMB_X26_Y14_N18 ; 32      ; Clock enable ; no     ; --                   ; --               ; --                        ;
; my_computer:U1|riscvsingle:rvsingle|datapath:dp|regfile:rf|rf~1855 ; LCCOMB_X27_Y14_N24 ; 32      ; Clock enable ; no     ; --                   ; --               ; --                        ;
; my_computer:U1|riscvsingle:rvsingle|datapath:dp|regfile:rf|rf~1856 ; LCCOMB_X27_Y14_N26 ; 32      ; Clock enable ; no     ; --                   ; --               ; --                        ;
; my_computer:U1|riscvsingle:rvsingle|datapath:dp|regfile:rf|rf~1858 ; LCCOMB_X26_Y14_N4  ; 32      ; Clock enable ; no     ; --                   ; --               ; --                        ;
; my_computer:U1|riscvsingle:rvsingle|datapath:dp|regfile:rf|rf~1859 ; LCCOMB_X27_Y14_N28 ; 32      ; Clock enable ; no     ; --                   ; --               ; --                        ;
; my_computer:U1|riscvsingle:rvsingle|datapath:dp|regfile:rf|rf~1861 ; LCCOMB_X27_Y14_N30 ; 32      ; Clock enable ; no     ; --                   ; --               ; --                        ;
; my_computer:U1|riscvsingle:rvsingle|datapath:dp|regfile:rf|rf~1863 ; LCCOMB_X24_Y14_N18 ; 32      ; Clock enable ; no     ; --                   ; --               ; --                        ;
; my_computer:U1|riscvsingle:rvsingle|datapath:dp|regfile:rf|rf~1864 ; LCCOMB_X26_Y14_N6  ; 32      ; Clock enable ; no     ; --                   ; --               ; --                        ;
; my_computer:U1|riscvsingle:rvsingle|datapath:dp|regfile:rf|rf~1865 ; LCCOMB_X27_Y14_N8  ; 32      ; Clock enable ; no     ; --                   ; --               ; --                        ;
; my_computer:U1|riscvsingle:rvsingle|datapath:dp|regfile:rf|rf~1867 ; LCCOMB_X27_Y14_N10 ; 32      ; Clock enable ; no     ; --                   ; --               ; --                        ;
; my_computer:U1|riscvsingle:rvsingle|datapath:dp|regfile:rf|rf~1868 ; LCCOMB_X26_Y14_N16 ; 32      ; Clock enable ; no     ; --                   ; --               ; --                        ;
; my_computer:U1|riscvsingle:rvsingle|datapath:dp|regfile:rf|rf~1869 ; LCCOMB_X26_Y14_N2  ; 32      ; Clock enable ; no     ; --                   ; --               ; --                        ;
; my_computer:U1|riscvsingle:rvsingle|datapath:dp|regfile:rf|rf~1870 ; LCCOMB_X26_Y14_N28 ; 32      ; Clock enable ; no     ; --                   ; --               ; --                        ;
; my_computer:U1|riscvsingle:rvsingle|datapath:dp|regfile:rf|rf~1871 ; LCCOMB_X24_Y14_N12 ; 32      ; Clock enable ; no     ; --                   ; --               ; --                        ;
; my_computer:U1|riscvsingle:rvsingle|datapath:dp|regfile:rf|rf~1872 ; LCCOMB_X27_Y14_N12 ; 32      ; Clock enable ; no     ; --                   ; --               ; --                        ;
; my_computer:U1|riscvsingle:rvsingle|datapath:dp|regfile:rf|rf~1873 ; LCCOMB_X26_Y14_N22 ; 32      ; Clock enable ; no     ; --                   ; --               ; --                        ;
; my_computer:U1|riscvsingle:rvsingle|datapath:dp|regfile:rf|rf~1874 ; LCCOMB_X30_Y14_N16 ; 32      ; Clock enable ; no     ; --                   ; --               ; --                        ;
; my_computer:U1|riscvsingle:rvsingle|datapath:dp|regfile:rf|rf~1875 ; LCCOMB_X27_Y14_N22 ; 32      ; Clock enable ; no     ; --                   ; --               ; --                        ;
+--------------------------------------------------------------------+--------------------+---------+--------------+--------+----------------------+------------------+---------------------------+


+----------------------------------------------------------------------------+
; Non-Global High Fan-Out Signals                                            ;
+------------------------------------------------------------------+---------+
; Name                                                             ; Fan-Out ;
+------------------------------------------------------------------+---------+
; KEY[1]~input                                                     ; 5152    ;
; my_computer:U1|riscvsingle:rvsingle|datapath:dp|alu:alu|Mux28~6  ; 776     ;
; my_computer:U1|riscvsingle:rvsingle|datapath:dp|alu:alu|Mux26~2  ; 775     ;
; my_computer:U1|riscvsingle:rvsingle|datapath:dp|alu:alu|Mux29~17 ; 775     ;
; my_computer:U1|riscvsingle:rvsingle|datapath:dp|alu:alu|Mux27~2  ; 774     ;
; my_computer:U1|riscvsingle:rvsingle|datapath:dp|alu:alu|Mux25~2  ; 630     ;
; my_computer:U1|riscvsingle:rvsingle|datapath:dp|alu:alu|Mux24~2  ; 630     ;
+------------------------------------------------------------------+---------+


+--------------------------------------------------+
; Routing Usage Summary                            ;
+-----------------------+--------------------------+
; Routing Resource Type ; Usage                    ;
+-----------------------+--------------------------+
; Block interconnects   ; 12,643 / 148,641 ( 9 % ) ;
; C16 interconnects     ; 208 / 5,382 ( 4 % )      ;
; C4 interconnects      ; 8,261 / 106,704 ( 8 % )  ;
; Direct links          ; 788 / 148,641 ( < 1 % )  ;
; Global clocks         ; 0 / 20 ( 0 % )           ;
; Local interconnects   ; 2,834 / 49,760 ( 6 % )   ;
; NSLEEPs               ; 0 / 500 ( 0 % )          ;
; R24 interconnects     ; 248 / 5,406 ( 5 % )      ;
; R4 interconnects      ; 9,791 / 147,764 ( 7 % )  ;
+-----------------------+--------------------------+


+-----------------------------------------------------------------------------+
; LAB Logic Elements                                                          ;
+---------------------------------------------+-------------------------------+
; Number of Logic Elements  (Average = 11.92) ; Number of LABs  (Total = 611) ;
+---------------------------------------------+-------------------------------+
; 1                                           ; 50                            ;
; 2                                           ; 35                            ;
; 3                                           ; 19                            ;
; 4                                           ; 10                            ;
; 5                                           ; 8                             ;
; 6                                           ; 4                             ;
; 7                                           ; 3                             ;
; 8                                           ; 10                            ;
; 9                                           ; 5                             ;
; 10                                          ; 14                            ;
; 11                                          ; 19                            ;
; 12                                          ; 19                            ;
; 13                                          ; 48                            ;
; 14                                          ; 58                            ;
; 15                                          ; 100                           ;
; 16                                          ; 209                           ;
+---------------------------------------------+-------------------------------+


+--------------------------------------------------------------------+
; LAB-wide Signals                                                   ;
+------------------------------------+-------------------------------+
; LAB-wide Signals  (Average = 1.81) ; Number of LABs  (Total = 611) ;
+------------------------------------+-------------------------------+
; 1 Async. clear                     ; 9                             ;
; 1 Clock                            ; 556                           ;
; 1 Clock enable                     ; 67                            ;
; 2 Clock enables                    ; 475                           ;
+------------------------------------+-------------------------------+


+------------------------------------------------------------------------------+
; LAB Signals Sourced                                                          ;
+----------------------------------------------+-------------------------------+
; Number of Signals Sourced  (Average = 18.08) ; Number of LABs  (Total = 611) ;
+----------------------------------------------+-------------------------------+
; 0                                            ; 0                             ;
; 1                                            ; 20                            ;
; 2                                            ; 35                            ;
; 3                                            ; 14                            ;
; 4                                            ; 18                            ;
; 5                                            ; 17                            ;
; 6                                            ; 10                            ;
; 7                                            ; 5                             ;
; 8                                            ; 3                             ;
; 9                                            ; 3                             ;
; 10                                           ; 5                             ;
; 11                                           ; 7                             ;
; 12                                           ; 5                             ;
; 13                                           ; 9                             ;
; 14                                           ; 13                            ;
; 15                                           ; 23                            ;
; 16                                           ; 43                            ;
; 17                                           ; 18                            ;
; 18                                           ; 19                            ;
; 19                                           ; 17                            ;
; 20                                           ; 24                            ;
; 21                                           ; 23                            ;
; 22                                           ; 26                            ;
; 23                                           ; 38                            ;
; 24                                           ; 39                            ;
; 25                                           ; 39                            ;
; 26                                           ; 49                            ;
; 27                                           ; 37                            ;
; 28                                           ; 22                            ;
; 29                                           ; 8                             ;
; 30                                           ; 9                             ;
; 31                                           ; 5                             ;
; 32                                           ; 8                             ;
+----------------------------------------------+-------------------------------+


+---------------------------------------------------------------------------------+
; LAB Signals Sourced Out                                                         ;
+-------------------------------------------------+-------------------------------+
; Number of Signals Sourced Out  (Average = 8.43) ; Number of LABs  (Total = 611) ;
+-------------------------------------------------+-------------------------------+
; 0                                               ; 0                             ;
; 1                                               ; 52                            ;
; 2                                               ; 45                            ;
; 3                                               ; 27                            ;
; 4                                               ; 32                            ;
; 5                                               ; 29                            ;
; 6                                               ; 26                            ;
; 7                                               ; 41                            ;
; 8                                               ; 82                            ;
; 9                                               ; 37                            ;
; 10                                              ; 27                            ;
; 11                                              ; 48                            ;
; 12                                              ; 44                            ;
; 13                                              ; 27                            ;
; 14                                              ; 23                            ;
; 15                                              ; 17                            ;
; 16                                              ; 22                            ;
; 17                                              ; 5                             ;
; 18                                              ; 11                            ;
; 19                                              ; 7                             ;
; 20                                              ; 2                             ;
; 21                                              ; 2                             ;
; 22                                              ; 1                             ;
; 23                                              ; 1                             ;
; 24                                              ; 1                             ;
; 25                                              ; 2                             ;
+-------------------------------------------------+-------------------------------+


+------------------------------------------------------------------------------+
; LAB Distinct Inputs                                                          ;
+----------------------------------------------+-------------------------------+
; Number of Distinct Inputs  (Average = 19.37) ; Number of LABs  (Total = 611) ;
+----------------------------------------------+-------------------------------+
; 0                                            ; 0                             ;
; 1                                            ; 0                             ;
; 2                                            ; 1                             ;
; 3                                            ; 20                            ;
; 4                                            ; 20                            ;
; 5                                            ; 7                             ;
; 6                                            ; 25                            ;
; 7                                            ; 9                             ;
; 8                                            ; 10                            ;
; 9                                            ; 11                            ;
; 10                                           ; 13                            ;
; 11                                           ; 6                             ;
; 12                                           ; 11                            ;
; 13                                           ; 36                            ;
; 14                                           ; 21                            ;
; 15                                           ; 12                            ;
; 16                                           ; 22                            ;
; 17                                           ; 24                            ;
; 18                                           ; 26                            ;
; 19                                           ; 24                            ;
; 20                                           ; 40                            ;
; 21                                           ; 14                            ;
; 22                                           ; 18                            ;
; 23                                           ; 14                            ;
; 24                                           ; 26                            ;
; 25                                           ; 21                            ;
; 26                                           ; 27                            ;
; 27                                           ; 17                            ;
; 28                                           ; 18                            ;
; 29                                           ; 16                            ;
; 30                                           ; 29                            ;
; 31                                           ; 20                            ;
; 32                                           ; 16                            ;
; 33                                           ; 13                            ;
; 34                                           ; 14                            ;
; 35                                           ; 8                             ;
; 36                                           ; 1                             ;
+----------------------------------------------+-------------------------------+


+------------------------------------------+
; I/O Rules Summary                        ;
+----------------------------------+-------+
; I/O Rules Statistic              ; Total ;
+----------------------------------+-------+
; Total I/O Rules                  ; 30    ;
; Number of I/O Rules Passed       ; 10    ;
; Number of I/O Rules Failed       ; 0     ;
; Number of I/O Rules Unchecked    ; 0     ;
; Number of I/O Rules Inapplicable ; 20    ;
+----------------------------------+-------+


+--------------------------------------------------------------------------------------------------------------------------------------------------------------------------------------------------------------------------------------------------------------------------------------+
; I/O Rules Details                                                                                                                                                                                                                                                                    ;
+--------------+-----------+-----------------------------------+------------------------------------------------------------------------------------------------------+----------+--------------------------------------------------------------------------+------+-------------------+
; Status       ; ID        ; Category                          ; Rule Description                                                                                     ; Severity ; Information                                                              ; Area ; Extra Information ;
+--------------+-----------+-----------------------------------+------------------------------------------------------------------------------------------------------+----------+--------------------------------------------------------------------------+------+-------------------+
; Pass         ; IO_000001 ; Capacity Checks                   ; Number of pins in an I/O bank should not exceed the number of locations available.                   ; Critical ; 0 such failures found.                                                   ; I/O  ;                   ;
; Inapplicable ; IO_000002 ; Capacity Checks                   ; Number of clocks in an I/O bank should not exceed the number of clocks available.                    ; Critical ; No Global Signal assignments found.                                      ; I/O  ;                   ;
; Pass         ; IO_000003 ; Capacity Checks                   ; Number of pins in a Vrefgroup should not exceed the number of locations available.                   ; Critical ; 0 such failures found.                                                   ; I/O  ;                   ;
; Inapplicable ; IO_000004 ; Voltage Compatibility Checks      ; The I/O bank should support the requested VCCIO.                                                     ; Critical ; No IOBANK_VCCIO assignments found.                                       ; I/O  ;                   ;
; Inapplicable ; IO_000005 ; Voltage Compatibility Checks      ; The I/O bank should not have competing VREF values.                                                  ; Critical ; No VREF I/O Standard assignments found.                                  ; I/O  ;                   ;
; Pass         ; IO_000006 ; Voltage Compatibility Checks      ; The I/O bank should not have competing VCCIO values.                                                 ; Critical ; 0 such failures found.                                                   ; I/O  ;                   ;
; Pass         ; IO_000007 ; Valid Location Checks             ; Checks for unavailable locations.                                                                    ; Critical ; 0 such failures found.                                                   ; I/O  ;                   ;
; Inapplicable ; IO_000008 ; Valid Location Checks             ; Checks for reserved locations.                                                                       ; Critical ; No reserved LogicLock region found.                                      ; I/O  ;                   ;
; Pass         ; IO_000009 ; I/O Properties Checks for One I/O ; The location should support the requested I/O standard.                                              ; Critical ; 0 such failures found.                                                   ; I/O  ;                   ;
; Pass         ; IO_000010 ; I/O Properties Checks for One I/O ; The location should support the requested I/O direction.                                             ; Critical ; 0 such failures found.                                                   ; I/O  ;                   ;
; Inapplicable ; IO_000011 ; I/O Properties Checks for One I/O ; The location should support the requested Current Strength.                                          ; Critical ; No Current Strength assignments found.                                   ; I/O  ;                   ;
; Inapplicable ; IO_000012 ; I/O Properties Checks for One I/O ; The location should support the requested On Chip Termination value.                                 ; Critical ; No Termination assignments found.                                        ; I/O  ;                   ;
; Inapplicable ; IO_000013 ; I/O Properties Checks for One I/O ; The location should support the requested Bus Hold value.                                            ; Critical ; No Enable Bus-Hold Circuitry assignments found.                          ; I/O  ;                   ;
; Inapplicable ; IO_000014 ; I/O Properties Checks for One I/O ; The location should support the requested Weak Pull Up value.                                        ; Critical ; No Weak Pull-Up Resistor assignments found.                              ; I/O  ;                   ;
; Pass         ; IO_000015 ; I/O Properties Checks for One I/O ; The location should support the requested PCI Clamp Diode.                                           ; Critical ; 0 such failures found.                                                   ; I/O  ;                   ;
; Inapplicable ; IO_000018 ; I/O Properties Checks for One I/O ; The I/O standard should support the requested Current Strength.                                      ; Critical ; No Current Strength assignments found.                                   ; I/O  ;                   ;
; Inapplicable ; IO_000019 ; I/O Properties Checks for One I/O ; The I/O standard should support the requested On Chip Termination value.                             ; Critical ; No Termination assignments found.                                        ; I/O  ;                   ;
; Pass         ; IO_000020 ; I/O Properties Checks for One I/O ; The I/O standard should support the requested PCI Clamp Diode.                                       ; Critical ; 0 such failures found.                                                   ; I/O  ;                   ;
; Inapplicable ; IO_000021 ; I/O Properties Checks for One I/O ; The I/O standard should support the requested Weak Pull Up value.                                    ; Critical ; No Weak Pull-Up Resistor assignments found.                              ; I/O  ;                   ;
; Inapplicable ; IO_000022 ; I/O Properties Checks for One I/O ; The I/O standard should support the requested Bus Hold value.                                        ; Critical ; No Enable Bus-Hold Circuitry assignments found.                          ; I/O  ;                   ;
; Pass         ; IO_000023 ; I/O Properties Checks for One I/O ; The I/O standard should support the Open Drain value.                                                ; Critical ; 0 such failures found.                                                   ; I/O  ;                   ;
; Inapplicable ; IO_000024 ; I/O Properties Checks for One I/O ; The I/O direction should support the On Chip Termination value.                                      ; Critical ; No Termination assignments found.                                        ; I/O  ;                   ;
; Inapplicable ; IO_000026 ; I/O Properties Checks for One I/O ; On Chip Termination and Current Strength should not be used at the same time.                        ; Critical ; No Current Strength or Termination assignments found.                    ; I/O  ;                   ;
; Inapplicable ; IO_000027 ; I/O Properties Checks for One I/O ; Weak Pull Up and Bus Hold should not be used at the same time.                                       ; Critical ; No Enable Bus-Hold Circuitry or Weak Pull-Up Resistor assignments found. ; I/O  ;                   ;
; Inapplicable ; IO_000045 ; I/O Properties Checks for One I/O ; The I/O standard should support the requested Slew Rate value.                                       ; Critical ; No Slew Rate assignments found.                                          ; I/O  ;                   ;
; Inapplicable ; IO_000046 ; I/O Properties Checks for One I/O ; The location should support the requested Slew Rate value.                                           ; Critical ; No Slew Rate assignments found.                                          ; I/O  ;                   ;
; Inapplicable ; IO_000047 ; I/O Properties Checks for One I/O ; On Chip Termination and Slew Rate should not be used at the same time.                               ; Critical ; No Slew Rate assignments found.                                          ; I/O  ;                   ;
; Pass         ; IO_000033 ; Electromigration Checks           ; Current density for consecutive I/Os should not exceed 160mA for row I/Os and 160mA for column I/Os. ; Critical ; 0 such failures found.                                                   ; I/O  ;                   ;
; Inapplicable ; IO_000034 ; SI Related Distance Checks        ; Single-ended outputs should be 5 LAB row(s) away from a differential I/O.                            ; High     ; No Differential I/O Standard assignments found.                          ; I/O  ;                   ;
; Inapplicable ; IO_000042 ; SI Related SSO Limit Checks       ; No more than 20 outputs are allowed in a VREF group when VREF is being read from.                    ; High     ; No VREF I/O Standard assignments found.                                  ; I/O  ;                   ;
+--------------+-----------+-----------------------------------+------------------------------------------------------------------------------------------------------+----------+--------------------------------------------------------------------------+------+-------------------+


+-----------------------------------------------------------------------------------------------------------------------------------------------------------------------------------------------------------------------------------------------------------------------------------------------------------------------------------------------------------------------------------------------------------------------------------------------------------------+
; I/O Rules Matrix                                                                                                                                                                                                                                                                                                                                                                                                                                                ;
+--------------------+-----------+--------------+-----------+--------------+--------------+-----------+-----------+--------------+-----------+-----------+--------------+--------------+--------------+--------------+--------------+--------------+--------------+--------------+--------------+--------------+--------------+--------------+--------------+--------------+--------------+--------------+--------------+-----------+--------------+--------------+
; Pin/Rules          ; IO_000001 ; IO_000002    ; IO_000003 ; IO_000004    ; IO_000005    ; IO_000006 ; IO_000007 ; IO_000008    ; IO_000009 ; IO_000010 ; IO_000011    ; IO_000012    ; IO_000013    ; IO_000014    ; IO_000015    ; IO_000018    ; IO_000019    ; IO_000020    ; IO_000021    ; IO_000022    ; IO_000023    ; IO_000024    ; IO_000026    ; IO_000027    ; IO_000045    ; IO_000046    ; IO_000047    ; IO_000033 ; IO_000034    ; IO_000042    ;
+--------------------+-----------+--------------+-----------+--------------+--------------+-----------+-----------+--------------+-----------+-----------+--------------+--------------+--------------+--------------+--------------+--------------+--------------+--------------+--------------+--------------+--------------+--------------+--------------+--------------+--------------+--------------+--------------+-----------+--------------+--------------+
; Total Pass         ; 109       ; 0            ; 109       ; 0            ; 0            ; 109       ; 109       ; 0            ; 109       ; 109       ; 0            ; 0            ; 0            ; 0            ; 51           ; 0            ; 0            ; 51           ; 0            ; 0            ; 36           ; 0            ; 0            ; 0            ; 0            ; 0            ; 0            ; 109       ; 0            ; 0            ;
; Total Unchecked    ; 0         ; 0            ; 0         ; 0            ; 0            ; 0         ; 0         ; 0            ; 0         ; 0         ; 0            ; 0            ; 0            ; 0            ; 0            ; 0            ; 0            ; 0            ; 0            ; 0            ; 0            ; 0            ; 0            ; 0            ; 0            ; 0            ; 0            ; 0         ; 0            ; 0            ;
; Total Inapplicable ; 0         ; 109          ; 0         ; 109          ; 109          ; 0         ; 0         ; 109          ; 0         ; 0         ; 109          ; 109          ; 109          ; 109          ; 58           ; 109          ; 109          ; 58           ; 109          ; 109          ; 73           ; 109          ; 109          ; 109          ; 109          ; 109          ; 109          ; 0         ; 109          ; 109          ;
; Total Fail         ; 0         ; 0            ; 0         ; 0            ; 0            ; 0         ; 0         ; 0            ; 0         ; 0         ; 0            ; 0            ; 0            ; 0            ; 0            ; 0            ; 0            ; 0            ; 0            ; 0            ; 0            ; 0            ; 0            ; 0            ; 0            ; 0            ; 0            ; 0         ; 0            ; 0            ;
; ADC_CLK_10         ; Pass      ; Inapplicable ; Pass      ; Inapplicable ; Inapplicable ; Pass      ; Pass      ; Inapplicable ; Pass      ; Pass      ; Inapplicable ; Inapplicable ; Inapplicable ; Inapplicable ; Pass         ; Inapplicable ; Inapplicable ; Pass         ; Inapplicable ; Inapplicable ; Inapplicable ; Inapplicable ; Inapplicable ; Inapplicable ; Inapplicable ; Inapplicable ; Inapplicable ; Pass      ; Inapplicable ; Inapplicable ;
; MAX10_CLK1_50      ; Pass      ; Inapplicable ; Pass      ; Inapplicable ; Inapplicable ; Pass      ; Pass      ; Inapplicable ; Pass      ; Pass      ; Inapplicable ; Inapplicable ; Inapplicable ; Inapplicable ; Pass         ; Inapplicable ; Inapplicable ; Pass         ; Inapplicable ; Inapplicable ; Inapplicable ; Inapplicable ; Inapplicable ; Inapplicable ; Inapplicable ; Inapplicable ; Inapplicable ; Pass      ; Inapplicable ; Inapplicable ;
; MAX10_CLK2_50      ; Pass      ; Inapplicable ; Pass      ; Inapplicable ; Inapplicable ; Pass      ; Pass      ; Inapplicable ; Pass      ; Pass      ; Inapplicable ; Inapplicable ; Inapplicable ; Inapplicable ; Pass         ; Inapplicable ; Inapplicable ; Pass         ; Inapplicable ; Inapplicable ; Inapplicable ; Inapplicable ; Inapplicable ; Inapplicable ; Inapplicable ; Inapplicable ; Inapplicable ; Pass      ; Inapplicable ; Inapplicable ;
; HEX0[0]            ; Pass      ; Inapplicable ; Pass      ; Inapplicable ; Inapplicable ; Pass      ; Pass      ; Inapplicable ; Pass      ; Pass      ; Inapplicable ; Inapplicable ; Inapplicable ; Inapplicable ; Inapplicable ; Inapplicable ; Inapplicable ; Inapplicable ; Inapplicable ; Inapplicable ; Inapplicable ; Inapplicable ; Inapplicable ; Inapplicable ; Inapplicable ; Inapplicable ; Inapplicable ; Pass      ; Inapplicable ; Inapplicable ;
; HEX0[1]            ; Pass      ; Inapplicable ; Pass      ; Inapplicable ; Inapplicable ; Pass      ; Pass      ; Inapplicable ; Pass      ; Pass      ; Inapplicable ; Inapplicable ; Inapplicable ; Inapplicable ; Inapplicable ; Inapplicable ; Inapplicable ; Inapplicable ; Inapplicable ; Inapplicable ; Inapplicable ; Inapplicable ; Inapplicable ; Inapplicable ; Inapplicable ; Inapplicable ; Inapplicable ; Pass      ; Inapplicable ; Inapplicable ;
; HEX0[2]            ; Pass      ; Inapplicable ; Pass      ; Inapplicable ; Inapplicable ; Pass      ; Pass      ; Inapplicable ; Pass      ; Pass      ; Inapplicable ; Inapplicable ; Inapplicable ; Inapplicable ; Inapplicable ; Inapplicable ; Inapplicable ; Inapplicable ; Inapplicable ; Inapplicable ; Inapplicable ; Inapplicable ; Inapplicable ; Inapplicable ; Inapplicable ; Inapplicable ; Inapplicable ; Pass      ; Inapplicable ; Inapplicable ;
; HEX0[3]            ; Pass      ; Inapplicable ; Pass      ; Inapplicable ; Inapplicable ; Pass      ; Pass      ; Inapplicable ; Pass      ; Pass      ; Inapplicable ; Inapplicable ; Inapplicable ; Inapplicable ; Inapplicable ; Inapplicable ; Inapplicable ; Inapplicable ; Inapplicable ; Inapplicable ; Inapplicable ; Inapplicable ; Inapplicable ; Inapplicable ; Inapplicable ; Inapplicable ; Inapplicable ; Pass      ; Inapplicable ; Inapplicable ;
; HEX0[4]            ; Pass      ; Inapplicable ; Pass      ; Inapplicable ; Inapplicable ; Pass      ; Pass      ; Inapplicable ; Pass      ; Pass      ; Inapplicable ; Inapplicable ; Inapplicable ; Inapplicable ; Inapplicable ; Inapplicable ; Inapplicable ; Inapplicable ; Inapplicable ; Inapplicable ; Inapplicable ; Inapplicable ; Inapplicable ; Inapplicable ; Inapplicable ; Inapplicable ; Inapplicable ; Pass      ; Inapplicable ; Inapplicable ;
; HEX0[5]            ; Pass      ; Inapplicable ; Pass      ; Inapplicable ; Inapplicable ; Pass      ; Pass      ; Inapplicable ; Pass      ; Pass      ; Inapplicable ; Inapplicable ; Inapplicable ; Inapplicable ; Inapplicable ; Inapplicable ; Inapplicable ; Inapplicable ; Inapplicable ; Inapplicable ; Inapplicable ; Inapplicable ; Inapplicable ; Inapplicable ; Inapplicable ; Inapplicable ; Inapplicable ; Pass      ; Inapplicable ; Inapplicable ;
; HEX0[6]            ; Pass      ; Inapplicable ; Pass      ; Inapplicable ; Inapplicable ; Pass      ; Pass      ; Inapplicable ; Pass      ; Pass      ; Inapplicable ; Inapplicable ; Inapplicable ; Inapplicable ; Inapplicable ; Inapplicable ; Inapplicable ; Inapplicable ; Inapplicable ; Inapplicable ; Inapplicable ; Inapplicable ; Inapplicable ; Inapplicable ; Inapplicable ; Inapplicable ; Inapplicable ; Pass      ; Inapplicable ; Inapplicable ;
; HEX0[7]            ; Pass      ; Inapplicable ; Pass      ; Inapplicable ; Inapplicable ; Pass      ; Pass      ; Inapplicable ; Pass      ; Pass      ; Inapplicable ; Inapplicable ; Inapplicable ; Inapplicable ; Inapplicable ; Inapplicable ; Inapplicable ; Inapplicable ; Inapplicable ; Inapplicable ; Inapplicable ; Inapplicable ; Inapplicable ; Inapplicable ; Inapplicable ; Inapplicable ; Inapplicable ; Pass      ; Inapplicable ; Inapplicable ;
; HEX1[0]            ; Pass      ; Inapplicable ; Pass      ; Inapplicable ; Inapplicable ; Pass      ; Pass      ; Inapplicable ; Pass      ; Pass      ; Inapplicable ; Inapplicable ; Inapplicable ; Inapplicable ; Inapplicable ; Inapplicable ; Inapplicable ; Inapplicable ; Inapplicable ; Inapplicable ; Inapplicable ; Inapplicable ; Inapplicable ; Inapplicable ; Inapplicable ; Inapplicable ; Inapplicable ; Pass      ; Inapplicable ; Inapplicable ;
; HEX1[1]            ; Pass      ; Inapplicable ; Pass      ; Inapplicable ; Inapplicable ; Pass      ; Pass      ; Inapplicable ; Pass      ; Pass      ; Inapplicable ; Inapplicable ; Inapplicable ; Inapplicable ; Inapplicable ; Inapplicable ; Inapplicable ; Inapplicable ; Inapplicable ; Inapplicable ; Inapplicable ; Inapplicable ; Inapplicable ; Inapplicable ; Inapplicable ; Inapplicable ; Inapplicable ; Pass      ; Inapplicable ; Inapplicable ;
; HEX1[2]            ; Pass      ; Inapplicable ; Pass      ; Inapplicable ; Inapplicable ; Pass      ; Pass      ; Inapplicable ; Pass      ; Pass      ; Inapplicable ; Inapplicable ; Inapplicable ; Inapplicable ; Inapplicable ; Inapplicable ; Inapplicable ; Inapplicable ; Inapplicable ; Inapplicable ; Inapplicable ; Inapplicable ; Inapplicable ; Inapplicable ; Inapplicable ; Inapplicable ; Inapplicable ; Pass      ; Inapplicable ; Inapplicable ;
; HEX1[3]            ; Pass      ; Inapplicable ; Pass      ; Inapplicable ; Inapplicable ; Pass      ; Pass      ; Inapplicable ; Pass      ; Pass      ; Inapplicable ; Inapplicable ; Inapplicable ; Inapplicable ; Inapplicable ; Inapplicable ; Inapplicable ; Inapplicable ; Inapplicable ; Inapplicable ; Inapplicable ; Inapplicable ; Inapplicable ; Inapplicable ; Inapplicable ; Inapplicable ; Inapplicable ; Pass      ; Inapplicable ; Inapplicable ;
; HEX1[4]            ; Pass      ; Inapplicable ; Pass      ; Inapplicable ; Inapplicable ; Pass      ; Pass      ; Inapplicable ; Pass      ; Pass      ; Inapplicable ; Inapplicable ; Inapplicable ; Inapplicable ; Inapplicable ; Inapplicable ; Inapplicable ; Inapplicable ; Inapplicable ; Inapplicable ; Inapplicable ; Inapplicable ; Inapplicable ; Inapplicable ; Inapplicable ; Inapplicable ; Inapplicable ; Pass      ; Inapplicable ; Inapplicable ;
; HEX1[5]            ; Pass      ; Inapplicable ; Pass      ; Inapplicable ; Inapplicable ; Pass      ; Pass      ; Inapplicable ; Pass      ; Pass      ; Inapplicable ; Inapplicable ; Inapplicable ; Inapplicable ; Inapplicable ; Inapplicable ; Inapplicable ; Inapplicable ; Inapplicable ; Inapplicable ; Inapplicable ; Inapplicable ; Inapplicable ; Inapplicable ; Inapplicable ; Inapplicable ; Inapplicable ; Pass      ; Inapplicable ; Inapplicable ;
; HEX1[6]            ; Pass      ; Inapplicable ; Pass      ; Inapplicable ; Inapplicable ; Pass      ; Pass      ; Inapplicable ; Pass      ; Pass      ; Inapplicable ; Inapplicable ; Inapplicable ; Inapplicable ; Inapplicable ; Inapplicable ; Inapplicable ; Inapplicable ; Inapplicable ; Inapplicable ; Inapplicable ; Inapplicable ; Inapplicable ; Inapplicable ; Inapplicable ; Inapplicable ; Inapplicable ; Pass      ; Inapplicable ; Inapplicable ;
; HEX1[7]            ; Pass      ; Inapplicable ; Pass      ; Inapplicable ; Inapplicable ; Pass      ; Pass      ; Inapplicable ; Pass      ; Pass      ; Inapplicable ; Inapplicable ; Inapplicable ; Inapplicable ; Inapplicable ; Inapplicable ; Inapplicable ; Inapplicable ; Inapplicable ; Inapplicable ; Inapplicable ; Inapplicable ; Inapplicable ; Inapplicable ; Inapplicable ; Inapplicable ; Inapplicable ; Pass      ; Inapplicable ; Inapplicable ;
; HEX2[0]            ; Pass      ; Inapplicable ; Pass      ; Inapplicable ; Inapplicable ; Pass      ; Pass      ; Inapplicable ; Pass      ; Pass      ; Inapplicable ; Inapplicable ; Inapplicable ; Inapplicable ; Inapplicable ; Inapplicable ; Inapplicable ; Inapplicable ; Inapplicable ; Inapplicable ; Inapplicable ; Inapplicable ; Inapplicable ; Inapplicable ; Inapplicable ; Inapplicable ; Inapplicable ; Pass      ; Inapplicable ; Inapplicable ;
; HEX2[1]            ; Pass      ; Inapplicable ; Pass      ; Inapplicable ; Inapplicable ; Pass      ; Pass      ; Inapplicable ; Pass      ; Pass      ; Inapplicable ; Inapplicable ; Inapplicable ; Inapplicable ; Inapplicable ; Inapplicable ; Inapplicable ; Inapplicable ; Inapplicable ; Inapplicable ; Inapplicable ; Inapplicable ; Inapplicable ; Inapplicable ; Inapplicable ; Inapplicable ; Inapplicable ; Pass      ; Inapplicable ; Inapplicable ;
; HEX2[2]            ; Pass      ; Inapplicable ; Pass      ; Inapplicable ; Inapplicable ; Pass      ; Pass      ; Inapplicable ; Pass      ; Pass      ; Inapplicable ; Inapplicable ; Inapplicable ; Inapplicable ; Inapplicable ; Inapplicable ; Inapplicable ; Inapplicable ; Inapplicable ; Inapplicable ; Inapplicable ; Inapplicable ; Inapplicable ; Inapplicable ; Inapplicable ; Inapplicable ; Inapplicable ; Pass      ; Inapplicable ; Inapplicable ;
; HEX2[3]            ; Pass      ; Inapplicable ; Pass      ; Inapplicable ; Inapplicable ; Pass      ; Pass      ; Inapplicable ; Pass      ; Pass      ; Inapplicable ; Inapplicable ; Inapplicable ; Inapplicable ; Inapplicable ; Inapplicable ; Inapplicable ; Inapplicable ; Inapplicable ; Inapplicable ; Inapplicable ; Inapplicable ; Inapplicable ; Inapplicable ; Inapplicable ; Inapplicable ; Inapplicable ; Pass      ; Inapplicable ; Inapplicable ;
; HEX2[4]            ; Pass      ; Inapplicable ; Pass      ; Inapplicable ; Inapplicable ; Pass      ; Pass      ; Inapplicable ; Pass      ; Pass      ; Inapplicable ; Inapplicable ; Inapplicable ; Inapplicable ; Inapplicable ; Inapplicable ; Inapplicable ; Inapplicable ; Inapplicable ; Inapplicable ; Inapplicable ; Inapplicable ; Inapplicable ; Inapplicable ; Inapplicable ; Inapplicable ; Inapplicable ; Pass      ; Inapplicable ; Inapplicable ;
; HEX2[5]            ; Pass      ; Inapplicable ; Pass      ; Inapplicable ; Inapplicable ; Pass      ; Pass      ; Inapplicable ; Pass      ; Pass      ; Inapplicable ; Inapplicable ; Inapplicable ; Inapplicable ; Inapplicable ; Inapplicable ; Inapplicable ; Inapplicable ; Inapplicable ; Inapplicable ; Inapplicable ; Inapplicable ; Inapplicable ; Inapplicable ; Inapplicable ; Inapplicable ; Inapplicable ; Pass      ; Inapplicable ; Inapplicable ;
; HEX2[6]            ; Pass      ; Inapplicable ; Pass      ; Inapplicable ; Inapplicable ; Pass      ; Pass      ; Inapplicable ; Pass      ; Pass      ; Inapplicable ; Inapplicable ; Inapplicable ; Inapplicable ; Inapplicable ; Inapplicable ; Inapplicable ; Inapplicable ; Inapplicable ; Inapplicable ; Inapplicable ; Inapplicable ; Inapplicable ; Inapplicable ; Inapplicable ; Inapplicable ; Inapplicable ; Pass      ; Inapplicable ; Inapplicable ;
; HEX2[7]            ; Pass      ; Inapplicable ; Pass      ; Inapplicable ; Inapplicable ; Pass      ; Pass      ; Inapplicable ; Pass      ; Pass      ; Inapplicable ; Inapplicable ; Inapplicable ; Inapplicable ; Inapplicable ; Inapplicable ; Inapplicable ; Inapplicable ; Inapplicable ; Inapplicable ; Inapplicable ; Inapplicable ; Inapplicable ; Inapplicable ; Inapplicable ; Inapplicable ; Inapplicable ; Pass      ; Inapplicable ; Inapplicable ;
; HEX3[0]            ; Pass      ; Inapplicable ; Pass      ; Inapplicable ; Inapplicable ; Pass      ; Pass      ; Inapplicable ; Pass      ; Pass      ; Inapplicable ; Inapplicable ; Inapplicable ; Inapplicable ; Inapplicable ; Inapplicable ; Inapplicable ; Inapplicable ; Inapplicable ; Inapplicable ; Inapplicable ; Inapplicable ; Inapplicable ; Inapplicable ; Inapplicable ; Inapplicable ; Inapplicable ; Pass      ; Inapplicable ; Inapplicable ;
; HEX3[1]            ; Pass      ; Inapplicable ; Pass      ; Inapplicable ; Inapplicable ; Pass      ; Pass      ; Inapplicable ; Pass      ; Pass      ; Inapplicable ; Inapplicable ; Inapplicable ; Inapplicable ; Inapplicable ; Inapplicable ; Inapplicable ; Inapplicable ; Inapplicable ; Inapplicable ; Inapplicable ; Inapplicable ; Inapplicable ; Inapplicable ; Inapplicable ; Inapplicable ; Inapplicable ; Pass      ; Inapplicable ; Inapplicable ;
; HEX3[2]            ; Pass      ; Inapplicable ; Pass      ; Inapplicable ; Inapplicable ; Pass      ; Pass      ; Inapplicable ; Pass      ; Pass      ; Inapplicable ; Inapplicable ; Inapplicable ; Inapplicable ; Inapplicable ; Inapplicable ; Inapplicable ; Inapplicable ; Inapplicable ; Inapplicable ; Inapplicable ; Inapplicable ; Inapplicable ; Inapplicable ; Inapplicable ; Inapplicable ; Inapplicable ; Pass      ; Inapplicable ; Inapplicable ;
; HEX3[3]            ; Pass      ; Inapplicable ; Pass      ; Inapplicable ; Inapplicable ; Pass      ; Pass      ; Inapplicable ; Pass      ; Pass      ; Inapplicable ; Inapplicable ; Inapplicable ; Inapplicable ; Inapplicable ; Inapplicable ; Inapplicable ; Inapplicable ; Inapplicable ; Inapplicable ; Inapplicable ; Inapplicable ; Inapplicable ; Inapplicable ; Inapplicable ; Inapplicable ; Inapplicable ; Pass      ; Inapplicable ; Inapplicable ;
; HEX3[4]            ; Pass      ; Inapplicable ; Pass      ; Inapplicable ; Inapplicable ; Pass      ; Pass      ; Inapplicable ; Pass      ; Pass      ; Inapplicable ; Inapplicable ; Inapplicable ; Inapplicable ; Inapplicable ; Inapplicable ; Inapplicable ; Inapplicable ; Inapplicable ; Inapplicable ; Inapplicable ; Inapplicable ; Inapplicable ; Inapplicable ; Inapplicable ; Inapplicable ; Inapplicable ; Pass      ; Inapplicable ; Inapplicable ;
; HEX3[5]            ; Pass      ; Inapplicable ; Pass      ; Inapplicable ; Inapplicable ; Pass      ; Pass      ; Inapplicable ; Pass      ; Pass      ; Inapplicable ; Inapplicable ; Inapplicable ; Inapplicable ; Inapplicable ; Inapplicable ; Inapplicable ; Inapplicable ; Inapplicable ; Inapplicable ; Inapplicable ; Inapplicable ; Inapplicable ; Inapplicable ; Inapplicable ; Inapplicable ; Inapplicable ; Pass      ; Inapplicable ; Inapplicable ;
; HEX3[6]            ; Pass      ; Inapplicable ; Pass      ; Inapplicable ; Inapplicable ; Pass      ; Pass      ; Inapplicable ; Pass      ; Pass      ; Inapplicable ; Inapplicable ; Inapplicable ; Inapplicable ; Inapplicable ; Inapplicable ; Inapplicable ; Inapplicable ; Inapplicable ; Inapplicable ; Inapplicable ; Inapplicable ; Inapplicable ; Inapplicable ; Inapplicable ; Inapplicable ; Inapplicable ; Pass      ; Inapplicable ; Inapplicable ;
; HEX3[7]            ; Pass      ; Inapplicable ; Pass      ; Inapplicable ; Inapplicable ; Pass      ; Pass      ; Inapplicable ; Pass      ; Pass      ; Inapplicable ; Inapplicable ; Inapplicable ; Inapplicable ; Inapplicable ; Inapplicable ; Inapplicable ; Inapplicable ; Inapplicable ; Inapplicable ; Inapplicable ; Inapplicable ; Inapplicable ; Inapplicable ; Inapplicable ; Inapplicable ; Inapplicable ; Pass      ; Inapplicable ; Inapplicable ;
; HEX4[0]            ; Pass      ; Inapplicable ; Pass      ; Inapplicable ; Inapplicable ; Pass      ; Pass      ; Inapplicable ; Pass      ; Pass      ; Inapplicable ; Inapplicable ; Inapplicable ; Inapplicable ; Inapplicable ; Inapplicable ; Inapplicable ; Inapplicable ; Inapplicable ; Inapplicable ; Inapplicable ; Inapplicable ; Inapplicable ; Inapplicable ; Inapplicable ; Inapplicable ; Inapplicable ; Pass      ; Inapplicable ; Inapplicable ;
; HEX4[1]            ; Pass      ; Inapplicable ; Pass      ; Inapplicable ; Inapplicable ; Pass      ; Pass      ; Inapplicable ; Pass      ; Pass      ; Inapplicable ; Inapplicable ; Inapplicable ; Inapplicable ; Inapplicable ; Inapplicable ; Inapplicable ; Inapplicable ; Inapplicable ; Inapplicable ; Inapplicable ; Inapplicable ; Inapplicable ; Inapplicable ; Inapplicable ; Inapplicable ; Inapplicable ; Pass      ; Inapplicable ; Inapplicable ;
; HEX4[2]            ; Pass      ; Inapplicable ; Pass      ; Inapplicable ; Inapplicable ; Pass      ; Pass      ; Inapplicable ; Pass      ; Pass      ; Inapplicable ; Inapplicable ; Inapplicable ; Inapplicable ; Inapplicable ; Inapplicable ; Inapplicable ; Inapplicable ; Inapplicable ; Inapplicable ; Inapplicable ; Inapplicable ; Inapplicable ; Inapplicable ; Inapplicable ; Inapplicable ; Inapplicable ; Pass      ; Inapplicable ; Inapplicable ;
; HEX4[3]            ; Pass      ; Inapplicable ; Pass      ; Inapplicable ; Inapplicable ; Pass      ; Pass      ; Inapplicable ; Pass      ; Pass      ; Inapplicable ; Inapplicable ; Inapplicable ; Inapplicable ; Inapplicable ; Inapplicable ; Inapplicable ; Inapplicable ; Inapplicable ; Inapplicable ; Inapplicable ; Inapplicable ; Inapplicable ; Inapplicable ; Inapplicable ; Inapplicable ; Inapplicable ; Pass      ; Inapplicable ; Inapplicable ;
; HEX4[4]            ; Pass      ; Inapplicable ; Pass      ; Inapplicable ; Inapplicable ; Pass      ; Pass      ; Inapplicable ; Pass      ; Pass      ; Inapplicable ; Inapplicable ; Inapplicable ; Inapplicable ; Inapplicable ; Inapplicable ; Inapplicable ; Inapplicable ; Inapplicable ; Inapplicable ; Inapplicable ; Inapplicable ; Inapplicable ; Inapplicable ; Inapplicable ; Inapplicable ; Inapplicable ; Pass      ; Inapplicable ; Inapplicable ;
; HEX4[5]            ; Pass      ; Inapplicable ; Pass      ; Inapplicable ; Inapplicable ; Pass      ; Pass      ; Inapplicable ; Pass      ; Pass      ; Inapplicable ; Inapplicable ; Inapplicable ; Inapplicable ; Inapplicable ; Inapplicable ; Inapplicable ; Inapplicable ; Inapplicable ; Inapplicable ; Inapplicable ; Inapplicable ; Inapplicable ; Inapplicable ; Inapplicable ; Inapplicable ; Inapplicable ; Pass      ; Inapplicable ; Inapplicable ;
; HEX4[6]            ; Pass      ; Inapplicable ; Pass      ; Inapplicable ; Inapplicable ; Pass      ; Pass      ; Inapplicable ; Pass      ; Pass      ; Inapplicable ; Inapplicable ; Inapplicable ; Inapplicable ; Inapplicable ; Inapplicable ; Inapplicable ; Inapplicable ; Inapplicable ; Inapplicable ; Inapplicable ; Inapplicable ; Inapplicable ; Inapplicable ; Inapplicable ; Inapplicable ; Inapplicable ; Pass      ; Inapplicable ; Inapplicable ;
; HEX4[7]            ; Pass      ; Inapplicable ; Pass      ; Inapplicable ; Inapplicable ; Pass      ; Pass      ; Inapplicable ; Pass      ; Pass      ; Inapplicable ; Inapplicable ; Inapplicable ; Inapplicable ; Inapplicable ; Inapplicable ; Inapplicable ; Inapplicable ; Inapplicable ; Inapplicable ; Inapplicable ; Inapplicable ; Inapplicable ; Inapplicable ; Inapplicable ; Inapplicable ; Inapplicable ; Pass      ; Inapplicable ; Inapplicable ;
; HEX5[0]            ; Pass      ; Inapplicable ; Pass      ; Inapplicable ; Inapplicable ; Pass      ; Pass      ; Inapplicable ; Pass      ; Pass      ; Inapplicable ; Inapplicable ; Inapplicable ; Inapplicable ; Inapplicable ; Inapplicable ; Inapplicable ; Inapplicable ; Inapplicable ; Inapplicable ; Inapplicable ; Inapplicable ; Inapplicable ; Inapplicable ; Inapplicable ; Inapplicable ; Inapplicable ; Pass      ; Inapplicable ; Inapplicable ;
; HEX5[1]            ; Pass      ; Inapplicable ; Pass      ; Inapplicable ; Inapplicable ; Pass      ; Pass      ; Inapplicable ; Pass      ; Pass      ; Inapplicable ; Inapplicable ; Inapplicable ; Inapplicable ; Inapplicable ; Inapplicable ; Inapplicable ; Inapplicable ; Inapplicable ; Inapplicable ; Inapplicable ; Inapplicable ; Inapplicable ; Inapplicable ; Inapplicable ; Inapplicable ; Inapplicable ; Pass      ; Inapplicable ; Inapplicable ;
; HEX5[2]            ; Pass      ; Inapplicable ; Pass      ; Inapplicable ; Inapplicable ; Pass      ; Pass      ; Inapplicable ; Pass      ; Pass      ; Inapplicable ; Inapplicable ; Inapplicable ; Inapplicable ; Inapplicable ; Inapplicable ; Inapplicable ; Inapplicable ; Inapplicable ; Inapplicable ; Inapplicable ; Inapplicable ; Inapplicable ; Inapplicable ; Inapplicable ; Inapplicable ; Inapplicable ; Pass      ; Inapplicable ; Inapplicable ;
; HEX5[3]            ; Pass      ; Inapplicable ; Pass      ; Inapplicable ; Inapplicable ; Pass      ; Pass      ; Inapplicable ; Pass      ; Pass      ; Inapplicable ; Inapplicable ; Inapplicable ; Inapplicable ; Inapplicable ; Inapplicable ; Inapplicable ; Inapplicable ; Inapplicable ; Inapplicable ; Inapplicable ; Inapplicable ; Inapplicable ; Inapplicable ; Inapplicable ; Inapplicable ; Inapplicable ; Pass      ; Inapplicable ; Inapplicable ;
; HEX5[4]            ; Pass      ; Inapplicable ; Pass      ; Inapplicable ; Inapplicable ; Pass      ; Pass      ; Inapplicable ; Pass      ; Pass      ; Inapplicable ; Inapplicable ; Inapplicable ; Inapplicable ; Inapplicable ; Inapplicable ; Inapplicable ; Inapplicable ; Inapplicable ; Inapplicable ; Inapplicable ; Inapplicable ; Inapplicable ; Inapplicable ; Inapplicable ; Inapplicable ; Inapplicable ; Pass      ; Inapplicable ; Inapplicable ;
; HEX5[5]            ; Pass      ; Inapplicable ; Pass      ; Inapplicable ; Inapplicable ; Pass      ; Pass      ; Inapplicable ; Pass      ; Pass      ; Inapplicable ; Inapplicable ; Inapplicable ; Inapplicable ; Inapplicable ; Inapplicable ; Inapplicable ; Inapplicable ; Inapplicable ; Inapplicable ; Inapplicable ; Inapplicable ; Inapplicable ; Inapplicable ; Inapplicable ; Inapplicable ; Inapplicable ; Pass      ; Inapplicable ; Inapplicable ;
; HEX5[6]            ; Pass      ; Inapplicable ; Pass      ; Inapplicable ; Inapplicable ; Pass      ; Pass      ; Inapplicable ; Pass      ; Pass      ; Inapplicable ; Inapplicable ; Inapplicable ; Inapplicable ; Inapplicable ; Inapplicable ; Inapplicable ; Inapplicable ; Inapplicable ; Inapplicable ; Inapplicable ; Inapplicable ; Inapplicable ; Inapplicable ; Inapplicable ; Inapplicable ; Inapplicable ; Pass      ; Inapplicable ; Inapplicable ;
; HEX5[7]            ; Pass      ; Inapplicable ; Pass      ; Inapplicable ; Inapplicable ; Pass      ; Pass      ; Inapplicable ; Pass      ; Pass      ; Inapplicable ; Inapplicable ; Inapplicable ; Inapplicable ; Inapplicable ; Inapplicable ; Inapplicable ; Inapplicable ; Inapplicable ; Inapplicable ; Inapplicable ; Inapplicable ; Inapplicable ; Inapplicable ; Inapplicable ; Inapplicable ; Inapplicable ; Pass      ; Inapplicable ; Inapplicable ;
; LEDR[0]            ; Pass      ; Inapplicable ; Pass      ; Inapplicable ; Inapplicable ; Pass      ; Pass      ; Inapplicable ; Pass      ; Pass      ; Inapplicable ; Inapplicable ; Inapplicable ; Inapplicable ; Inapplicable ; Inapplicable ; Inapplicable ; Inapplicable ; Inapplicable ; Inapplicable ; Inapplicable ; Inapplicable ; Inapplicable ; Inapplicable ; Inapplicable ; Inapplicable ; Inapplicable ; Pass      ; Inapplicable ; Inapplicable ;
; LEDR[1]            ; Pass      ; Inapplicable ; Pass      ; Inapplicable ; Inapplicable ; Pass      ; Pass      ; Inapplicable ; Pass      ; Pass      ; Inapplicable ; Inapplicable ; Inapplicable ; Inapplicable ; Inapplicable ; Inapplicable ; Inapplicable ; Inapplicable ; Inapplicable ; Inapplicable ; Inapplicable ; Inapplicable ; Inapplicable ; Inapplicable ; Inapplicable ; Inapplicable ; Inapplicable ; Pass      ; Inapplicable ; Inapplicable ;
; LEDR[2]            ; Pass      ; Inapplicable ; Pass      ; Inapplicable ; Inapplicable ; Pass      ; Pass      ; Inapplicable ; Pass      ; Pass      ; Inapplicable ; Inapplicable ; Inapplicable ; Inapplicable ; Inapplicable ; Inapplicable ; Inapplicable ; Inapplicable ; Inapplicable ; Inapplicable ; Inapplicable ; Inapplicable ; Inapplicable ; Inapplicable ; Inapplicable ; Inapplicable ; Inapplicable ; Pass      ; Inapplicable ; Inapplicable ;
; LEDR[3]            ; Pass      ; Inapplicable ; Pass      ; Inapplicable ; Inapplicable ; Pass      ; Pass      ; Inapplicable ; Pass      ; Pass      ; Inapplicable ; Inapplicable ; Inapplicable ; Inapplicable ; Inapplicable ; Inapplicable ; Inapplicable ; Inapplicable ; Inapplicable ; Inapplicable ; Inapplicable ; Inapplicable ; Inapplicable ; Inapplicable ; Inapplicable ; Inapplicable ; Inapplicable ; Pass      ; Inapplicable ; Inapplicable ;
; LEDR[4]            ; Pass      ; Inapplicable ; Pass      ; Inapplicable ; Inapplicable ; Pass      ; Pass      ; Inapplicable ; Pass      ; Pass      ; Inapplicable ; Inapplicable ; Inapplicable ; Inapplicable ; Inapplicable ; Inapplicable ; Inapplicable ; Inapplicable ; Inapplicable ; Inapplicable ; Inapplicable ; Inapplicable ; Inapplicable ; Inapplicable ; Inapplicable ; Inapplicable ; Inapplicable ; Pass      ; Inapplicable ; Inapplicable ;
; LEDR[5]            ; Pass      ; Inapplicable ; Pass      ; Inapplicable ; Inapplicable ; Pass      ; Pass      ; Inapplicable ; Pass      ; Pass      ; Inapplicable ; Inapplicable ; Inapplicable ; Inapplicable ; Inapplicable ; Inapplicable ; Inapplicable ; Inapplicable ; Inapplicable ; Inapplicable ; Inapplicable ; Inapplicable ; Inapplicable ; Inapplicable ; Inapplicable ; Inapplicable ; Inapplicable ; Pass      ; Inapplicable ; Inapplicable ;
; LEDR[6]            ; Pass      ; Inapplicable ; Pass      ; Inapplicable ; Inapplicable ; Pass      ; Pass      ; Inapplicable ; Pass      ; Pass      ; Inapplicable ; Inapplicable ; Inapplicable ; Inapplicable ; Inapplicable ; Inapplicable ; Inapplicable ; Inapplicable ; Inapplicable ; Inapplicable ; Inapplicable ; Inapplicable ; Inapplicable ; Inapplicable ; Inapplicable ; Inapplicable ; Inapplicable ; Pass      ; Inapplicable ; Inapplicable ;
; LEDR[7]            ; Pass      ; Inapplicable ; Pass      ; Inapplicable ; Inapplicable ; Pass      ; Pass      ; Inapplicable ; Pass      ; Pass      ; Inapplicable ; Inapplicable ; Inapplicable ; Inapplicable ; Inapplicable ; Inapplicable ; Inapplicable ; Inapplicable ; Inapplicable ; Inapplicable ; Inapplicable ; Inapplicable ; Inapplicable ; Inapplicable ; Inapplicable ; Inapplicable ; Inapplicable ; Pass      ; Inapplicable ; Inapplicable ;
; LEDR[8]            ; Pass      ; Inapplicable ; Pass      ; Inapplicable ; Inapplicable ; Pass      ; Pass      ; Inapplicable ; Pass      ; Pass      ; Inapplicable ; Inapplicable ; Inapplicable ; Inapplicable ; Inapplicable ; Inapplicable ; Inapplicable ; Inapplicable ; Inapplicable ; Inapplicable ; Inapplicable ; Inapplicable ; Inapplicable ; Inapplicable ; Inapplicable ; Inapplicable ; Inapplicable ; Pass      ; Inapplicable ; Inapplicable ;
; LEDR[9]            ; Pass      ; Inapplicable ; Pass      ; Inapplicable ; Inapplicable ; Pass      ; Pass      ; Inapplicable ; Pass      ; Pass      ; Inapplicable ; Inapplicable ; Inapplicable ; Inapplicable ; Inapplicable ; Inapplicable ; Inapplicable ; Inapplicable ; Inapplicable ; Inapplicable ; Inapplicable ; Inapplicable ; Inapplicable ; Inapplicable ; Inapplicable ; Inapplicable ; Inapplicable ; Pass      ; Inapplicable ; Inapplicable ;
; SW[0]              ; Pass      ; Inapplicable ; Pass      ; Inapplicable ; Inapplicable ; Pass      ; Pass      ; Inapplicable ; Pass      ; Pass      ; Inapplicable ; Inapplicable ; Inapplicable ; Inapplicable ; Pass         ; Inapplicable ; Inapplicable ; Pass         ; Inapplicable ; Inapplicable ; Inapplicable ; Inapplicable ; Inapplicable ; Inapplicable ; Inapplicable ; Inapplicable ; Inapplicable ; Pass      ; Inapplicable ; Inapplicable ;
; SW[1]              ; Pass      ; Inapplicable ; Pass      ; Inapplicable ; Inapplicable ; Pass      ; Pass      ; Inapplicable ; Pass      ; Pass      ; Inapplicable ; Inapplicable ; Inapplicable ; Inapplicable ; Pass         ; Inapplicable ; Inapplicable ; Pass         ; Inapplicable ; Inapplicable ; Inapplicable ; Inapplicable ; Inapplicable ; Inapplicable ; Inapplicable ; Inapplicable ; Inapplicable ; Pass      ; Inapplicable ; Inapplicable ;
; SW[8]              ; Pass      ; Inapplicable ; Pass      ; Inapplicable ; Inapplicable ; Pass      ; Pass      ; Inapplicable ; Pass      ; Pass      ; Inapplicable ; Inapplicable ; Inapplicable ; Inapplicable ; Pass         ; Inapplicable ; Inapplicable ; Pass         ; Inapplicable ; Inapplicable ; Inapplicable ; Inapplicable ; Inapplicable ; Inapplicable ; Inapplicable ; Inapplicable ; Inapplicable ; Pass      ; Inapplicable ; Inapplicable ;
; GPIO[0]            ; Pass      ; Inapplicable ; Pass      ; Inapplicable ; Inapplicable ; Pass      ; Pass      ; Inapplicable ; Pass      ; Pass      ; Inapplicable ; Inapplicable ; Inapplicable ; Inapplicable ; Pass         ; Inapplicable ; Inapplicable ; Pass         ; Inapplicable ; Inapplicable ; Pass         ; Inapplicable ; Inapplicable ; Inapplicable ; Inapplicable ; Inapplicable ; Inapplicable ; Pass      ; Inapplicable ; Inapplicable ;
; GPIO[1]            ; Pass      ; Inapplicable ; Pass      ; Inapplicable ; Inapplicable ; Pass      ; Pass      ; Inapplicable ; Pass      ; Pass      ; Inapplicable ; Inapplicable ; Inapplicable ; Inapplicable ; Pass         ; Inapplicable ; Inapplicable ; Pass         ; Inapplicable ; Inapplicable ; Pass         ; Inapplicable ; Inapplicable ; Inapplicable ; Inapplicable ; Inapplicable ; Inapplicable ; Pass      ; Inapplicable ; Inapplicable ;
; GPIO[2]            ; Pass      ; Inapplicable ; Pass      ; Inapplicable ; Inapplicable ; Pass      ; Pass      ; Inapplicable ; Pass      ; Pass      ; Inapplicable ; Inapplicable ; Inapplicable ; Inapplicable ; Pass         ; Inapplicable ; Inapplicable ; Pass         ; Inapplicable ; Inapplicable ; Pass         ; Inapplicable ; Inapplicable ; Inapplicable ; Inapplicable ; Inapplicable ; Inapplicable ; Pass      ; Inapplicable ; Inapplicable ;
; GPIO[3]            ; Pass      ; Inapplicable ; Pass      ; Inapplicable ; Inapplicable ; Pass      ; Pass      ; Inapplicable ; Pass      ; Pass      ; Inapplicable ; Inapplicable ; Inapplicable ; Inapplicable ; Pass         ; Inapplicable ; Inapplicable ; Pass         ; Inapplicable ; Inapplicable ; Pass         ; Inapplicable ; Inapplicable ; Inapplicable ; Inapplicable ; Inapplicable ; Inapplicable ; Pass      ; Inapplicable ; Inapplicable ;
; GPIO[4]            ; Pass      ; Inapplicable ; Pass      ; Inapplicable ; Inapplicable ; Pass      ; Pass      ; Inapplicable ; Pass      ; Pass      ; Inapplicable ; Inapplicable ; Inapplicable ; Inapplicable ; Pass         ; Inapplicable ; Inapplicable ; Pass         ; Inapplicable ; Inapplicable ; Pass         ; Inapplicable ; Inapplicable ; Inapplicable ; Inapplicable ; Inapplicable ; Inapplicable ; Pass      ; Inapplicable ; Inapplicable ;
; GPIO[5]            ; Pass      ; Inapplicable ; Pass      ; Inapplicable ; Inapplicable ; Pass      ; Pass      ; Inapplicable ; Pass      ; Pass      ; Inapplicable ; Inapplicable ; Inapplicable ; Inapplicable ; Pass         ; Inapplicable ; Inapplicable ; Pass         ; Inapplicable ; Inapplicable ; Pass         ; Inapplicable ; Inapplicable ; Inapplicable ; Inapplicable ; Inapplicable ; Inapplicable ; Pass      ; Inapplicable ; Inapplicable ;
; GPIO[6]            ; Pass      ; Inapplicable ; Pass      ; Inapplicable ; Inapplicable ; Pass      ; Pass      ; Inapplicable ; Pass      ; Pass      ; Inapplicable ; Inapplicable ; Inapplicable ; Inapplicable ; Pass         ; Inapplicable ; Inapplicable ; Pass         ; Inapplicable ; Inapplicable ; Pass         ; Inapplicable ; Inapplicable ; Inapplicable ; Inapplicable ; Inapplicable ; Inapplicable ; Pass      ; Inapplicable ; Inapplicable ;
; GPIO[7]            ; Pass      ; Inapplicable ; Pass      ; Inapplicable ; Inapplicable ; Pass      ; Pass      ; Inapplicable ; Pass      ; Pass      ; Inapplicable ; Inapplicable ; Inapplicable ; Inapplicable ; Pass         ; Inapplicable ; Inapplicable ; Pass         ; Inapplicable ; Inapplicable ; Pass         ; Inapplicable ; Inapplicable ; Inapplicable ; Inapplicable ; Inapplicable ; Inapplicable ; Pass      ; Inapplicable ; Inapplicable ;
; GPIO[8]            ; Pass      ; Inapplicable ; Pass      ; Inapplicable ; Inapplicable ; Pass      ; Pass      ; Inapplicable ; Pass      ; Pass      ; Inapplicable ; Inapplicable ; Inapplicable ; Inapplicable ; Pass         ; Inapplicable ; Inapplicable ; Pass         ; Inapplicable ; Inapplicable ; Pass         ; Inapplicable ; Inapplicable ; Inapplicable ; Inapplicable ; Inapplicable ; Inapplicable ; Pass      ; Inapplicable ; Inapplicable ;
; GPIO[9]            ; Pass      ; Inapplicable ; Pass      ; Inapplicable ; Inapplicable ; Pass      ; Pass      ; Inapplicable ; Pass      ; Pass      ; Inapplicable ; Inapplicable ; Inapplicable ; Inapplicable ; Pass         ; Inapplicable ; Inapplicable ; Pass         ; Inapplicable ; Inapplicable ; Pass         ; Inapplicable ; Inapplicable ; Inapplicable ; Inapplicable ; Inapplicable ; Inapplicable ; Pass      ; Inapplicable ; Inapplicable ;
; GPIO[10]           ; Pass      ; Inapplicable ; Pass      ; Inapplicable ; Inapplicable ; Pass      ; Pass      ; Inapplicable ; Pass      ; Pass      ; Inapplicable ; Inapplicable ; Inapplicable ; Inapplicable ; Pass         ; Inapplicable ; Inapplicable ; Pass         ; Inapplicable ; Inapplicable ; Pass         ; Inapplicable ; Inapplicable ; Inapplicable ; Inapplicable ; Inapplicable ; Inapplicable ; Pass      ; Inapplicable ; Inapplicable ;
; GPIO[11]           ; Pass      ; Inapplicable ; Pass      ; Inapplicable ; Inapplicable ; Pass      ; Pass      ; Inapplicable ; Pass      ; Pass      ; Inapplicable ; Inapplicable ; Inapplicable ; Inapplicable ; Pass         ; Inapplicable ; Inapplicable ; Pass         ; Inapplicable ; Inapplicable ; Pass         ; Inapplicable ; Inapplicable ; Inapplicable ; Inapplicable ; Inapplicable ; Inapplicable ; Pass      ; Inapplicable ; Inapplicable ;
; GPIO[12]           ; Pass      ; Inapplicable ; Pass      ; Inapplicable ; Inapplicable ; Pass      ; Pass      ; Inapplicable ; Pass      ; Pass      ; Inapplicable ; Inapplicable ; Inapplicable ; Inapplicable ; Pass         ; Inapplicable ; Inapplicable ; Pass         ; Inapplicable ; Inapplicable ; Pass         ; Inapplicable ; Inapplicable ; Inapplicable ; Inapplicable ; Inapplicable ; Inapplicable ; Pass      ; Inapplicable ; Inapplicable ;
; GPIO[13]           ; Pass      ; Inapplicable ; Pass      ; Inapplicable ; Inapplicable ; Pass      ; Pass      ; Inapplicable ; Pass      ; Pass      ; Inapplicable ; Inapplicable ; Inapplicable ; Inapplicable ; Pass         ; Inapplicable ; Inapplicable ; Pass         ; Inapplicable ; Inapplicable ; Pass         ; Inapplicable ; Inapplicable ; Inapplicable ; Inapplicable ; Inapplicable ; Inapplicable ; Pass      ; Inapplicable ; Inapplicable ;
; GPIO[14]           ; Pass      ; Inapplicable ; Pass      ; Inapplicable ; Inapplicable ; Pass      ; Pass      ; Inapplicable ; Pass      ; Pass      ; Inapplicable ; Inapplicable ; Inapplicable ; Inapplicable ; Pass         ; Inapplicable ; Inapplicable ; Pass         ; Inapplicable ; Inapplicable ; Pass         ; Inapplicable ; Inapplicable ; Inapplicable ; Inapplicable ; Inapplicable ; Inapplicable ; Pass      ; Inapplicable ; Inapplicable ;
; GPIO[15]           ; Pass      ; Inapplicable ; Pass      ; Inapplicable ; Inapplicable ; Pass      ; Pass      ; Inapplicable ; Pass      ; Pass      ; Inapplicable ; Inapplicable ; Inapplicable ; Inapplicable ; Pass         ; Inapplicable ; Inapplicable ; Pass         ; Inapplicable ; Inapplicable ; Pass         ; Inapplicable ; Inapplicable ; Inapplicable ; Inapplicable ; Inapplicable ; Inapplicable ; Pass      ; Inapplicable ; Inapplicable ;
; GPIO[16]           ; Pass      ; Inapplicable ; Pass      ; Inapplicable ; Inapplicable ; Pass      ; Pass      ; Inapplicable ; Pass      ; Pass      ; Inapplicable ; Inapplicable ; Inapplicable ; Inapplicable ; Pass         ; Inapplicable ; Inapplicable ; Pass         ; Inapplicable ; Inapplicable ; Pass         ; Inapplicable ; Inapplicable ; Inapplicable ; Inapplicable ; Inapplicable ; Inapplicable ; Pass      ; Inapplicable ; Inapplicable ;
; GPIO[17]           ; Pass      ; Inapplicable ; Pass      ; Inapplicable ; Inapplicable ; Pass      ; Pass      ; Inapplicable ; Pass      ; Pass      ; Inapplicable ; Inapplicable ; Inapplicable ; Inapplicable ; Pass         ; Inapplicable ; Inapplicable ; Pass         ; Inapplicable ; Inapplicable ; Pass         ; Inapplicable ; Inapplicable ; Inapplicable ; Inapplicable ; Inapplicable ; Inapplicable ; Pass      ; Inapplicable ; Inapplicable ;
; GPIO[18]           ; Pass      ; Inapplicable ; Pass      ; Inapplicable ; Inapplicable ; Pass      ; Pass      ; Inapplicable ; Pass      ; Pass      ; Inapplicable ; Inapplicable ; Inapplicable ; Inapplicable ; Pass         ; Inapplicable ; Inapplicable ; Pass         ; Inapplicable ; Inapplicable ; Pass         ; Inapplicable ; Inapplicable ; Inapplicable ; Inapplicable ; Inapplicable ; Inapplicable ; Pass      ; Inapplicable ; Inapplicable ;
; GPIO[19]           ; Pass      ; Inapplicable ; Pass      ; Inapplicable ; Inapplicable ; Pass      ; Pass      ; Inapplicable ; Pass      ; Pass      ; Inapplicable ; Inapplicable ; Inapplicable ; Inapplicable ; Pass         ; Inapplicable ; Inapplicable ; Pass         ; Inapplicable ; Inapplicable ; Pass         ; Inapplicable ; Inapplicable ; Inapplicable ; Inapplicable ; Inapplicable ; Inapplicable ; Pass      ; Inapplicable ; Inapplicable ;
; GPIO[20]           ; Pass      ; Inapplicable ; Pass      ; Inapplicable ; Inapplicable ; Pass      ; Pass      ; Inapplicable ; Pass      ; Pass      ; Inapplicable ; Inapplicable ; Inapplicable ; Inapplicable ; Pass         ; Inapplicable ; Inapplicable ; Pass         ; Inapplicable ; Inapplicable ; Pass         ; Inapplicable ; Inapplicable ; Inapplicable ; Inapplicable ; Inapplicable ; Inapplicable ; Pass      ; Inapplicable ; Inapplicable ;
; GPIO[21]           ; Pass      ; Inapplicable ; Pass      ; Inapplicable ; Inapplicable ; Pass      ; Pass      ; Inapplicable ; Pass      ; Pass      ; Inapplicable ; Inapplicable ; Inapplicable ; Inapplicable ; Pass         ; Inapplicable ; Inapplicable ; Pass         ; Inapplicable ; Inapplicable ; Pass         ; Inapplicable ; Inapplicable ; Inapplicable ; Inapplicable ; Inapplicable ; Inapplicable ; Pass      ; Inapplicable ; Inapplicable ;
; GPIO[22]           ; Pass      ; Inapplicable ; Pass      ; Inapplicable ; Inapplicable ; Pass      ; Pass      ; Inapplicable ; Pass      ; Pass      ; Inapplicable ; Inapplicable ; Inapplicable ; Inapplicable ; Pass         ; Inapplicable ; Inapplicable ; Pass         ; Inapplicable ; Inapplicable ; Pass         ; Inapplicable ; Inapplicable ; Inapplicable ; Inapplicable ; Inapplicable ; Inapplicable ; Pass      ; Inapplicable ; Inapplicable ;
; GPIO[23]           ; Pass      ; Inapplicable ; Pass      ; Inapplicable ; Inapplicable ; Pass      ; Pass      ; Inapplicable ; Pass      ; Pass      ; Inapplicable ; Inapplicable ; Inapplicable ; Inapplicable ; Pass         ; Inapplicable ; Inapplicable ; Pass         ; Inapplicable ; Inapplicable ; Pass         ; Inapplicable ; Inapplicable ; Inapplicable ; Inapplicable ; Inapplicable ; Inapplicable ; Pass      ; Inapplicable ; Inapplicable ;
; GPIO[24]           ; Pass      ; Inapplicable ; Pass      ; Inapplicable ; Inapplicable ; Pass      ; Pass      ; Inapplicable ; Pass      ; Pass      ; Inapplicable ; Inapplicable ; Inapplicable ; Inapplicable ; Pass         ; Inapplicable ; Inapplicable ; Pass         ; Inapplicable ; Inapplicable ; Pass         ; Inapplicable ; Inapplicable ; Inapplicable ; Inapplicable ; Inapplicable ; Inapplicable ; Pass      ; Inapplicable ; Inapplicable ;
; GPIO[25]           ; Pass      ; Inapplicable ; Pass      ; Inapplicable ; Inapplicable ; Pass      ; Pass      ; Inapplicable ; Pass      ; Pass      ; Inapplicable ; Inapplicable ; Inapplicable ; Inapplicable ; Pass         ; Inapplicable ; Inapplicable ; Pass         ; Inapplicable ; Inapplicable ; Pass         ; Inapplicable ; Inapplicable ; Inapplicable ; Inapplicable ; Inapplicable ; Inapplicable ; Pass      ; Inapplicable ; Inapplicable ;
; GPIO[26]           ; Pass      ; Inapplicable ; Pass      ; Inapplicable ; Inapplicable ; Pass      ; Pass      ; Inapplicable ; Pass      ; Pass      ; Inapplicable ; Inapplicable ; Inapplicable ; Inapplicable ; Pass         ; Inapplicable ; Inapplicable ; Pass         ; Inapplicable ; Inapplicable ; Pass         ; Inapplicable ; Inapplicable ; Inapplicable ; Inapplicable ; Inapplicable ; Inapplicable ; Pass      ; Inapplicable ; Inapplicable ;
; GPIO[27]           ; Pass      ; Inapplicable ; Pass      ; Inapplicable ; Inapplicable ; Pass      ; Pass      ; Inapplicable ; Pass      ; Pass      ; Inapplicable ; Inapplicable ; Inapplicable ; Inapplicable ; Pass         ; Inapplicable ; Inapplicable ; Pass         ; Inapplicable ; Inapplicable ; Pass         ; Inapplicable ; Inapplicable ; Inapplicable ; Inapplicable ; Inapplicable ; Inapplicable ; Pass      ; Inapplicable ; Inapplicable ;
; GPIO[28]           ; Pass      ; Inapplicable ; Pass      ; Inapplicable ; Inapplicable ; Pass      ; Pass      ; Inapplicable ; Pass      ; Pass      ; Inapplicable ; Inapplicable ; Inapplicable ; Inapplicable ; Pass         ; Inapplicable ; Inapplicable ; Pass         ; Inapplicable ; Inapplicable ; Pass         ; Inapplicable ; Inapplicable ; Inapplicable ; Inapplicable ; Inapplicable ; Inapplicable ; Pass      ; Inapplicable ; Inapplicable ;
; GPIO[29]           ; Pass      ; Inapplicable ; Pass      ; Inapplicable ; Inapplicable ; Pass      ; Pass      ; Inapplicable ; Pass      ; Pass      ; Inapplicable ; Inapplicable ; Inapplicable ; Inapplicable ; Pass         ; Inapplicable ; Inapplicable ; Pass         ; Inapplicable ; Inapplicable ; Pass         ; Inapplicable ; Inapplicable ; Inapplicable ; Inapplicable ; Inapplicable ; Inapplicable ; Pass      ; Inapplicable ; Inapplicable ;
; GPIO[30]           ; Pass      ; Inapplicable ; Pass      ; Inapplicable ; Inapplicable ; Pass      ; Pass      ; Inapplicable ; Pass      ; Pass      ; Inapplicable ; Inapplicable ; Inapplicable ; Inapplicable ; Pass         ; Inapplicable ; Inapplicable ; Pass         ; Inapplicable ; Inapplicable ; Pass         ; Inapplicable ; Inapplicable ; Inapplicable ; Inapplicable ; Inapplicable ; Inapplicable ; Pass      ; Inapplicable ; Inapplicable ;
; GPIO[31]           ; Pass      ; Inapplicable ; Pass      ; Inapplicable ; Inapplicable ; Pass      ; Pass      ; Inapplicable ; Pass      ; Pass      ; Inapplicable ; Inapplicable ; Inapplicable ; Inapplicable ; Pass         ; Inapplicable ; Inapplicable ; Pass         ; Inapplicable ; Inapplicable ; Pass         ; Inapplicable ; Inapplicable ; Inapplicable ; Inapplicable ; Inapplicable ; Inapplicable ; Pass      ; Inapplicable ; Inapplicable ;
; GPIO[32]           ; Pass      ; Inapplicable ; Pass      ; Inapplicable ; Inapplicable ; Pass      ; Pass      ; Inapplicable ; Pass      ; Pass      ; Inapplicable ; Inapplicable ; Inapplicable ; Inapplicable ; Pass         ; Inapplicable ; Inapplicable ; Pass         ; Inapplicable ; Inapplicable ; Pass         ; Inapplicable ; Inapplicable ; Inapplicable ; Inapplicable ; Inapplicable ; Inapplicable ; Pass      ; Inapplicable ; Inapplicable ;
; GPIO[33]           ; Pass      ; Inapplicable ; Pass      ; Inapplicable ; Inapplicable ; Pass      ; Pass      ; Inapplicable ; Pass      ; Pass      ; Inapplicable ; Inapplicable ; Inapplicable ; Inapplicable ; Pass         ; Inapplicable ; Inapplicable ; Pass         ; Inapplicable ; Inapplicable ; Pass         ; Inapplicable ; Inapplicable ; Inapplicable ; Inapplicable ; Inapplicable ; Inapplicable ; Pass      ; Inapplicable ; Inapplicable ;
; GPIO[34]           ; Pass      ; Inapplicable ; Pass      ; Inapplicable ; Inapplicable ; Pass      ; Pass      ; Inapplicable ; Pass      ; Pass      ; Inapplicable ; Inapplicable ; Inapplicable ; Inapplicable ; Pass         ; Inapplicable ; Inapplicable ; Pass         ; Inapplicable ; Inapplicable ; Pass         ; Inapplicable ; Inapplicable ; Inapplicable ; Inapplicable ; Inapplicable ; Inapplicable ; Pass      ; Inapplicable ; Inapplicable ;
; GPIO[35]           ; Pass      ; Inapplicable ; Pass      ; Inapplicable ; Inapplicable ; Pass      ; Pass      ; Inapplicable ; Pass      ; Pass      ; Inapplicable ; Inapplicable ; Inapplicable ; Inapplicable ; Pass         ; Inapplicable ; Inapplicable ; Pass         ; Inapplicable ; Inapplicable ; Pass         ; Inapplicable ; Inapplicable ; Inapplicable ; Inapplicable ; Inapplicable ; Inapplicable ; Pass      ; Inapplicable ; Inapplicable ;
; SW[3]              ; Pass      ; Inapplicable ; Pass      ; Inapplicable ; Inapplicable ; Pass      ; Pass      ; Inapplicable ; Pass      ; Pass      ; Inapplicable ; Inapplicable ; Inapplicable ; Inapplicable ; Pass         ; Inapplicable ; Inapplicable ; Pass         ; Inapplicable ; Inapplicable ; Inapplicable ; Inapplicable ; Inapplicable ; Inapplicable ; Inapplicable ; Inapplicable ; Inapplicable ; Pass      ; Inapplicable ; Inapplicable ;
; SW[2]              ; Pass      ; Inapplicable ; Pass      ; Inapplicable ; Inapplicable ; Pass      ; Pass      ; Inapplicable ; Pass      ; Pass      ; Inapplicable ; Inapplicable ; Inapplicable ; Inapplicable ; Pass         ; Inapplicable ; Inapplicable ; Pass         ; Inapplicable ; Inapplicable ; Inapplicable ; Inapplicable ; Inapplicable ; Inapplicable ; Inapplicable ; Inapplicable ; Inapplicable ; Pass      ; Inapplicable ; Inapplicable ;
; SW[5]              ; Pass      ; Inapplicable ; Pass      ; Inapplicable ; Inapplicable ; Pass      ; Pass      ; Inapplicable ; Pass      ; Pass      ; Inapplicable ; Inapplicable ; Inapplicable ; Inapplicable ; Pass         ; Inapplicable ; Inapplicable ; Pass         ; Inapplicable ; Inapplicable ; Inapplicable ; Inapplicable ; Inapplicable ; Inapplicable ; Inapplicable ; Inapplicable ; Inapplicable ; Pass      ; Inapplicable ; Inapplicable ;
; SW[4]              ; Pass      ; Inapplicable ; Pass      ; Inapplicable ; Inapplicable ; Pass      ; Pass      ; Inapplicable ; Pass      ; Pass      ; Inapplicable ; Inapplicable ; Inapplicable ; Inapplicable ; Pass         ; Inapplicable ; Inapplicable ; Pass         ; Inapplicable ; Inapplicable ; Inapplicable ; Inapplicable ; Inapplicable ; Inapplicable ; Inapplicable ; Inapplicable ; Inapplicable ; Pass      ; Inapplicable ; Inapplicable ;
; SW[7]              ; Pass      ; Inapplicable ; Pass      ; Inapplicable ; Inapplicable ; Pass      ; Pass      ; Inapplicable ; Pass      ; Pass      ; Inapplicable ; Inapplicable ; Inapplicable ; Inapplicable ; Pass         ; Inapplicable ; Inapplicable ; Pass         ; Inapplicable ; Inapplicable ; Inapplicable ; Inapplicable ; Inapplicable ; Inapplicable ; Inapplicable ; Inapplicable ; Inapplicable ; Pass      ; Inapplicable ; Inapplicable ;
; SW[6]              ; Pass      ; Inapplicable ; Pass      ; Inapplicable ; Inapplicable ; Pass      ; Pass      ; Inapplicable ; Pass      ; Pass      ; Inapplicable ; Inapplicable ; Inapplicable ; Inapplicable ; Pass         ; Inapplicable ; Inapplicable ; Pass         ; Inapplicable ; Inapplicable ; Inapplicable ; Inapplicable ; Inapplicable ; Inapplicable ; Inapplicable ; Inapplicable ; Inapplicable ; Pass      ; Inapplicable ; Inapplicable ;
; SW[9]              ; Pass      ; Inapplicable ; Pass      ; Inapplicable ; Inapplicable ; Pass      ; Pass      ; Inapplicable ; Pass      ; Pass      ; Inapplicable ; Inapplicable ; Inapplicable ; Inapplicable ; Pass         ; Inapplicable ; Inapplicable ; Pass         ; Inapplicable ; Inapplicable ; Inapplicable ; Inapplicable ; Inapplicable ; Inapplicable ; Inapplicable ; Inapplicable ; Inapplicable ; Pass      ; Inapplicable ; Inapplicable ;
; KEY[1]             ; Pass      ; Inapplicable ; Pass      ; Inapplicable ; Inapplicable ; Pass      ; Pass      ; Inapplicable ; Pass      ; Pass      ; Inapplicable ; Inapplicable ; Inapplicable ; Inapplicable ; Pass         ; Inapplicable ; Inapplicable ; Pass         ; Inapplicable ; Inapplicable ; Inapplicable ; Inapplicable ; Inapplicable ; Inapplicable ; Inapplicable ; Inapplicable ; Inapplicable ; Pass      ; Inapplicable ; Inapplicable ;
; KEY[0]             ; Pass      ; Inapplicable ; Pass      ; Inapplicable ; Inapplicable ; Pass      ; Pass      ; Inapplicable ; Pass      ; Pass      ; Inapplicable ; Inapplicable ; Inapplicable ; Inapplicable ; Pass         ; Inapplicable ; Inapplicable ; Pass         ; Inapplicable ; Inapplicable ; Inapplicable ; Inapplicable ; Inapplicable ; Inapplicable ; Inapplicable ; Inapplicable ; Inapplicable ; Pass      ; Inapplicable ; Inapplicable ;
+--------------------+-----------+--------------+-----------+--------------+--------------+-----------+-----------+--------------+-----------+-----------+--------------+--------------+--------------+--------------+--------------+--------------+--------------+--------------+--------------+--------------+--------------+--------------+--------------+--------------+--------------+--------------+--------------+-----------+--------------+--------------+


+-------------------------------------------------------------------------------------------+
; Fitter Device Options                                                                     ;
+------------------------------------------------------------------+------------------------+
; Option                                                           ; Setting                ;
+------------------------------------------------------------------+------------------------+
; Enable user-supplied start-up clock (CLKUSR)                     ; Off                    ;
; Enable device-wide reset (DEV_CLRn)                              ; Off                    ;
; Enable device-wide output enable (DEV_OE)                        ; Off                    ;
; Enable INIT_DONE output                                          ; Off                    ;
; Configuration scheme                                             ; Internal Configuration ;
; Enable Error Detection CRC_ERROR pin                             ; Off                    ;
; Enable open drain on CRC_ERROR pin                               ; Off                    ;
; Enable nCONFIG, nSTATUS, and CONF_DONE pins                      ; On                     ;
; Enable JTAG pin sharing                                          ; Off                    ;
; Enable nCE pin                                                   ; Off                    ;
; Enable CONFIG_SEL pin                                            ; On                     ;
; Enable input tri-state on active configuration pins in user mode ; Off                    ;
; Configuration Voltage Level                                      ; Auto                   ;
; Force Configuration Voltage Level                                ; Off                    ;
; Data[0]                                                          ; Unreserved             ;
; Data[1]/ASDO                                                     ; Unreserved             ;
; FLASH_nCE/nCSO                                                   ; Unreserved             ;
; DCLK                                                             ; Unreserved             ;
+------------------------------------------------------------------+------------------------+


+------------------------------------+
; Operating Settings and Conditions  ;
+---------------------------+--------+
; Setting                   ; Value  ;
+---------------------------+--------+
; Nominal Core Voltage      ; 1.20 V ;
; Low Junction Temperature  ; 0 °C   ;
; High Junction Temperature ; 85 °C  ;
+---------------------------+--------+


+-----------------+
; Fitter Messages ;
+-----------------+
Warning (18236): Number of processors has not been specified which may cause overloading on shared machines.  Set the global assignment NUM_PARALLEL_PROCESSORS in your QSF to an appropriate value for best performance.
Info (20030): Parallel compilation is enabled and will use 6 of the 6 processors detected
Info (119006): Selected device 10M50DAF484C7G for design "CEL_PROJECT"
Info (21077): Low junction temperature is 0 degrees C
Info (21077): High junction temperature is 85 degrees C
Info (171003): Fitter is performing an Auto Fit compilation, which may decrease Fitter effort to reduce compilation time
Warning (292013): Feature LogicLock is only available with a valid subscription license. You can purchase a software subscription to gain full access to this feature.
Info (176444): Device migration not selected. If you intend to use device migration later, you may need to change the pin assignments as they may be incompatible with other devices
    Info (176445): Device 10M08DAF484I7G is compatible
    Info (176445): Device 10M08DAF484I7P is compatible
    Info (176445): Device 10M16DAF484A7G is compatible
    Info (176445): Device 10M16DAF484C7G is compatible
    Info (176445): Device 10M16DAF484I7G is compatible
    Info (176445): Device 10M16DAF484I7P is compatible
    Info (176445): Device 10M25DAF484A7G is compatible
    Info (176445): Device 10M25DAF484C7G is compatible
    Info (176445): Device 10M25DAF484I7G is compatible
    Info (176445): Device 10M50DAF484I7G is compatible
    Info (176445): Device 10M50DAF484I7P is compatible
    Info (176445): Device 10M40DAF484C7G is compatible
    Info (176445): Device 10M40DAF484I7G is compatible
Info (169124): Fitter converted 8 user pins into dedicated programming pins
    Info (169125): Pin ~ALTERA_TMS~ is reserved at location H2
    Info (169125): Pin ~ALTERA_TCK~ is reserved at location G2
    Info (169125): Pin ~ALTERA_TDI~ is reserved at location L4
    Info (169125): Pin ~ALTERA_TDO~ is reserved at location M5
    Info (169125): Pin ~ALTERA_CONFIG_SEL~ is reserved at location H10
    Info (169125): Pin ~ALTERA_nCONFIG~ is reserved at location H9
    Info (169125): Pin ~ALTERA_nSTATUS~ is reserved at location G9
    Info (169125): Pin ~ALTERA_CONF_DONE~ is reserved at location F8
Info (169141): DATA[0] dual-purpose pin not reserved
Info (12825): Data[1]/ASDO dual-purpose pin not reserved
Info (12825): nCSO dual-purpose pin not reserved
Info (12825): DCLK dual-purpose pin not reserved
Warning (15714): Some pins have incomplete I/O assignments. Refer to the I/O Assignment Warnings report for details
Info (332104): Reading SDC File: 'CEL_PROJECT.SDC'
Info (332151): Clock uncertainty is not calculated until you update the timing netlist.
Warning (332060): Node: KEY[1] was determined to be a clock but was found without an associated clock assignment.
    Info (13166): Register my_computer:U1|riscvsingle:rvsingle|datapath:dp|flopr:pcreg|q[0] is being clocked by KEY[1]
Info (332154): The derive_clock_uncertainty command did not apply clock uncertainty to any clock-to-clock transfers.
Info (332129): Detected timing requirements -- optimizing circuit to achieve only the specified requirements
Info (332111): Found 3 clocks
    Info (332111):   Period   Clock Name
    Info (332111): ======== ============
    Info (332111):  100.000   ADC_CLK_10
    Info (332111):   20.000 MAX10_CLK1_50
    Info (332111):   20.000 MAX10_CLK2_50
Info (176233): Starting register packing
Info (176235): Finished register packing
    Extra Info (176219): No registers were packed into other blocks
Info (171121): Fitter preparation operations ending: elapsed time is 00:00:04
Info (14896): Fitter has disabled Advanced Physical Optimization because it is not supported for the current family.
Info (170189): Fitter placement preparation operations beginning
Info (170190): Fitter placement preparation operations ending: elapsed time is 00:00:01
Info (170191): Fitter placement operations beginning
Info (170137): Fitter placement was successful
Info (170192): Fitter placement operations ending: elapsed time is 00:00:02
Info (170193): Fitter routing operations beginning
Info (170195): Router estimated average interconnect usage is 6% of the available device resources
    Info (170196): Router estimated peak interconnect usage is 42% of the available device resources in the region that extends from location X33_Y22 to location X44_Y32
Info (170199): The Fitter performed an Auto Fit compilation.  Optimizations were skipped to reduce compilation time.
    Info (170201): Optimizations that may affect the design's routability were skipped
    Info (170200): Optimizations that may affect the design's timing were skipped
Info (170194): Fitter routing operations ending: elapsed time is 00:00:03
Info (11888): Total time spent on timing analysis during the Fitter is 0.28 seconds.
Info (334003): Started post-fitting delay annotation
Info (334004): Delay annotation completed successfully
Info (334003): Started post-fitting delay annotation
Info (334004): Delay annotation completed successfully
Info (11218): Fitter post-fit operations ending: elapsed time is 00:00:06
Warning (169177): 51 pins must meet Intel FPGA requirements for 3.3-, 3.0-, and 2.5-V interfaces. For more information, refer to AN 447: Interfacing MAX 10 Devices with 3.3/3.0/2.5-V LVTTL/LVCMOS I/O Systems.
    Info (169178): Pin ADC_CLK_10 uses I/O standard 3.3-V LVTTL at N5 File: C:/Users/onur/Desktop/CE_Lab2/CEL_PROJECT/cel_project.v Line: 4
    Info (169178): Pin MAX10_CLK1_50 uses I/O standard 3.3-V LVTTL at P11 File: C:/Users/onur/Desktop/CE_Lab2/CEL_PROJECT/cel_project.v Line: 5
    Info (169178): Pin MAX10_CLK2_50 uses I/O standard 3.3-V LVTTL at N14 File: C:/Users/onur/Desktop/CE_Lab2/CEL_PROJECT/cel_project.v Line: 6
    Info (169178): Pin SW[0] uses I/O standard 3.3-V LVTTL at C10 File: C:/Users/onur/Desktop/CE_Lab2/CEL_PROJECT/cel_project.v Line: 23
    Info (169178): Pin SW[1] uses I/O standard 3.3-V LVTTL at C11 File: C:/Users/onur/Desktop/CE_Lab2/CEL_PROJECT/cel_project.v Line: 23
    Info (169178): Pin SW[8] uses I/O standard 3.3-V LVTTL at B14 File: C:/Users/onur/Desktop/CE_Lab2/CEL_PROJECT/cel_project.v Line: 23
    Info (169178): Pin GPIO[0] uses I/O standard 3.3-V LVTTL at V10 File: C:/Users/onur/Desktop/CE_Lab2/CEL_PROJECT/cel_project.v Line: 27
    Info (169178): Pin GPIO[1] uses I/O standard 3.3-V LVTTL at W10 File: C:/Users/onur/Desktop/CE_Lab2/CEL_PROJECT/cel_project.v Line: 27
    Info (169178): Pin GPIO[2] uses I/O standard 3.3-V LVTTL at V9 File: C:/Users/onur/Desktop/CE_Lab2/CEL_PROJECT/cel_project.v Line: 27
    Info (169178): Pin GPIO[3] uses I/O standard 3.3-V LVTTL at W9 File: C:/Users/onur/Desktop/CE_Lab2/CEL_PROJECT/cel_project.v Line: 27
    Info (169178): Pin GPIO[4] uses I/O standard 3.3-V LVTTL at V8 File: C:/Users/onur/Desktop/CE_Lab2/CEL_PROJECT/cel_project.v Line: 27
    Info (169178): Pin GPIO[5] uses I/O standard 3.3-V LVTTL at W8 File: C:/Users/onur/Desktop/CE_Lab2/CEL_PROJECT/cel_project.v Line: 27
    Info (169178): Pin GPIO[6] uses I/O standard 3.3-V LVTTL at V7 File: C:/Users/onur/Desktop/CE_Lab2/CEL_PROJECT/cel_project.v Line: 27
    Info (169178): Pin GPIO[7] uses I/O standard 3.3-V LVTTL at W7 File: C:/Users/onur/Desktop/CE_Lab2/CEL_PROJECT/cel_project.v Line: 27
    Info (169178): Pin GPIO[8] uses I/O standard 3.3-V LVTTL at W6 File: C:/Users/onur/Desktop/CE_Lab2/CEL_PROJECT/cel_project.v Line: 27
    Info (169178): Pin GPIO[9] uses I/O standard 3.3-V LVTTL at V5 File: C:/Users/onur/Desktop/CE_Lab2/CEL_PROJECT/cel_project.v Line: 27
    Info (169178): Pin GPIO[10] uses I/O standard 3.3-V LVTTL at W5 File: C:/Users/onur/Desktop/CE_Lab2/CEL_PROJECT/cel_project.v Line: 27
    Info (169178): Pin GPIO[11] uses I/O standard 3.3-V LVTTL at AA15 File: C:/Users/onur/Desktop/CE_Lab2/CEL_PROJECT/cel_project.v Line: 27
    Info (169178): Pin GPIO[12] uses I/O standard 3.3-V LVTTL at AA14 File: C:/Users/onur/Desktop/CE_Lab2/CEL_PROJECT/cel_project.v Line: 27
    Info (169178): Pin GPIO[13] uses I/O standard 3.3-V LVTTL at W13 File: C:/Users/onur/Desktop/CE_Lab2/CEL_PROJECT/cel_project.v Line: 27
    Info (169178): Pin GPIO[14] uses I/O standard 3.3-V LVTTL at W12 File: C:/Users/onur/Desktop/CE_Lab2/CEL_PROJECT/cel_project.v Line: 27
    Info (169178): Pin GPIO[15] uses I/O standard 3.3-V LVTTL at AB13 File: C:/Users/onur/Desktop/CE_Lab2/CEL_PROJECT/cel_project.v Line: 27
    Info (169178): Pin GPIO[16] uses I/O standard 3.3-V LVTTL at AB12 File: C:/Users/onur/Desktop/CE_Lab2/CEL_PROJECT/cel_project.v Line: 27
    Info (169178): Pin GPIO[17] uses I/O standard 3.3-V LVTTL at Y11 File: C:/Users/onur/Desktop/CE_Lab2/CEL_PROJECT/cel_project.v Line: 27
    Info (169178): Pin GPIO[18] uses I/O standard 3.3-V LVTTL at AB11 File: C:/Users/onur/Desktop/CE_Lab2/CEL_PROJECT/cel_project.v Line: 27
    Info (169178): Pin GPIO[19] uses I/O standard 3.3-V LVTTL at W11 File: C:/Users/onur/Desktop/CE_Lab2/CEL_PROJECT/cel_project.v Line: 27
    Info (169178): Pin GPIO[20] uses I/O standard 3.3-V LVTTL at AB10 File: C:/Users/onur/Desktop/CE_Lab2/CEL_PROJECT/cel_project.v Line: 27
    Info (169178): Pin GPIO[21] uses I/O standard 3.3-V LVTTL at AA10 File: C:/Users/onur/Desktop/CE_Lab2/CEL_PROJECT/cel_project.v Line: 27
    Info (169178): Pin GPIO[22] uses I/O standard 3.3-V LVTTL at AA9 File: C:/Users/onur/Desktop/CE_Lab2/CEL_PROJECT/cel_project.v Line: 27
    Info (169178): Pin GPIO[23] uses I/O standard 3.3-V LVTTL at Y8 File: C:/Users/onur/Desktop/CE_Lab2/CEL_PROJECT/cel_project.v Line: 27
    Info (169178): Pin GPIO[24] uses I/O standard 3.3-V LVTTL at AA8 File: C:/Users/onur/Desktop/CE_Lab2/CEL_PROJECT/cel_project.v Line: 27
    Info (169178): Pin GPIO[25] uses I/O standard 3.3-V LVTTL at Y7 File: C:/Users/onur/Desktop/CE_Lab2/CEL_PROJECT/cel_project.v Line: 27
    Info (169178): Pin GPIO[26] uses I/O standard 3.3-V LVTTL at AA7 File: C:/Users/onur/Desktop/CE_Lab2/CEL_PROJECT/cel_project.v Line: 27
    Info (169178): Pin GPIO[27] uses I/O standard 3.3-V LVTTL at Y6 File: C:/Users/onur/Desktop/CE_Lab2/CEL_PROJECT/cel_project.v Line: 27
    Info (169178): Pin GPIO[28] uses I/O standard 3.3-V LVTTL at AA6 File: C:/Users/onur/Desktop/CE_Lab2/CEL_PROJECT/cel_project.v Line: 27
    Info (169178): Pin GPIO[29] uses I/O standard 3.3-V LVTTL at Y5 File: C:/Users/onur/Desktop/CE_Lab2/CEL_PROJECT/cel_project.v Line: 27
    Info (169178): Pin GPIO[30] uses I/O standard 3.3-V LVTTL at AA5 File: C:/Users/onur/Desktop/CE_Lab2/CEL_PROJECT/cel_project.v Line: 27
    Info (169178): Pin GPIO[31] uses I/O standard 3.3-V LVTTL at Y4 File: C:/Users/onur/Desktop/CE_Lab2/CEL_PROJECT/cel_project.v Line: 27
    Info (169178): Pin GPIO[32] uses I/O standard 3.3-V LVTTL at AB3 File: C:/Users/onur/Desktop/CE_Lab2/CEL_PROJECT/cel_project.v Line: 27
    Info (169178): Pin GPIO[33] uses I/O standard 3.3-V LVTTL at Y3 File: C:/Users/onur/Desktop/CE_Lab2/CEL_PROJECT/cel_project.v Line: 27
    Info (169178): Pin GPIO[34] uses I/O standard 3.3-V LVTTL at AB2 File: C:/Users/onur/Desktop/CE_Lab2/CEL_PROJECT/cel_project.v Line: 27
    Info (169178): Pin GPIO[35] uses I/O standard 3.3-V LVTTL at AA2 File: C:/Users/onur/Desktop/CE_Lab2/CEL_PROJECT/cel_project.v Line: 27
    Info (169178): Pin SW[3] uses I/O standard 3.3-V LVTTL at C12 File: C:/Users/onur/Desktop/CE_Lab2/CEL_PROJECT/cel_project.v Line: 23
    Info (169178): Pin SW[2] uses I/O standard 3.3-V LVTTL at D12 File: C:/Users/onur/Desktop/CE_Lab2/CEL_PROJECT/cel_project.v Line: 23
    Info (169178): Pin SW[5] uses I/O standard 3.3-V LVTTL at B12 File: C:/Users/onur/Desktop/CE_Lab2/CEL_PROJECT/cel_project.v Line: 23
    Info (169178): Pin SW[4] uses I/O standard 3.3-V LVTTL at A12 File: C:/Users/onur/Desktop/CE_Lab2/CEL_PROJECT/cel_project.v Line: 23
    Info (169178): Pin SW[7] uses I/O standard 3.3-V LVTTL at A14 File: C:/Users/onur/Desktop/CE_Lab2/CEL_PROJECT/cel_project.v Line: 23
    Info (169178): Pin SW[6] uses I/O standard 3.3-V LVTTL at A13 File: C:/Users/onur/Desktop/CE_Lab2/CEL_PROJECT/cel_project.v Line: 23
    Info (169178): Pin SW[9] uses I/O standard 3.3-V LVTTL at F15 File: C:/Users/onur/Desktop/CE_Lab2/CEL_PROJECT/cel_project.v Line: 23
    Info (169178): Pin KEY[1] uses I/O standard 3.3 V Schmitt Trigger at A7 File: C:/Users/onur/Desktop/CE_Lab2/CEL_PROJECT/cel_project.v Line: 17
    Info (169178): Pin KEY[0] uses I/O standard 3.3 V Schmitt Trigger at B8 File: C:/Users/onur/Desktop/CE_Lab2/CEL_PROJECT/cel_project.v Line: 17
Warning (169064): Following 36 pins have no output enable or a GND or VCC output enable - later changes to this connectivity may change fitting results
    Info (169065): Pin GPIO[0] has a permanently disabled output enable File: C:/Users/onur/Desktop/CE_Lab2/CEL_PROJECT/cel_project.v Line: 27
    Info (169065): Pin GPIO[1] has a permanently disabled output enable File: C:/Users/onur/Desktop/CE_Lab2/CEL_PROJECT/cel_project.v Line: 27
    Info (169065): Pin GPIO[2] has a permanently disabled output enable File: C:/Users/onur/Desktop/CE_Lab2/CEL_PROJECT/cel_project.v Line: 27
    Info (169065): Pin GPIO[3] has a permanently disabled output enable File: C:/Users/onur/Desktop/CE_Lab2/CEL_PROJECT/cel_project.v Line: 27
    Info (169065): Pin GPIO[4] has a permanently disabled output enable File: C:/Users/onur/Desktop/CE_Lab2/CEL_PROJECT/cel_project.v Line: 27
    Info (169065): Pin GPIO[5] has a permanently disabled output enable File: C:/Users/onur/Desktop/CE_Lab2/CEL_PROJECT/cel_project.v Line: 27
    Info (169065): Pin GPIO[6] has a permanently disabled output enable File: C:/Users/onur/Desktop/CE_Lab2/CEL_PROJECT/cel_project.v Line: 27
    Info (169065): Pin GPIO[7] has a permanently disabled output enable File: C:/Users/onur/Desktop/CE_Lab2/CEL_PROJECT/cel_project.v Line: 27
    Info (169065): Pin GPIO[8] has a permanently disabled output enable File: C:/Users/onur/Desktop/CE_Lab2/CEL_PROJECT/cel_project.v Line: 27
    Info (169065): Pin GPIO[9] has a permanently disabled output enable File: C:/Users/onur/Desktop/CE_Lab2/CEL_PROJECT/cel_project.v Line: 27
    Info (169065): Pin GPIO[10] has a permanently disabled output enable File: C:/Users/onur/Desktop/CE_Lab2/CEL_PROJECT/cel_project.v Line: 27
    Info (169065): Pin GPIO[11] has a permanently disabled output enable File: C:/Users/onur/Desktop/CE_Lab2/CEL_PROJECT/cel_project.v Line: 27
    Info (169065): Pin GPIO[12] has a permanently disabled output enable File: C:/Users/onur/Desktop/CE_Lab2/CEL_PROJECT/cel_project.v Line: 27
    Info (169065): Pin GPIO[13] has a permanently disabled output enable File: C:/Users/onur/Desktop/CE_Lab2/CEL_PROJECT/cel_project.v Line: 27
    Info (169065): Pin GPIO[14] has a permanently disabled output enable File: C:/Users/onur/Desktop/CE_Lab2/CEL_PROJECT/cel_project.v Line: 27
    Info (169065): Pin GPIO[15] has a permanently disabled output enable File: C:/Users/onur/Desktop/CE_Lab2/CEL_PROJECT/cel_project.v Line: 27
    Info (169065): Pin GPIO[16] has a permanently disabled output enable File: C:/Users/onur/Desktop/CE_Lab2/CEL_PROJECT/cel_project.v Line: 27
    Info (169065): Pin GPIO[17] has a permanently disabled output enable File: C:/Users/onur/Desktop/CE_Lab2/CEL_PROJECT/cel_project.v Line: 27
    Info (169065): Pin GPIO[18] has a permanently disabled output enable File: C:/Users/onur/Desktop/CE_Lab2/CEL_PROJECT/cel_project.v Line: 27
    Info (169065): Pin GPIO[19] has a permanently disabled output enable File: C:/Users/onur/Desktop/CE_Lab2/CEL_PROJECT/cel_project.v Line: 27
    Info (169065): Pin GPIO[20] has a permanently disabled output enable File: C:/Users/onur/Desktop/CE_Lab2/CEL_PROJECT/cel_project.v Line: 27
    Info (169065): Pin GPIO[21] has a permanently disabled output enable File: C:/Users/onur/Desktop/CE_Lab2/CEL_PROJECT/cel_project.v Line: 27
    Info (169065): Pin GPIO[22] has a permanently disabled output enable File: C:/Users/onur/Desktop/CE_Lab2/CEL_PROJECT/cel_project.v Line: 27
    Info (169065): Pin GPIO[23] has a permanently disabled output enable File: C:/Users/onur/Desktop/CE_Lab2/CEL_PROJECT/cel_project.v Line: 27
    Info (169065): Pin GPIO[24] has a permanently disabled output enable File: C:/Users/onur/Desktop/CE_Lab2/CEL_PROJECT/cel_project.v Line: 27
    Info (169065): Pin GPIO[25] has a permanently disabled output enable File: C:/Users/onur/Desktop/CE_Lab2/CEL_PROJECT/cel_project.v Line: 27
    Info (169065): Pin GPIO[26] has a permanently disabled output enable File: C:/Users/onur/Desktop/CE_Lab2/CEL_PROJECT/cel_project.v Line: 27
    Info (169065): Pin GPIO[27] has a permanently disabled output enable File: C:/Users/onur/Desktop/CE_Lab2/CEL_PROJECT/cel_project.v Line: 27
    Info (169065): Pin GPIO[28] has a permanently disabled output enable File: C:/Users/onur/Desktop/CE_Lab2/CEL_PROJECT/cel_project.v Line: 27
    Info (169065): Pin GPIO[29] has a permanently disabled output enable File: C:/Users/onur/Desktop/CE_Lab2/CEL_PROJECT/cel_project.v Line: 27
    Info (169065): Pin GPIO[30] has a permanently disabled output enable File: C:/Users/onur/Desktop/CE_Lab2/CEL_PROJECT/cel_project.v Line: 27
    Info (169065): Pin GPIO[31] has a permanently disabled output enable File: C:/Users/onur/Desktop/CE_Lab2/CEL_PROJECT/cel_project.v Line: 27
    Info (169065): Pin GPIO[32] has a permanently disabled output enable File: C:/Users/onur/Desktop/CE_Lab2/CEL_PROJECT/cel_project.v Line: 27
    Info (169065): Pin GPIO[33] has a permanently disabled output enable File: C:/Users/onur/Desktop/CE_Lab2/CEL_PROJECT/cel_project.v Line: 27
    Info (169065): Pin GPIO[34] has a permanently disabled output enable File: C:/Users/onur/Desktop/CE_Lab2/CEL_PROJECT/cel_project.v Line: 27
    Info (169065): Pin GPIO[35] has a permanently disabled output enable File: C:/Users/onur/Desktop/CE_Lab2/CEL_PROJECT/cel_project.v Line: 27
Info (144001): Generated suppressed messages file C:/Users/onur/Desktop/CE_Lab2/CEL_PROJECT/CEL_PROJECT.fit.smsg
Info: Quartus Prime Fitter was successful. 0 errors, 6 warnings
    Info: Peak virtual memory: 5849 megabytes
    Info: Processing ended: Tue Feb 25 09:18:11 2025
    Info: Elapsed time: 00:00:25
    Info: Total CPU time (on all processors): 00:00:49


+----------------------------+
; Fitter Suppressed Messages ;
+----------------------------+
The suppressed messages can be found in C:/Users/onur/Desktop/CE_Lab2/CEL_PROJECT/CEL_PROJECT.fit.smsg.


